solid OpenSCAD_Model
  facet normal -0.997872 0 0.0652057
    outer loop
      vertex 15.6855 0 7.7781
      vertex 15.7 3.7 8
      vertex 15.6855 3.7 7.7781
    endloop
  endfacet
  facet normal -0.997872 0 0.0652057
    outer loop
      vertex 15.7 3.7 8
      vertex 15.6855 0 7.7781
      vertex 15.7 0 8
    endloop
  endfacet
  facet normal 0.997872 -0 0.0652057
    outer loop
      vertex 12.3 0 8
      vertex 12.3145 3.7 7.7781
      vertex 12.3 3.7 8
    endloop
  endfacet
  facet normal 0.997872 0 0.0652057
    outer loop
      vertex 12.3145 3.7 7.7781
      vertex 12.3 0 8
      vertex 12.3145 0 7.7781
    endloop
  endfacet
  facet normal -0.0653848 0 0.99786
    outer loop
      vertex 14 3.7 6.3
      vertex 14.2219 0 6.31454
      vertex 14.2219 3.7 6.31454
    endloop
  endfacet
  facet normal -0.0653848 0 0.99786
    outer loop
      vertex 14.2219 0 6.31454
      vertex 14 3.7 6.3
      vertex 14 0 6.3
    endloop
  endfacet
  facet normal 0.0653848 0 -0.99786
    outer loop
      vertex 13.7781 0 9.68546
      vertex 14 3.7 9.7
      vertex 14 0 9.7
    endloop
  endfacet
  facet normal 0.0653848 0 -0.99786
    outer loop
      vertex 14 3.7 9.7
      vertex 13.7781 0 9.68546
      vertex 13.7781 3.7 9.68546
    endloop
  endfacet
  facet normal -0.659319 0 0.751863
    outer loop
      vertex 15.0349 3.7 6.6513
      vertex 15.2021 0 6.79792
      vertex 15.2021 3.7 6.79792
    endloop
  endfacet
  facet normal -0.659319 0 0.751863
    outer loop
      vertex 15.2021 0 6.79792
      vertex 15.0349 3.7 6.6513
      vertex 15.0349 0 6.6513
    endloop
  endfacet
  facet normal 0.659319 0 0.751863
    outer loop
      vertex 12.7979 3.7 6.79792
      vertex 12.9651 0 6.6513
      vertex 12.9651 3.7 6.6513
    endloop
  endfacet
  facet normal 0.659319 0 0.751863
    outer loop
      vertex 12.9651 0 6.6513
      vertex 12.7979 3.7 6.79792
      vertex 12.7979 0 6.79792
    endloop
  endfacet
  facet normal 0.321363 0 0.946956
    outer loop
      vertex 13.3494 3.7 6.4294
      vertex 13.56 0 6.35793
      vertex 13.56 3.7 6.35793
    endloop
  endfacet
  facet normal 0.321363 0 0.946956
    outer loop
      vertex 13.56 0 6.35793
      vertex 13.3494 3.7 6.4294
      vertex 13.3494 0 6.4294
    endloop
  endfacet
  facet normal -0.896789 0 0.442459
    outer loop
      vertex 15.4722 0 7.15
      vertex 15.5706 3.7 7.34944
      vertex 15.4722 3.7 7.15
    endloop
  endfacet
  facet normal -0.896789 0 0.442459
    outer loop
      vertex 15.5706 3.7 7.34944
      vertex 15.4722 0 7.15
      vertex 15.5706 0 7.34944
    endloop
  endfacet
  facet normal -0.980769 0 0.195173
    outer loop
      vertex 15.6421 0 7.56001
      vertex 15.6855 3.7 7.7781
      vertex 15.6421 3.7 7.56001
    endloop
  endfacet
  facet normal -0.980769 0 0.195173
    outer loop
      vertex 15.6855 3.7 7.7781
      vertex 15.6421 0 7.56001
      vertex 15.6855 0 7.7781
    endloop
  endfacet
  facet normal -0.831552 0 0.555447
    outer loop
      vertex 15.3487 0 6.96511
      vertex 15.4722 3.7 7.15
      vertex 15.3487 3.7 6.96511
    endloop
  endfacet
  facet normal -0.831552 0 0.555447
    outer loop
      vertex 15.4722 3.7 7.15
      vertex 15.3487 0 6.96511
      vertex 15.4722 0 7.15
    endloop
  endfacet
  facet normal -0.321363 0 0.946956
    outer loop
      vertex 14.44 3.7 6.35793
      vertex 14.6506 0 6.4294
      vertex 14.6506 3.7 6.4294
    endloop
  endfacet
  facet normal -0.321363 0 0.946956
    outer loop
      vertex 14.6506 0 6.4294
      vertex 14.44 3.7 6.35793
      vertex 14.44 0 6.35793
    endloop
  endfacet
  facet normal -0.195122 0 0.980779
    outer loop
      vertex 14.2219 3.7 6.31454
      vertex 14.44 0 6.35793
      vertex 14.44 3.7 6.35793
    endloop
  endfacet
  facet normal -0.195122 0 0.980779
    outer loop
      vertex 14.44 0 6.35793
      vertex 14.2219 3.7 6.31454
      vertex 14.2219 0 6.31454
    endloop
  endfacet
  facet normal -0.442386 0 0.896825
    outer loop
      vertex 14.6506 3.7 6.4294
      vertex 14.85 0 6.52776
      vertex 14.85 3.7 6.52776
    endloop
  endfacet
  facet normal -0.442386 0 0.896825
    outer loop
      vertex 14.85 0 6.52776
      vertex 14.6506 3.7 6.4294
      vertex 14.6506 0 6.4294
    endloop
  endfacet
  facet normal 0.831552 -0 0.555447
    outer loop
      vertex 12.5278 0 7.15
      vertex 12.6513 3.7 6.96511
      vertex 12.5278 3.7 7.15
    endloop
  endfacet
  facet normal 0.831552 0 0.555447
    outer loop
      vertex 12.6513 3.7 6.96511
      vertex 12.5278 0 7.15
      vertex 12.6513 0 6.96511
    endloop
  endfacet
  facet normal 0.751888 -0 0.659291
    outer loop
      vertex 12.6513 0 6.96511
      vertex 12.7979 3.7 6.79792
      vertex 12.6513 3.7 6.96511
    endloop
  endfacet
  facet normal 0.751888 0 0.659291
    outer loop
      vertex 12.7979 3.7 6.79792
      vertex 12.6513 0 6.96511
      vertex 12.7979 0 6.79792
    endloop
  endfacet
  facet normal 0.946901 -0 0.321525
    outer loop
      vertex 12.3579 0 7.56001
      vertex 12.4294 3.7 7.34944
      vertex 12.3579 3.7 7.56001
    endloop
  endfacet
  facet normal 0.946901 0 0.321525
    outer loop
      vertex 12.4294 3.7 7.34944
      vertex 12.3579 0 7.56001
      vertex 12.4294 0 7.34944
    endloop
  endfacet
  facet normal 0.555551 0 0.831483
    outer loop
      vertex 12.9651 3.7 6.6513
      vertex 13.15 0 6.52776
      vertex 13.15 3.7 6.52776
    endloop
  endfacet
  facet normal 0.555551 0 0.831483
    outer loop
      vertex 13.15 0 6.52776
      vertex 12.9651 3.7 6.6513
      vertex 12.9651 0 6.6513
    endloop
  endfacet
  facet normal 0.195122 0 0.980779
    outer loop
      vertex 13.56 3.7 6.35793
      vertex 13.7781 0 6.31454
      vertex 13.7781 3.7 6.31454
    endloop
  endfacet
  facet normal 0.195122 0 0.980779
    outer loop
      vertex 13.7781 0 6.31454
      vertex 13.56 3.7 6.35793
      vertex 13.56 0 6.35793
    endloop
  endfacet
  facet normal -0.751888 0 -0.659291
    outer loop
      vertex 15.3487 0 9.03489
      vertex 15.2021 3.7 9.20208
      vertex 15.3487 3.7 9.03489
    endloop
  endfacet
  facet normal -0.751888 -0 -0.659291
    outer loop
      vertex 15.2021 3.7 9.20208
      vertex 15.3487 0 9.03489
      vertex 15.2021 0 9.20208
    endloop
  endfacet
  facet normal -0.98077 0 -0.195165
    outer loop
      vertex 15.6855 0 8.22189
      vertex 15.6421 3.7 8.43999
      vertex 15.6855 3.7 8.22189
    endloop
  endfacet
  facet normal -0.98077 -0 -0.195165
    outer loop
      vertex 15.6421 3.7 8.43999
      vertex 15.6855 0 8.22189
      vertex 15.6421 0 8.43999
    endloop
  endfacet
  facet normal 0.659319 0 -0.751863
    outer loop
      vertex 12.7979 0 9.20208
      vertex 12.9651 3.7 9.3487
      vertex 12.9651 0 9.3487
    endloop
  endfacet
  facet normal 0.659319 0 -0.751863
    outer loop
      vertex 12.9651 3.7 9.3487
      vertex 12.7979 0 9.20208
      vertex 12.7979 3.7 9.20208
    endloop
  endfacet
  facet normal 0.321403 0 -0.946943
    outer loop
      vertex 13.3494 0 9.57059
      vertex 13.56 3.7 9.64207
      vertex 13.56 0 9.64207
    endloop
  endfacet
  facet normal 0.321403 0 -0.946943
    outer loop
      vertex 13.56 3.7 9.64207
      vertex 13.3494 0 9.57059
      vertex 13.3494 3.7 9.57059
    endloop
  endfacet
  facet normal 0.751888 0 -0.659291
    outer loop
      vertex 12.7979 0 9.20208
      vertex 12.6513 3.7 9.03489
      vertex 12.7979 3.7 9.20208
    endloop
  endfacet
  facet normal 0.751888 0 -0.659291
    outer loop
      vertex 12.6513 3.7 9.03489
      vertex 12.7979 0 9.20208
      vertex 12.6513 0 9.03489
    endloop
  endfacet
  facet normal -0.946901 0 0.321525
    outer loop
      vertex 15.5706 0 7.34944
      vertex 15.6421 3.7 7.56001
      vertex 15.5706 3.7 7.34944
    endloop
  endfacet
  facet normal -0.946901 0 0.321525
    outer loop
      vertex 15.6421 3.7 7.56001
      vertex 15.5706 0 7.34944
      vertex 15.6421 0 7.56001
    endloop
  endfacet
  facet normal -0.555551 0 0.831483
    outer loop
      vertex 14.85 3.7 6.52776
      vertex 15.0349 0 6.6513
      vertex 15.0349 3.7 6.6513
    endloop
  endfacet
  facet normal -0.555551 0 0.831483
    outer loop
      vertex 15.0349 0 6.6513
      vertex 14.85 3.7 6.52776
      vertex 14.85 0 6.52776
    endloop
  endfacet
  facet normal 0.896789 -0 0.442459
    outer loop
      vertex 12.4294 0 7.34944
      vertex 12.5278 3.7 7.15
      vertex 12.4294 3.7 7.34944
    endloop
  endfacet
  facet normal 0.896789 0 0.442459
    outer loop
      vertex 12.5278 3.7 7.15
      vertex 12.4294 0 7.34944
      vertex 12.5278 0 7.15
    endloop
  endfacet
  facet normal 0.980769 -0 0.195173
    outer loop
      vertex 12.3145 0 7.7781
      vertex 12.3579 3.7 7.56001
      vertex 12.3145 3.7 7.7781
    endloop
  endfacet
  facet normal 0.980769 0 0.195173
    outer loop
      vertex 12.3579 3.7 7.56001
      vertex 12.3145 0 7.7781
      vertex 12.3579 0 7.56001
    endloop
  endfacet
  facet normal 0.0653848 0 0.99786
    outer loop
      vertex 13.7781 3.7 6.31454
      vertex 14 0 6.3
      vertex 14 3.7 6.3
    endloop
  endfacet
  facet normal 0.0653848 0 0.99786
    outer loop
      vertex 14 0 6.3
      vertex 13.7781 3.7 6.31454
      vertex 13.7781 0 6.31454
    endloop
  endfacet
  facet normal -0.997872 0 -0.0652086
    outer loop
      vertex 15.7 0 8
      vertex 15.6855 3.7 8.22189
      vertex 15.7 3.7 8
    endloop
  endfacet
  facet normal -0.997872 -0 -0.0652086
    outer loop
      vertex 15.6855 3.7 8.22189
      vertex 15.7 0 8
      vertex 15.6855 0 8.22189
    endloop
  endfacet
  facet normal -0.0653848 0 -0.99786
    outer loop
      vertex 14 0 9.7
      vertex 14.2219 3.7 9.68546
      vertex 14.2219 0 9.68546
    endloop
  endfacet
  facet normal -0.0653848 0 -0.99786
    outer loop
      vertex 14.2219 3.7 9.68546
      vertex 14 0 9.7
      vertex 14 3.7 9.7
    endloop
  endfacet
  facet normal -0.321403 0 -0.946943
    outer loop
      vertex 14.44 0 9.64207
      vertex 14.6506 3.7 9.57059
      vertex 14.6506 0 9.57059
    endloop
  endfacet
  facet normal -0.321403 0 -0.946943
    outer loop
      vertex 14.6506 3.7 9.57059
      vertex 14.44 0 9.64207
      vertex 14.44 3.7 9.64207
    endloop
  endfacet
  facet normal -0.442349 0 -0.896843
    outer loop
      vertex 14.6506 0 9.57059
      vertex 14.85 3.7 9.47224
      vertex 14.85 0 9.47224
    endloop
  endfacet
  facet normal -0.442349 0 -0.896843
    outer loop
      vertex 14.85 3.7 9.47224
      vertex 14.6506 0 9.57059
      vertex 14.6506 3.7 9.57059
    endloop
  endfacet
  facet normal -0.659319 0 -0.751863
    outer loop
      vertex 15.0349 0 9.3487
      vertex 15.2021 3.7 9.20208
      vertex 15.2021 0 9.20208
    endloop
  endfacet
  facet normal -0.659319 0 -0.751863
    outer loop
      vertex 15.2021 3.7 9.20208
      vertex 15.0349 0 9.3487
      vertex 15.0349 3.7 9.3487
    endloop
  endfacet
  facet normal -0.555551 0 -0.831483
    outer loop
      vertex 14.85 0 9.47224
      vertex 15.0349 3.7 9.3487
      vertex 15.0349 0 9.3487
    endloop
  endfacet
  facet normal -0.555551 0 -0.831483
    outer loop
      vertex 15.0349 3.7 9.3487
      vertex 14.85 0 9.47224
      vertex 14.85 3.7 9.47224
    endloop
  endfacet
  facet normal -0.946901 0 -0.321525
    outer loop
      vertex 15.6421 0 8.43999
      vertex 15.5706 3.7 8.65056
      vertex 15.6421 3.7 8.43999
    endloop
  endfacet
  facet normal -0.946901 -0 -0.321525
    outer loop
      vertex 15.5706 3.7 8.65056
      vertex 15.6421 0 8.43999
      vertex 15.5706 0 8.65056
    endloop
  endfacet
  facet normal -0.831552 0 -0.555447
    outer loop
      vertex 15.4722 0 8.85
      vertex 15.3487 3.7 9.03489
      vertex 15.4722 3.7 8.85
    endloop
  endfacet
  facet normal -0.831552 -0 -0.555447
    outer loop
      vertex 15.3487 3.7 9.03489
      vertex 15.4722 0 8.85
      vertex 15.3487 0 9.03489
    endloop
  endfacet
  facet normal -0.896789 0 -0.442459
    outer loop
      vertex 15.5706 0 8.65056
      vertex 15.4722 3.7 8.85
      vertex 15.5706 3.7 8.65056
    endloop
  endfacet
  facet normal -0.896789 -0 -0.442459
    outer loop
      vertex 15.4722 3.7 8.85
      vertex 15.5706 0 8.65056
      vertex 15.4722 0 8.85
    endloop
  endfacet
  facet normal 0.555551 0 -0.831483
    outer loop
      vertex 12.9651 0 9.3487
      vertex 13.15 3.7 9.47224
      vertex 13.15 0 9.47224
    endloop
  endfacet
  facet normal 0.555551 0 -0.831483
    outer loop
      vertex 13.15 3.7 9.47224
      vertex 12.9651 0 9.3487
      vertex 12.9651 3.7 9.3487
    endloop
  endfacet
  facet normal 0.195122 0 -0.980779
    outer loop
      vertex 13.56 0 9.64207
      vertex 13.7781 3.7 9.68546
      vertex 13.7781 0 9.68546
    endloop
  endfacet
  facet normal 0.195122 0 -0.980779
    outer loop
      vertex 13.7781 3.7 9.68546
      vertex 13.56 0 9.64207
      vertex 13.56 3.7 9.64207
    endloop
  endfacet
  facet normal 0.896789 0 -0.442459
    outer loop
      vertex 12.5278 0 8.85
      vertex 12.4294 3.7 8.65056
      vertex 12.5278 3.7 8.85
    endloop
  endfacet
  facet normal 0.896789 0 -0.442459
    outer loop
      vertex 12.4294 3.7 8.65056
      vertex 12.5278 0 8.85
      vertex 12.4294 0 8.65056
    endloop
  endfacet
  facet normal 0.946901 0 -0.321525
    outer loop
      vertex 12.4294 0 8.65056
      vertex 12.3579 3.7 8.43999
      vertex 12.4294 3.7 8.65056
    endloop
  endfacet
  facet normal 0.946901 0 -0.321525
    outer loop
      vertex 12.3579 3.7 8.43999
      vertex 12.4294 0 8.65056
      vertex 12.3579 0 8.43999
    endloop
  endfacet
  facet normal 0.997872 0 -0.0652086
    outer loop
      vertex 12.3145 0 8.22189
      vertex 12.3 3.7 8
      vertex 12.3145 3.7 8.22189
    endloop
  endfacet
  facet normal 0.997872 0 -0.0652086
    outer loop
      vertex 12.3 3.7 8
      vertex 12.3145 0 8.22189
      vertex 12.3 0 8
    endloop
  endfacet
  facet normal -0.751888 0 0.659291
    outer loop
      vertex 15.2021 0 6.79792
      vertex 15.3487 3.7 6.96511
      vertex 15.2021 3.7 6.79792
    endloop
  endfacet
  facet normal -0.751888 0 0.659291
    outer loop
      vertex 15.3487 3.7 6.96511
      vertex 15.2021 0 6.79792
      vertex 15.3487 0 6.96511
    endloop
  endfacet
  facet normal 0.442386 0 0.896825
    outer loop
      vertex 13.15 3.7 6.52776
      vertex 13.3494 0 6.4294
      vertex 13.3494 3.7 6.4294
    endloop
  endfacet
  facet normal 0.442386 0 0.896825
    outer loop
      vertex 13.3494 0 6.4294
      vertex 13.15 3.7 6.52776
      vertex 13.15 0 6.52776
    endloop
  endfacet
  facet normal -0.195122 0 -0.980779
    outer loop
      vertex 14.2219 0 9.68546
      vertex 14.44 3.7 9.64207
      vertex 14.44 0 9.64207
    endloop
  endfacet
  facet normal -0.195122 0 -0.980779
    outer loop
      vertex 14.44 3.7 9.64207
      vertex 14.2219 0 9.68546
      vertex 14.2219 3.7 9.68546
    endloop
  endfacet
  facet normal 0.442349 0 -0.896843
    outer loop
      vertex 13.15 0 9.47224
      vertex 13.3494 3.7 9.57059
      vertex 13.3494 0 9.57059
    endloop
  endfacet
  facet normal 0.442349 0 -0.896843
    outer loop
      vertex 13.3494 3.7 9.57059
      vertex 13.15 0 9.47224
      vertex 13.15 3.7 9.47224
    endloop
  endfacet
  facet normal 0.831552 0 -0.555447
    outer loop
      vertex 12.6513 0 9.03489
      vertex 12.5278 3.7 8.85
      vertex 12.6513 3.7 9.03489
    endloop
  endfacet
  facet normal 0.831552 0 -0.555447
    outer loop
      vertex 12.5278 3.7 8.85
      vertex 12.6513 0 9.03489
      vertex 12.5278 0 8.85
    endloop
  endfacet
  facet normal 0.98077 0 -0.195165
    outer loop
      vertex 12.3579 0 8.43999
      vertex 12.3145 3.7 8.22189
      vertex 12.3579 3.7 8.43999
    endloop
  endfacet
  facet normal 0.98077 0 -0.195165
    outer loop
      vertex 12.3145 3.7 8.22189
      vertex 12.3579 0 8.43999
      vertex 12.3145 0 8.22189
    endloop
  endfacet
  facet normal -0.997872 0 0.0652057
    outer loop
      vertex 15.6855 84.3 7.7781
      vertex 15.7 88 8
      vertex 15.6855 88 7.7781
    endloop
  endfacet
  facet normal -0.997872 0 0.0652057
    outer loop
      vertex 15.7 88 8
      vertex 15.6855 84.3 7.7781
      vertex 15.7 84.3 8
    endloop
  endfacet
  facet normal 0.997872 -0 0.0652057
    outer loop
      vertex 12.3 84.3 8
      vertex 12.3145 88 7.7781
      vertex 12.3 88 8
    endloop
  endfacet
  facet normal 0.997872 0 0.0652057
    outer loop
      vertex 12.3145 88 7.7781
      vertex 12.3 84.3 8
      vertex 12.3145 84.3 7.7781
    endloop
  endfacet
  facet normal -0.0653848 0 0.99786
    outer loop
      vertex 14 88 6.3
      vertex 14.2219 84.3 6.31454
      vertex 14.2219 88 6.31454
    endloop
  endfacet
  facet normal -0.0653848 0 0.99786
    outer loop
      vertex 14.2219 84.3 6.31454
      vertex 14 88 6.3
      vertex 14 84.3 6.3
    endloop
  endfacet
  facet normal 0.0653848 0 -0.99786
    outer loop
      vertex 13.7781 84.3 9.68546
      vertex 14 88 9.7
      vertex 14 84.3 9.7
    endloop
  endfacet
  facet normal 0.0653848 0 -0.99786
    outer loop
      vertex 14 88 9.7
      vertex 13.7781 84.3 9.68546
      vertex 13.7781 88 9.68546
    endloop
  endfacet
  facet normal 0.751888 0 -0.659291
    outer loop
      vertex 12.7979 84.3 9.20208
      vertex 12.6513 88 9.03489
      vertex 12.7979 88 9.20208
    endloop
  endfacet
  facet normal 0.751888 0 -0.659291
    outer loop
      vertex 12.6513 88 9.03489
      vertex 12.7979 84.3 9.20208
      vertex 12.6513 84.3 9.03489
    endloop
  endfacet
  facet normal -0.659319 0 0.751863
    outer loop
      vertex 15.0349 88 6.6513
      vertex 15.2021 84.3 6.79792
      vertex 15.2021 88 6.79792
    endloop
  endfacet
  facet normal -0.659319 0 0.751863
    outer loop
      vertex 15.2021 84.3 6.79792
      vertex 15.0349 88 6.6513
      vertex 15.0349 84.3 6.6513
    endloop
  endfacet
  facet normal 0.659319 0 0.751863
    outer loop
      vertex 12.7979 88 6.79792
      vertex 12.9651 84.3 6.6513
      vertex 12.9651 88 6.6513
    endloop
  endfacet
  facet normal 0.659319 0 0.751863
    outer loop
      vertex 12.9651 84.3 6.6513
      vertex 12.7979 88 6.79792
      vertex 12.7979 84.3 6.79792
    endloop
  endfacet
  facet normal 0.321363 0 0.946956
    outer loop
      vertex 13.3494 88 6.4294
      vertex 13.56 84.3 6.35793
      vertex 13.56 88 6.35793
    endloop
  endfacet
  facet normal 0.321363 0 0.946956
    outer loop
      vertex 13.56 84.3 6.35793
      vertex 13.3494 88 6.4294
      vertex 13.3494 84.3 6.4294
    endloop
  endfacet
  facet normal -0.896789 0 0.442459
    outer loop
      vertex 15.4722 84.3 7.15
      vertex 15.5706 88 7.34944
      vertex 15.4722 88 7.15
    endloop
  endfacet
  facet normal -0.896789 0 0.442459
    outer loop
      vertex 15.5706 88 7.34944
      vertex 15.4722 84.3 7.15
      vertex 15.5706 84.3 7.34944
    endloop
  endfacet
  facet normal -0.980769 0 0.195173
    outer loop
      vertex 15.6421 84.3 7.56001
      vertex 15.6855 88 7.7781
      vertex 15.6421 88 7.56001
    endloop
  endfacet
  facet normal -0.980769 0 0.195173
    outer loop
      vertex 15.6855 88 7.7781
      vertex 15.6421 84.3 7.56001
      vertex 15.6855 84.3 7.7781
    endloop
  endfacet
  facet normal -0.831552 0 0.555447
    outer loop
      vertex 15.3487 84.3 6.96511
      vertex 15.4722 88 7.15
      vertex 15.3487 88 6.96511
    endloop
  endfacet
  facet normal -0.831552 0 0.555447
    outer loop
      vertex 15.4722 88 7.15
      vertex 15.3487 84.3 6.96511
      vertex 15.4722 84.3 7.15
    endloop
  endfacet
  facet normal -0.321363 0 0.946956
    outer loop
      vertex 14.44 88 6.35793
      vertex 14.6506 84.3 6.4294
      vertex 14.6506 88 6.4294
    endloop
  endfacet
  facet normal -0.321363 0 0.946956
    outer loop
      vertex 14.6506 84.3 6.4294
      vertex 14.44 88 6.35793
      vertex 14.44 84.3 6.35793
    endloop
  endfacet
  facet normal -0.195122 0 0.980779
    outer loop
      vertex 14.2219 88 6.31454
      vertex 14.44 84.3 6.35793
      vertex 14.44 88 6.35793
    endloop
  endfacet
  facet normal -0.195122 0 0.980779
    outer loop
      vertex 14.44 84.3 6.35793
      vertex 14.2219 88 6.31454
      vertex 14.2219 84.3 6.31454
    endloop
  endfacet
  facet normal -0.442386 0 0.896825
    outer loop
      vertex 14.6506 88 6.4294
      vertex 14.85 84.3 6.52776
      vertex 14.85 88 6.52776
    endloop
  endfacet
  facet normal -0.442386 0 0.896825
    outer loop
      vertex 14.85 84.3 6.52776
      vertex 14.6506 88 6.4294
      vertex 14.6506 84.3 6.4294
    endloop
  endfacet
  facet normal 0.896789 -0 0.442459
    outer loop
      vertex 12.4294 84.3 7.34944
      vertex 12.5278 88 7.15
      vertex 12.4294 88 7.34944
    endloop
  endfacet
  facet normal 0.896789 0 0.442459
    outer loop
      vertex 12.5278 88 7.15
      vertex 12.4294 84.3 7.34944
      vertex 12.5278 84.3 7.15
    endloop
  endfacet
  facet normal 0.751888 -0 0.659291
    outer loop
      vertex 12.6513 84.3 6.96511
      vertex 12.7979 88 6.79792
      vertex 12.6513 88 6.96511
    endloop
  endfacet
  facet normal 0.751888 0 0.659291
    outer loop
      vertex 12.7979 88 6.79792
      vertex 12.6513 84.3 6.96511
      vertex 12.7979 84.3 6.79792
    endloop
  endfacet
  facet normal 0.946901 -0 0.321525
    outer loop
      vertex 12.3579 84.3 7.56001
      vertex 12.4294 88 7.34944
      vertex 12.3579 88 7.56001
    endloop
  endfacet
  facet normal 0.946901 0 0.321525
    outer loop
      vertex 12.4294 88 7.34944
      vertex 12.3579 84.3 7.56001
      vertex 12.4294 84.3 7.34944
    endloop
  endfacet
  facet normal 0.195122 0 0.980779
    outer loop
      vertex 13.56 88 6.35793
      vertex 13.7781 84.3 6.31454
      vertex 13.7781 88 6.31454
    endloop
  endfacet
  facet normal 0.195122 0 0.980779
    outer loop
      vertex 13.7781 84.3 6.31454
      vertex 13.56 88 6.35793
      vertex 13.56 84.3 6.35793
    endloop
  endfacet
  facet normal -0.98077 0 -0.195165
    outer loop
      vertex 15.6855 84.3 8.22189
      vertex 15.6421 88 8.43999
      vertex 15.6855 88 8.22189
    endloop
  endfacet
  facet normal -0.98077 -0 -0.195165
    outer loop
      vertex 15.6421 88 8.43999
      vertex 15.6855 84.3 8.22189
      vertex 15.6421 84.3 8.43999
    endloop
  endfacet
  facet normal 0.442349 0 -0.896843
    outer loop
      vertex 13.15 84.3 9.47224
      vertex 13.3494 88 9.57059
      vertex 13.3494 84.3 9.57059
    endloop
  endfacet
  facet normal 0.442349 0 -0.896843
    outer loop
      vertex 13.3494 88 9.57059
      vertex 13.15 84.3 9.47224
      vertex 13.15 88 9.47224
    endloop
  endfacet
  facet normal 0.659319 0 -0.751863
    outer loop
      vertex 12.7979 84.3 9.20208
      vertex 12.9651 88 9.3487
      vertex 12.9651 84.3 9.3487
    endloop
  endfacet
  facet normal 0.659319 0 -0.751863
    outer loop
      vertex 12.9651 88 9.3487
      vertex 12.7979 84.3 9.20208
      vertex 12.7979 88 9.20208
    endloop
  endfacet
  facet normal 0.321403 0 -0.946943
    outer loop
      vertex 13.3494 84.3 9.57059
      vertex 13.56 88 9.64207
      vertex 13.56 84.3 9.64207
    endloop
  endfacet
  facet normal 0.321403 0 -0.946943
    outer loop
      vertex 13.56 88 9.64207
      vertex 13.3494 84.3 9.57059
      vertex 13.3494 88 9.57059
    endloop
  endfacet
  facet normal -0.946901 0 0.321525
    outer loop
      vertex 15.5706 84.3 7.34944
      vertex 15.6421 88 7.56001
      vertex 15.5706 88 7.34944
    endloop
  endfacet
  facet normal -0.946901 0 0.321525
    outer loop
      vertex 15.6421 88 7.56001
      vertex 15.5706 84.3 7.34944
      vertex 15.6421 84.3 7.56001
    endloop
  endfacet
  facet normal -0.751888 0 0.659291
    outer loop
      vertex 15.2021 84.3 6.79792
      vertex 15.3487 88 6.96511
      vertex 15.2021 88 6.79792
    endloop
  endfacet
  facet normal -0.751888 0 0.659291
    outer loop
      vertex 15.3487 88 6.96511
      vertex 15.2021 84.3 6.79792
      vertex 15.3487 84.3 6.96511
    endloop
  endfacet
  facet normal -0.555551 0 0.831483
    outer loop
      vertex 14.85 88 6.52776
      vertex 15.0349 84.3 6.6513
      vertex 15.0349 88 6.6513
    endloop
  endfacet
  facet normal -0.555551 0 0.831483
    outer loop
      vertex 15.0349 84.3 6.6513
      vertex 14.85 88 6.52776
      vertex 14.85 84.3 6.52776
    endloop
  endfacet
  facet normal 0.831552 -0 0.555447
    outer loop
      vertex 12.5278 84.3 7.15
      vertex 12.6513 88 6.96511
      vertex 12.5278 88 7.15
    endloop
  endfacet
  facet normal 0.831552 0 0.555447
    outer loop
      vertex 12.6513 88 6.96511
      vertex 12.5278 84.3 7.15
      vertex 12.6513 84.3 6.96511
    endloop
  endfacet
  facet normal 0.980769 -0 0.195173
    outer loop
      vertex 12.3145 84.3 7.7781
      vertex 12.3579 88 7.56001
      vertex 12.3145 88 7.7781
    endloop
  endfacet
  facet normal 0.980769 0 0.195173
    outer loop
      vertex 12.3579 88 7.56001
      vertex 12.3145 84.3 7.7781
      vertex 12.3579 84.3 7.56001
    endloop
  endfacet
  facet normal 0.442386 0 0.896825
    outer loop
      vertex 13.15 88 6.52776
      vertex 13.3494 84.3 6.4294
      vertex 13.3494 88 6.4294
    endloop
  endfacet
  facet normal 0.442386 0 0.896825
    outer loop
      vertex 13.3494 84.3 6.4294
      vertex 13.15 88 6.52776
      vertex 13.15 84.3 6.52776
    endloop
  endfacet
  facet normal 0.555551 0 0.831483
    outer loop
      vertex 12.9651 88 6.6513
      vertex 13.15 84.3 6.52776
      vertex 13.15 88 6.52776
    endloop
  endfacet
  facet normal 0.555551 0 0.831483
    outer loop
      vertex 13.15 84.3 6.52776
      vertex 12.9651 88 6.6513
      vertex 12.9651 84.3 6.6513
    endloop
  endfacet
  facet normal 0.0653848 0 0.99786
    outer loop
      vertex 13.7781 88 6.31454
      vertex 14 84.3 6.3
      vertex 14 88 6.3
    endloop
  endfacet
  facet normal 0.0653848 0 0.99786
    outer loop
      vertex 14 84.3 6.3
      vertex 13.7781 88 6.31454
      vertex 13.7781 84.3 6.31454
    endloop
  endfacet
  facet normal -0.997872 0 -0.0652086
    outer loop
      vertex 15.7 84.3 8
      vertex 15.6855 88 8.22189
      vertex 15.7 88 8
    endloop
  endfacet
  facet normal -0.997872 -0 -0.0652086
    outer loop
      vertex 15.6855 88 8.22189
      vertex 15.7 84.3 8
      vertex 15.6855 84.3 8.22189
    endloop
  endfacet
  facet normal -0.0653848 0 -0.99786
    outer loop
      vertex 14 84.3 9.7
      vertex 14.2219 88 9.68546
      vertex 14.2219 84.3 9.68546
    endloop
  endfacet
  facet normal -0.0653848 0 -0.99786
    outer loop
      vertex 14.2219 88 9.68546
      vertex 14 84.3 9.7
      vertex 14 88 9.7
    endloop
  endfacet
  facet normal -0.321403 0 -0.946943
    outer loop
      vertex 14.44 84.3 9.64207
      vertex 14.6506 88 9.57059
      vertex 14.6506 84.3 9.57059
    endloop
  endfacet
  facet normal -0.321403 0 -0.946943
    outer loop
      vertex 14.6506 88 9.57059
      vertex 14.44 84.3 9.64207
      vertex 14.44 88 9.64207
    endloop
  endfacet
  facet normal -0.659319 0 -0.751863
    outer loop
      vertex 15.0349 84.3 9.3487
      vertex 15.2021 88 9.20208
      vertex 15.2021 84.3 9.20208
    endloop
  endfacet
  facet normal -0.659319 0 -0.751863
    outer loop
      vertex 15.2021 88 9.20208
      vertex 15.0349 84.3 9.3487
      vertex 15.0349 88 9.3487
    endloop
  endfacet
  facet normal -0.442349 0 -0.896843
    outer loop
      vertex 14.6506 84.3 9.57059
      vertex 14.85 88 9.47224
      vertex 14.85 84.3 9.47224
    endloop
  endfacet
  facet normal -0.442349 0 -0.896843
    outer loop
      vertex 14.85 88 9.47224
      vertex 14.6506 84.3 9.57059
      vertex 14.6506 88 9.57059
    endloop
  endfacet
  facet normal -0.831552 0 -0.555447
    outer loop
      vertex 15.4722 84.3 8.85
      vertex 15.3487 88 9.03489
      vertex 15.4722 88 8.85
    endloop
  endfacet
  facet normal -0.831552 -0 -0.555447
    outer loop
      vertex 15.3487 88 9.03489
      vertex 15.4722 84.3 8.85
      vertex 15.3487 84.3 9.03489
    endloop
  endfacet
  facet normal -0.946901 0 -0.321525
    outer loop
      vertex 15.6421 84.3 8.43999
      vertex 15.5706 88 8.65056
      vertex 15.6421 88 8.43999
    endloop
  endfacet
  facet normal -0.946901 -0 -0.321525
    outer loop
      vertex 15.5706 88 8.65056
      vertex 15.6421 84.3 8.43999
      vertex 15.5706 84.3 8.65056
    endloop
  endfacet
  facet normal 0.555551 0 -0.831483
    outer loop
      vertex 12.9651 84.3 9.3487
      vertex 13.15 88 9.47224
      vertex 13.15 84.3 9.47224
    endloop
  endfacet
  facet normal 0.555551 0 -0.831483
    outer loop
      vertex 13.15 88 9.47224
      vertex 12.9651 84.3 9.3487
      vertex 12.9651 88 9.3487
    endloop
  endfacet
  facet normal 0.195122 0 -0.980779
    outer loop
      vertex 13.56 84.3 9.64207
      vertex 13.7781 88 9.68546
      vertex 13.7781 84.3 9.68546
    endloop
  endfacet
  facet normal 0.195122 0 -0.980779
    outer loop
      vertex 13.7781 88 9.68546
      vertex 13.56 84.3 9.64207
      vertex 13.56 88 9.64207
    endloop
  endfacet
  facet normal 0.896789 0 -0.442459
    outer loop
      vertex 12.5278 84.3 8.85
      vertex 12.4294 88 8.65056
      vertex 12.5278 88 8.85
    endloop
  endfacet
  facet normal 0.896789 0 -0.442459
    outer loop
      vertex 12.4294 88 8.65056
      vertex 12.5278 84.3 8.85
      vertex 12.4294 84.3 8.65056
    endloop
  endfacet
  facet normal 0.946901 0 -0.321525
    outer loop
      vertex 12.4294 84.3 8.65056
      vertex 12.3579 88 8.43999
      vertex 12.4294 88 8.65056
    endloop
  endfacet
  facet normal 0.946901 0 -0.321525
    outer loop
      vertex 12.3579 88 8.43999
      vertex 12.4294 84.3 8.65056
      vertex 12.3579 84.3 8.43999
    endloop
  endfacet
  facet normal 0.997872 0 -0.0652086
    outer loop
      vertex 12.3145 84.3 8.22189
      vertex 12.3 88 8
      vertex 12.3145 88 8.22189
    endloop
  endfacet
  facet normal 0.997872 0 -0.0652086
    outer loop
      vertex 12.3 88 8
      vertex 12.3145 84.3 8.22189
      vertex 12.3 84.3 8
    endloop
  endfacet
  facet normal -0.195122 0 -0.980779
    outer loop
      vertex 14.2219 84.3 9.68546
      vertex 14.44 88 9.64207
      vertex 14.44 84.3 9.64207
    endloop
  endfacet
  facet normal -0.195122 0 -0.980779
    outer loop
      vertex 14.44 88 9.64207
      vertex 14.2219 84.3 9.68546
      vertex 14.2219 88 9.68546
    endloop
  endfacet
  facet normal -0.751888 0 -0.659291
    outer loop
      vertex 15.3487 84.3 9.03489
      vertex 15.2021 88 9.20208
      vertex 15.3487 88 9.03489
    endloop
  endfacet
  facet normal -0.751888 -0 -0.659291
    outer loop
      vertex 15.2021 88 9.20208
      vertex 15.3487 84.3 9.03489
      vertex 15.2021 84.3 9.20208
    endloop
  endfacet
  facet normal -0.555551 0 -0.831483
    outer loop
      vertex 14.85 84.3 9.47224
      vertex 15.0349 88 9.3487
      vertex 15.0349 84.3 9.3487
    endloop
  endfacet
  facet normal -0.555551 0 -0.831483
    outer loop
      vertex 15.0349 88 9.3487
      vertex 14.85 84.3 9.47224
      vertex 14.85 88 9.47224
    endloop
  endfacet
  facet normal -0.896789 0 -0.442459
    outer loop
      vertex 15.5706 84.3 8.65056
      vertex 15.4722 88 8.85
      vertex 15.5706 88 8.65056
    endloop
  endfacet
  facet normal -0.896789 -0 -0.442459
    outer loop
      vertex 15.4722 88 8.85
      vertex 15.5706 84.3 8.65056
      vertex 15.4722 84.3 8.85
    endloop
  endfacet
  facet normal 0.831552 0 -0.555447
    outer loop
      vertex 12.6513 84.3 9.03489
      vertex 12.5278 88 8.85
      vertex 12.6513 88 9.03489
    endloop
  endfacet
  facet normal 0.831552 0 -0.555447
    outer loop
      vertex 12.5278 88 8.85
      vertex 12.6513 84.3 9.03489
      vertex 12.5278 84.3 8.85
    endloop
  endfacet
  facet normal 0.98077 0 -0.195165
    outer loop
      vertex 12.3579 84.3 8.43999
      vertex 12.3145 88 8.22189
      vertex 12.3579 88 8.43999
    endloop
  endfacet
  facet normal 0.98077 0 -0.195165
    outer loop
      vertex 12.3145 88 8.22189
      vertex 12.3579 84.3 8.43999
      vertex 12.3145 84.3 8.22189
    endloop
  endfacet
  facet normal -0.997723 0 0.0674441
    outer loop
      vertex 105.685 0 7.7781
      vertex 105.7 3.7 8
      vertex 105.685 3.7 7.7781
    endloop
  endfacet
  facet normal -0.997723 0 0.0674441
    outer loop
      vertex 105.7 3.7 8
      vertex 105.685 0 7.7781
      vertex 105.7 0 8
    endloop
  endfacet
  facet normal 0.997723 -0 0.0674441
    outer loop
      vertex 102.3 0 8
      vertex 102.315 3.7 7.7781
      vertex 102.3 3.7 8
    endloop
  endfacet
  facet normal 0.997723 0 0.0674441
    outer loop
      vertex 102.315 3.7 7.7781
      vertex 102.3 0 8
      vertex 102.315 0 7.7781
    endloop
  endfacet
  facet normal -0.0653555 0 0.997862
    outer loop
      vertex 104 3.7 6.3
      vertex 104.222 0 6.31454
      vertex 104.222 3.7 6.31454
    endloop
  endfacet
  facet normal -0.0653555 0 0.997862
    outer loop
      vertex 104.222 0 6.31454
      vertex 104 3.7 6.3
      vertex 104 0 6.3
    endloop
  endfacet
  facet normal 0.750997 0 -0.660306
    outer loop
      vertex 102.798 0 9.20208
      vertex 102.651 3.7 9.03489
      vertex 102.798 3.7 9.20208
    endloop
  endfacet
  facet normal 0.750997 0 -0.660306
    outer loop
      vertex 102.651 3.7 9.03489
      vertex 102.798 0 9.20208
      vertex 102.651 0 9.03489
    endloop
  endfacet
  facet normal -0.659765 0 0.751472
    outer loop
      vertex 105.035 3.7 6.6513
      vertex 105.202 0 6.79792
      vertex 105.202 3.7 6.79792
    endloop
  endfacet
  facet normal -0.659765 0 0.751472
    outer loop
      vertex 105.202 0 6.79792
      vertex 105.035 3.7 6.6513
      vertex 105.035 0 6.6513
    endloop
  endfacet
  facet normal 0.659765 0 0.751472
    outer loop
      vertex 102.798 3.7 6.79792
      vertex 102.965 0 6.6513
      vertex 102.965 3.7 6.6513
    endloop
  endfacet
  facet normal 0.659765 0 0.751472
    outer loop
      vertex 102.965 0 6.6513
      vertex 102.798 3.7 6.79792
      vertex 102.798 0 6.79792
    endloop
  endfacet
  facet normal 0.320816 0 0.947141
    outer loop
      vertex 103.349 3.7 6.4294
      vertex 103.56 0 6.35793
      vertex 103.56 3.7 6.35793
    endloop
  endfacet
  facet normal 0.320816 0 0.947141
    outer loop
      vertex 103.56 0 6.35793
      vertex 103.349 3.7 6.4294
      vertex 103.349 0 6.4294
    endloop
  endfacet
  facet normal -0.895717 0 0.444625
    outer loop
      vertex 105.472 0 7.15
      vertex 105.571 3.7 7.34944
      vertex 105.472 3.7 7.15
    endloop
  endfacet
  facet normal -0.895717 0 0.444625
    outer loop
      vertex 105.571 3.7 7.34944
      vertex 105.472 0 7.15
      vertex 105.571 0 7.34944
    endloop
  endfacet
  facet normal -0.981112 0 0.193442
    outer loop
      vertex 105.642 0 7.56001
      vertex 105.685 3.7 7.7781
      vertex 105.642 3.7 7.56001
    endloop
  endfacet
  facet normal -0.981112 0 0.193442
    outer loop
      vertex 105.685 3.7 7.7781
      vertex 105.642 0 7.56001
      vertex 105.685 0 7.7781
    endloop
  endfacet
  facet normal -0.83259 0 0.553889
    outer loop
      vertex 105.349 0 6.96511
      vertex 105.472 3.7 7.15
      vertex 105.349 3.7 6.96511
    endloop
  endfacet
  facet normal -0.83259 0 0.553889
    outer loop
      vertex 105.472 3.7 7.15
      vertex 105.349 0 6.96511
      vertex 105.472 0 7.15
    endloop
  endfacet
  facet normal -0.320816 0 0.947141
    outer loop
      vertex 104.44 3.7 6.35793
      vertex 104.651 0 6.4294
      vertex 104.651 3.7 6.4294
    endloop
  endfacet
  facet normal -0.320816 0 0.947141
    outer loop
      vertex 104.651 0 6.4294
      vertex 104.44 3.7 6.35793
      vertex 104.44 0 6.35793
    endloop
  endfacet
  facet normal -0.195208 0 0.980762
    outer loop
      vertex 104.222 3.7 6.31454
      vertex 104.44 0 6.35793
      vertex 104.44 3.7 6.35793
    endloop
  endfacet
  facet normal -0.195208 0 0.980762
    outer loop
      vertex 104.44 0 6.35793
      vertex 104.222 3.7 6.31454
      vertex 104.222 0 6.31454
    endloop
  endfacet
  facet normal -0.4431 0 0.896472
    outer loop
      vertex 104.651 3.7 6.4294
      vertex 104.85 0 6.52776
      vertex 104.85 3.7 6.52776
    endloop
  endfacet
  facet normal -0.4431 0 0.896472
    outer loop
      vertex 104.85 0 6.52776
      vertex 104.651 3.7 6.4294
      vertex 104.651 0 6.4294
    endloop
  endfacet
  facet normal 0.895717 -0 0.444625
    outer loop
      vertex 102.429 0 7.34944
      vertex 102.528 3.7 7.15
      vertex 102.429 3.7 7.34944
    endloop
  endfacet
  facet normal 0.895717 0 0.444625
    outer loop
      vertex 102.528 3.7 7.15
      vertex 102.429 0 7.34944
      vertex 102.528 0 7.15
    endloop
  endfacet
  facet normal 0.750997 -0 0.660306
    outer loop
      vertex 102.651 0 6.96511
      vertex 102.798 3.7 6.79792
      vertex 102.651 3.7 6.96511
    endloop
  endfacet
  facet normal 0.750997 0 0.660306
    outer loop
      vertex 102.798 3.7 6.79792
      vertex 102.651 0 6.96511
      vertex 102.798 0 6.79792
    endloop
  endfacet
  facet normal 0.947584 -0 0.319506
    outer loop
      vertex 102.358 0 7.56001
      vertex 102.429 3.7 7.34944
      vertex 102.358 3.7 7.56001
    endloop
  endfacet
  facet normal 0.947584 0 0.319506
    outer loop
      vertex 102.429 3.7 7.34944
      vertex 102.358 0 7.56001
      vertex 102.429 0 7.34944
    endloop
  endfacet
  facet normal 0.195208 0 0.980762
    outer loop
      vertex 103.56 3.7 6.35793
      vertex 103.778 0 6.31454
      vertex 103.778 3.7 6.31454
    endloop
  endfacet
  facet normal 0.195208 0 0.980762
    outer loop
      vertex 103.778 0 6.31454
      vertex 103.56 3.7 6.35793
      vertex 103.56 0 6.35793
    endloop
  endfacet
  facet normal -0.981113 0 -0.193434
    outer loop
      vertex 105.685 0 8.22189
      vertex 105.642 3.7 8.43999
      vertex 105.685 3.7 8.22189
    endloop
  endfacet
  facet normal -0.981113 -0 -0.193434
    outer loop
      vertex 105.642 3.7 8.43999
      vertex 105.685 0 8.22189
      vertex 105.642 0 8.43999
    endloop
  endfacet
  facet normal 0.659765 0 -0.751472
    outer loop
      vertex 102.798 0 9.20208
      vertex 102.965 3.7 9.3487
      vertex 102.965 0 9.3487
    endloop
  endfacet
  facet normal 0.659765 0 -0.751472
    outer loop
      vertex 102.965 3.7 9.3487
      vertex 102.798 0 9.20208
      vertex 102.798 3.7 9.20208
    endloop
  endfacet
  facet normal 0.320856 0 -0.947128
    outer loop
      vertex 103.349 0 9.57059
      vertex 103.56 3.7 9.64207
      vertex 103.56 0 9.64207
    endloop
  endfacet
  facet normal 0.320856 0 -0.947128
    outer loop
      vertex 103.56 3.7 9.64207
      vertex 103.349 0 9.57059
      vertex 103.349 3.7 9.57059
    endloop
  endfacet
  facet normal -0.947584 0 0.319506
    outer loop
      vertex 105.571 0 7.34944
      vertex 105.642 3.7 7.56001
      vertex 105.571 3.7 7.34944
    endloop
  endfacet
  facet normal -0.947584 0 0.319506
    outer loop
      vertex 105.642 3.7 7.56001
      vertex 105.571 0 7.34944
      vertex 105.642 0 7.56001
    endloop
  endfacet
  facet normal -0.750997 0 0.660306
    outer loop
      vertex 105.202 0 6.79792
      vertex 105.349 3.7 6.96511
      vertex 105.202 3.7 6.79792
    endloop
  endfacet
  facet normal -0.750997 0 0.660306
    outer loop
      vertex 105.349 3.7 6.96511
      vertex 105.202 0 6.79792
      vertex 105.349 0 6.96511
    endloop
  endfacet
  facet normal -0.555343 0 0.831621
    outer loop
      vertex 104.85 3.7 6.52776
      vertex 105.035 0 6.6513
      vertex 105.035 3.7 6.6513
    endloop
  endfacet
  facet normal -0.555343 0 0.831621
    outer loop
      vertex 105.035 0 6.6513
      vertex 104.85 3.7 6.52776
      vertex 104.85 0 6.52776
    endloop
  endfacet
  facet normal 0.83259 -0 0.553889
    outer loop
      vertex 102.528 0 7.15
      vertex 102.651 3.7 6.96511
      vertex 102.528 3.7 7.15
    endloop
  endfacet
  facet normal 0.83259 0 0.553889
    outer loop
      vertex 102.651 3.7 6.96511
      vertex 102.528 0 7.15
      vertex 102.651 0 6.96511
    endloop
  endfacet
  facet normal 0.981112 -0 0.193442
    outer loop
      vertex 102.315 0 7.7781
      vertex 102.358 3.7 7.56001
      vertex 102.315 3.7 7.7781
    endloop
  endfacet
  facet normal 0.981112 0 0.193442
    outer loop
      vertex 102.358 3.7 7.56001
      vertex 102.315 0 7.7781
      vertex 102.358 0 7.56001
    endloop
  endfacet
  facet normal 0.4431 0 0.896472
    outer loop
      vertex 103.15 3.7 6.52776
      vertex 103.349 0 6.4294
      vertex 103.349 3.7 6.4294
    endloop
  endfacet
  facet normal 0.4431 0 0.896472
    outer loop
      vertex 103.349 0 6.4294
      vertex 103.15 3.7 6.52776
      vertex 103.15 0 6.52776
    endloop
  endfacet
  facet normal 0.555343 0 0.831621
    outer loop
      vertex 102.965 3.7 6.6513
      vertex 103.15 0 6.52776
      vertex 103.15 3.7 6.52776
    endloop
  endfacet
  facet normal 0.555343 0 0.831621
    outer loop
      vertex 103.15 0 6.52776
      vertex 102.965 3.7 6.6513
      vertex 102.965 0 6.6513
    endloop
  endfacet
  facet normal 0.0653555 0 0.997862
    outer loop
      vertex 103.778 3.7 6.31454
      vertex 104 0 6.3
      vertex 104 3.7 6.3
    endloop
  endfacet
  facet normal 0.0653555 0 0.997862
    outer loop
      vertex 104 0 6.3
      vertex 103.778 3.7 6.31454
      vertex 103.778 0 6.31454
    endloop
  endfacet
  facet normal -0.0653555 0 -0.997862
    outer loop
      vertex 104 0 9.7
      vertex 104.222 3.7 9.68546
      vertex 104.222 0 9.68546
    endloop
  endfacet
  facet normal -0.0653555 0 -0.997862
    outer loop
      vertex 104.222 3.7 9.68546
      vertex 104 0 9.7
      vertex 104 3.7 9.7
    endloop
  endfacet
  facet normal -0.320856 0 -0.947128
    outer loop
      vertex 104.44 0 9.64207
      vertex 104.651 3.7 9.57059
      vertex 104.651 0 9.57059
    endloop
  endfacet
  facet normal -0.320856 0 -0.947128
    outer loop
      vertex 104.651 3.7 9.57059
      vertex 104.44 0 9.64207
      vertex 104.44 3.7 9.64207
    endloop
  endfacet
  facet normal -0.659765 0 -0.751472
    outer loop
      vertex 105.035 0 9.3487
      vertex 105.202 3.7 9.20208
      vertex 105.202 0 9.20208
    endloop
  endfacet
  facet normal -0.659765 0 -0.751472
    outer loop
      vertex 105.202 3.7 9.20208
      vertex 105.035 0 9.3487
      vertex 105.035 3.7 9.3487
    endloop
  endfacet
  facet normal -0.443064 0 -0.89649
    outer loop
      vertex 104.651 0 9.57059
      vertex 104.85 3.7 9.47224
      vertex 104.85 0 9.47224
    endloop
  endfacet
  facet normal -0.443064 0 -0.89649
    outer loop
      vertex 104.85 3.7 9.47224
      vertex 104.651 0 9.57059
      vertex 104.651 3.7 9.57059
    endloop
  endfacet
  facet normal -0.83259 0 -0.553889
    outer loop
      vertex 105.472 0 8.85
      vertex 105.349 3.7 9.03489
      vertex 105.472 3.7 8.85
    endloop
  endfacet
  facet normal -0.83259 -0 -0.553889
    outer loop
      vertex 105.349 3.7 9.03489
      vertex 105.472 0 8.85
      vertex 105.349 0 9.03489
    endloop
  endfacet
  facet normal -0.947584 0 -0.319506
    outer loop
      vertex 105.642 0 8.43999
      vertex 105.571 3.7 8.65056
      vertex 105.642 3.7 8.43999
    endloop
  endfacet
  facet normal -0.947584 -0 -0.319506
    outer loop
      vertex 105.571 3.7 8.65056
      vertex 105.642 0 8.43999
      vertex 105.571 0 8.65056
    endloop
  endfacet
  facet normal 0.555343 0 -0.831621
    outer loop
      vertex 102.965 0 9.3487
      vertex 103.15 3.7 9.47224
      vertex 103.15 0 9.47224
    endloop
  endfacet
  facet normal 0.555343 0 -0.831621
    outer loop
      vertex 103.15 3.7 9.47224
      vertex 102.965 0 9.3487
      vertex 102.965 3.7 9.3487
    endloop
  endfacet
  facet normal 0.195208 0 -0.980762
    outer loop
      vertex 103.56 0 9.64207
      vertex 103.778 3.7 9.68546
      vertex 103.778 0 9.68546
    endloop
  endfacet
  facet normal 0.195208 0 -0.980762
    outer loop
      vertex 103.778 3.7 9.68546
      vertex 103.56 0 9.64207
      vertex 103.56 3.7 9.64207
    endloop
  endfacet
  facet normal 0.895717 0 -0.444625
    outer loop
      vertex 102.528 0 8.85
      vertex 102.429 3.7 8.65056
      vertex 102.528 3.7 8.85
    endloop
  endfacet
  facet normal 0.895717 0 -0.444625
    outer loop
      vertex 102.429 3.7 8.65056
      vertex 102.528 0 8.85
      vertex 102.429 0 8.65056
    endloop
  endfacet
  facet normal 0.947584 0 -0.319506
    outer loop
      vertex 102.429 0 8.65056
      vertex 102.358 3.7 8.43999
      vertex 102.429 3.7 8.65056
    endloop
  endfacet
  facet normal 0.947584 0 -0.319506
    outer loop
      vertex 102.358 3.7 8.43999
      vertex 102.429 0 8.65056
      vertex 102.358 0 8.43999
    endloop
  endfacet
  facet normal 0.997723 0 -0.0674471
    outer loop
      vertex 102.315 0 8.22189
      vertex 102.3 3.7 8
      vertex 102.315 3.7 8.22189
    endloop
  endfacet
  facet normal 0.997723 0 -0.0674471
    outer loop
      vertex 102.3 3.7 8
      vertex 102.315 0 8.22189
      vertex 102.3 0 8
    endloop
  endfacet
  facet normal -0.997723 0 -0.0674471
    outer loop
      vertex 105.7 0 8
      vertex 105.685 3.7 8.22189
      vertex 105.7 3.7 8
    endloop
  endfacet
  facet normal -0.997723 -0 -0.0674471
    outer loop
      vertex 105.685 3.7 8.22189
      vertex 105.7 0 8
      vertex 105.685 0 8.22189
    endloop
  endfacet
  facet normal -0.195208 0 -0.980762
    outer loop
      vertex 104.222 0 9.68546
      vertex 104.44 3.7 9.64207
      vertex 104.44 0 9.64207
    endloop
  endfacet
  facet normal -0.195208 0 -0.980762
    outer loop
      vertex 104.44 3.7 9.64207
      vertex 104.222 0 9.68546
      vertex 104.222 3.7 9.68546
    endloop
  endfacet
  facet normal -0.750997 0 -0.660306
    outer loop
      vertex 105.349 0 9.03489
      vertex 105.202 3.7 9.20208
      vertex 105.349 3.7 9.03489
    endloop
  endfacet
  facet normal -0.750997 -0 -0.660306
    outer loop
      vertex 105.202 3.7 9.20208
      vertex 105.349 0 9.03489
      vertex 105.202 0 9.20208
    endloop
  endfacet
  facet normal -0.555343 0 -0.831621
    outer loop
      vertex 104.85 0 9.47224
      vertex 105.035 3.7 9.3487
      vertex 105.035 0 9.3487
    endloop
  endfacet
  facet normal -0.555343 0 -0.831621
    outer loop
      vertex 105.035 3.7 9.3487
      vertex 104.85 0 9.47224
      vertex 104.85 3.7 9.47224
    endloop
  endfacet
  facet normal -0.895717 0 -0.444625
    outer loop
      vertex 105.571 0 8.65056
      vertex 105.472 3.7 8.85
      vertex 105.571 3.7 8.65056
    endloop
  endfacet
  facet normal -0.895717 -0 -0.444625
    outer loop
      vertex 105.472 3.7 8.85
      vertex 105.571 0 8.65056
      vertex 105.472 0 8.85
    endloop
  endfacet
  facet normal 0.443064 0 -0.89649
    outer loop
      vertex 103.15 0 9.47224
      vertex 103.349 3.7 9.57059
      vertex 103.349 0 9.57059
    endloop
  endfacet
  facet normal 0.443064 0 -0.89649
    outer loop
      vertex 103.349 3.7 9.57059
      vertex 103.15 0 9.47224
      vertex 103.15 3.7 9.47224
    endloop
  endfacet
  facet normal 0.0653555 0 -0.997862
    outer loop
      vertex 103.778 0 9.68546
      vertex 104 3.7 9.7
      vertex 104 0 9.7
    endloop
  endfacet
  facet normal 0.0653555 0 -0.997862
    outer loop
      vertex 104 3.7 9.7
      vertex 103.778 0 9.68546
      vertex 103.778 3.7 9.68546
    endloop
  endfacet
  facet normal 0.83259 0 -0.553889
    outer loop
      vertex 102.651 0 9.03489
      vertex 102.528 3.7 8.85
      vertex 102.651 3.7 9.03489
    endloop
  endfacet
  facet normal 0.83259 0 -0.553889
    outer loop
      vertex 102.528 3.7 8.85
      vertex 102.651 0 9.03489
      vertex 102.528 0 8.85
    endloop
  endfacet
  facet normal 0.981113 0 -0.193434
    outer loop
      vertex 102.358 0 8.43999
      vertex 102.315 3.7 8.22189
      vertex 102.358 3.7 8.43999
    endloop
  endfacet
  facet normal 0.981113 0 -0.193434
    outer loop
      vertex 102.315 3.7 8.22189
      vertex 102.358 0 8.43999
      vertex 102.315 0 8.22189
    endloop
  endfacet
  facet normal 0.947584 -0 0.319506
    outer loop
      vertex 102.358 84.3 7.56001
      vertex 102.429 88 7.34944
      vertex 102.358 88 7.56001
    endloop
  endfacet
  facet normal 0.947584 0 0.319506
    outer loop
      vertex 102.429 88 7.34944
      vertex 102.358 84.3 7.56001
      vertex 102.429 84.3 7.34944
    endloop
  endfacet
  facet normal 0.320856 0 -0.947128
    outer loop
      vertex 103.349 84.3 9.57059
      vertex 103.56 88 9.64207
      vertex 103.56 84.3 9.64207
    endloop
  endfacet
  facet normal 0.320856 0 -0.947128
    outer loop
      vertex 103.56 88 9.64207
      vertex 103.349 84.3 9.57059
      vertex 103.349 88 9.57059
    endloop
  endfacet
  facet normal -0.4431 0 0.896472
    outer loop
      vertex 104.651 88 6.4294
      vertex 104.85 84.3 6.52776
      vertex 104.85 88 6.52776
    endloop
  endfacet
  facet normal -0.4431 0 0.896472
    outer loop
      vertex 104.85 84.3 6.52776
      vertex 104.651 88 6.4294
      vertex 104.651 84.3 6.4294
    endloop
  endfacet
  facet normal 0.320816 0 0.947141
    outer loop
      vertex 103.349 88 6.4294
      vertex 103.56 84.3 6.35793
      vertex 103.56 88 6.35793
    endloop
  endfacet
  facet normal 0.320816 0 0.947141
    outer loop
      vertex 103.56 84.3 6.35793
      vertex 103.349 88 6.4294
      vertex 103.349 84.3 6.4294
    endloop
  endfacet
  facet normal 0.895717 -0 0.444625
    outer loop
      vertex 102.429 84.3 7.34944
      vertex 102.528 88 7.15
      vertex 102.429 88 7.34944
    endloop
  endfacet
  facet normal 0.895717 0 0.444625
    outer loop
      vertex 102.528 88 7.15
      vertex 102.429 84.3 7.34944
      vertex 102.528 84.3 7.15
    endloop
  endfacet
  facet normal 0.895717 0 -0.444625
    outer loop
      vertex 102.528 84.3 8.85
      vertex 102.429 88 8.65056
      vertex 102.528 88 8.85
    endloop
  endfacet
  facet normal 0.895717 0 -0.444625
    outer loop
      vertex 102.429 88 8.65056
      vertex 102.528 84.3 8.85
      vertex 102.429 84.3 8.65056
    endloop
  endfacet
  facet normal -0.947584 0 0.319506
    outer loop
      vertex 105.571 84.3 7.34944
      vertex 105.642 88 7.56001
      vertex 105.571 88 7.34944
    endloop
  endfacet
  facet normal -0.947584 0 0.319506
    outer loop
      vertex 105.642 88 7.56001
      vertex 105.571 84.3 7.34944
      vertex 105.642 84.3 7.56001
    endloop
  endfacet
  facet normal -0.83259 0 0.553889
    outer loop
      vertex 105.349 84.3 6.96511
      vertex 105.472 88 7.15
      vertex 105.349 88 6.96511
    endloop
  endfacet
  facet normal -0.83259 0 0.553889
    outer loop
      vertex 105.472 88 7.15
      vertex 105.349 84.3 6.96511
      vertex 105.472 84.3 7.15
    endloop
  endfacet
  facet normal -0.750997 0 0.660306
    outer loop
      vertex 105.202 84.3 6.79792
      vertex 105.349 88 6.96511
      vertex 105.202 88 6.79792
    endloop
  endfacet
  facet normal -0.750997 0 0.660306
    outer loop
      vertex 105.349 88 6.96511
      vertex 105.202 84.3 6.79792
      vertex 105.349 84.3 6.96511
    endloop
  endfacet
  facet normal -0.320816 0 0.947141
    outer loop
      vertex 104.44 88 6.35793
      vertex 104.651 84.3 6.4294
      vertex 104.651 88 6.4294
    endloop
  endfacet
  facet normal -0.320816 0 0.947141
    outer loop
      vertex 104.651 84.3 6.4294
      vertex 104.44 88 6.35793
      vertex 104.44 84.3 6.35793
    endloop
  endfacet
  facet normal -0.0653555 0 0.997862
    outer loop
      vertex 104 88 6.3
      vertex 104.222 84.3 6.31454
      vertex 104.222 88 6.31454
    endloop
  endfacet
  facet normal -0.0653555 0 0.997862
    outer loop
      vertex 104.222 84.3 6.31454
      vertex 104 88 6.3
      vertex 104 84.3 6.3
    endloop
  endfacet
  facet normal 0.750997 -0 0.660306
    outer loop
      vertex 102.651 84.3 6.96511
      vertex 102.798 88 6.79792
      vertex 102.651 88 6.96511
    endloop
  endfacet
  facet normal 0.750997 0 0.660306
    outer loop
      vertex 102.798 88 6.79792
      vertex 102.651 84.3 6.96511
      vertex 102.798 84.3 6.79792
    endloop
  endfacet
  facet normal 0.659765 0 0.751472
    outer loop
      vertex 102.798 88 6.79792
      vertex 102.965 84.3 6.6513
      vertex 102.965 88 6.6513
    endloop
  endfacet
  facet normal 0.659765 0 0.751472
    outer loop
      vertex 102.965 84.3 6.6513
      vertex 102.798 88 6.79792
      vertex 102.798 84.3 6.79792
    endloop
  endfacet
  facet normal -0.997723 0 0.0674441
    outer loop
      vertex 105.685 84.3 7.7781
      vertex 105.7 88 8
      vertex 105.685 88 7.7781
    endloop
  endfacet
  facet normal -0.997723 0 0.0674441
    outer loop
      vertex 105.7 88 8
      vertex 105.685 84.3 7.7781
      vertex 105.7 84.3 8
    endloop
  endfacet
  facet normal -0.320856 0 -0.947128
    outer loop
      vertex 104.44 84.3 9.64207
      vertex 104.651 88 9.57059
      vertex 104.651 84.3 9.57059
    endloop
  endfacet
  facet normal -0.320856 0 -0.947128
    outer loop
      vertex 104.651 88 9.57059
      vertex 104.44 84.3 9.64207
      vertex 104.44 88 9.64207
    endloop
  endfacet
  facet normal -0.83259 0 -0.553889
    outer loop
      vertex 105.472 84.3 8.85
      vertex 105.349 88 9.03489
      vertex 105.472 88 8.85
    endloop
  endfacet
  facet normal -0.83259 -0 -0.553889
    outer loop
      vertex 105.349 88 9.03489
      vertex 105.472 84.3 8.85
      vertex 105.349 84.3 9.03489
    endloop
  endfacet
  facet normal -0.750997 0 -0.660306
    outer loop
      vertex 105.349 84.3 9.03489
      vertex 105.202 88 9.20208
      vertex 105.349 88 9.03489
    endloop
  endfacet
  facet normal -0.750997 -0 -0.660306
    outer loop
      vertex 105.202 88 9.20208
      vertex 105.349 84.3 9.03489
      vertex 105.202 84.3 9.20208
    endloop
  endfacet
  facet normal 0.659765 0 -0.751472
    outer loop
      vertex 102.798 84.3 9.20208
      vertex 102.965 88 9.3487
      vertex 102.965 84.3 9.3487
    endloop
  endfacet
  facet normal 0.659765 0 -0.751472
    outer loop
      vertex 102.965 88 9.3487
      vertex 102.798 84.3 9.20208
      vertex 102.798 88 9.20208
    endloop
  endfacet
  facet normal 0.981113 0 -0.193434
    outer loop
      vertex 102.358 84.3 8.43999
      vertex 102.315 88 8.22189
      vertex 102.358 88 8.43999
    endloop
  endfacet
  facet normal 0.981113 0 -0.193434
    outer loop
      vertex 102.315 88 8.22189
      vertex 102.358 84.3 8.43999
      vertex 102.315 84.3 8.22189
    endloop
  endfacet
  facet normal -0.981112 0 0.193442
    outer loop
      vertex 105.642 84.3 7.56001
      vertex 105.685 88 7.7781
      vertex 105.642 88 7.56001
    endloop
  endfacet
  facet normal -0.981112 0 0.193442
    outer loop
      vertex 105.685 88 7.7781
      vertex 105.642 84.3 7.56001
      vertex 105.685 84.3 7.7781
    endloop
  endfacet
  facet normal -0.895717 0 0.444625
    outer loop
      vertex 105.472 84.3 7.15
      vertex 105.571 88 7.34944
      vertex 105.472 88 7.15
    endloop
  endfacet
  facet normal -0.895717 0 0.444625
    outer loop
      vertex 105.571 88 7.34944
      vertex 105.472 84.3 7.15
      vertex 105.571 84.3 7.34944
    endloop
  endfacet
  facet normal -0.659765 0 0.751472
    outer loop
      vertex 105.035 88 6.6513
      vertex 105.202 84.3 6.79792
      vertex 105.202 88 6.79792
    endloop
  endfacet
  facet normal -0.659765 0 0.751472
    outer loop
      vertex 105.202 84.3 6.79792
      vertex 105.035 88 6.6513
      vertex 105.035 84.3 6.6513
    endloop
  endfacet
  facet normal -0.195208 0 0.980762
    outer loop
      vertex 104.222 88 6.31454
      vertex 104.44 84.3 6.35793
      vertex 104.44 88 6.35793
    endloop
  endfacet
  facet normal -0.195208 0 0.980762
    outer loop
      vertex 104.44 84.3 6.35793
      vertex 104.222 88 6.31454
      vertex 104.222 84.3 6.31454
    endloop
  endfacet
  facet normal 0.997723 -0 0.0674441
    outer loop
      vertex 102.3 84.3 8
      vertex 102.315 88 7.7781
      vertex 102.3 88 8
    endloop
  endfacet
  facet normal 0.997723 0 0.0674441
    outer loop
      vertex 102.315 88 7.7781
      vertex 102.3 84.3 8
      vertex 102.315 84.3 7.7781
    endloop
  endfacet
  facet normal 0.0653555 0 0.997862
    outer loop
      vertex 103.778 88 6.31454
      vertex 104 84.3 6.3
      vertex 104 88 6.3
    endloop
  endfacet
  facet normal 0.0653555 0 0.997862
    outer loop
      vertex 104 84.3 6.3
      vertex 103.778 88 6.31454
      vertex 103.778 84.3 6.31454
    endloop
  endfacet
  facet normal 0.195208 0 0.980762
    outer loop
      vertex 103.56 88 6.35793
      vertex 103.778 84.3 6.31454
      vertex 103.778 88 6.31454
    endloop
  endfacet
  facet normal 0.195208 0 0.980762
    outer loop
      vertex 103.778 84.3 6.31454
      vertex 103.56 88 6.35793
      vertex 103.56 84.3 6.35793
    endloop
  endfacet
  facet normal 0.4431 0 0.896472
    outer loop
      vertex 103.15 88 6.52776
      vertex 103.349 84.3 6.4294
      vertex 103.349 88 6.4294
    endloop
  endfacet
  facet normal 0.4431 0 0.896472
    outer loop
      vertex 103.349 84.3 6.4294
      vertex 103.15 88 6.52776
      vertex 103.15 84.3 6.52776
    endloop
  endfacet
  facet normal 0.555343 0 0.831621
    outer loop
      vertex 102.965 88 6.6513
      vertex 103.15 84.3 6.52776
      vertex 103.15 88 6.52776
    endloop
  endfacet
  facet normal 0.555343 0 0.831621
    outer loop
      vertex 103.15 84.3 6.52776
      vertex 102.965 88 6.6513
      vertex 102.965 84.3 6.6513
    endloop
  endfacet
  facet normal -0.997723 0 -0.0674471
    outer loop
      vertex 105.7 84.3 8
      vertex 105.685 88 8.22189
      vertex 105.7 88 8
    endloop
  endfacet
  facet normal -0.997723 -0 -0.0674471
    outer loop
      vertex 105.685 88 8.22189
      vertex 105.7 84.3 8
      vertex 105.685 84.3 8.22189
    endloop
  endfacet
  facet normal -0.981113 0 -0.193434
    outer loop
      vertex 105.685 84.3 8.22189
      vertex 105.642 88 8.43999
      vertex 105.685 88 8.22189
    endloop
  endfacet
  facet normal -0.981113 -0 -0.193434
    outer loop
      vertex 105.642 88 8.43999
      vertex 105.685 84.3 8.22189
      vertex 105.642 84.3 8.43999
    endloop
  endfacet
  facet normal -0.0653555 0 -0.997862
    outer loop
      vertex 104 84.3 9.7
      vertex 104.222 88 9.68546
      vertex 104.222 84.3 9.68546
    endloop
  endfacet
  facet normal -0.0653555 0 -0.997862
    outer loop
      vertex 104.222 88 9.68546
      vertex 104 84.3 9.7
      vertex 104 88 9.7
    endloop
  endfacet
  facet normal -0.195208 0 -0.980762
    outer loop
      vertex 104.222 84.3 9.68546
      vertex 104.44 88 9.64207
      vertex 104.44 84.3 9.64207
    endloop
  endfacet
  facet normal -0.195208 0 -0.980762
    outer loop
      vertex 104.44 88 9.64207
      vertex 104.222 84.3 9.68546
      vertex 104.222 88 9.68546
    endloop
  endfacet
  facet normal -0.443064 0 -0.89649
    outer loop
      vertex 104.651 84.3 9.57059
      vertex 104.85 88 9.47224
      vertex 104.85 84.3 9.47224
    endloop
  endfacet
  facet normal -0.443064 0 -0.89649
    outer loop
      vertex 104.85 88 9.47224
      vertex 104.651 84.3 9.57059
      vertex 104.651 88 9.57059
    endloop
  endfacet
  facet normal -0.659765 0 -0.751472
    outer loop
      vertex 105.035 84.3 9.3487
      vertex 105.202 88 9.20208
      vertex 105.202 84.3 9.20208
    endloop
  endfacet
  facet normal -0.659765 0 -0.751472
    outer loop
      vertex 105.202 88 9.20208
      vertex 105.035 84.3 9.3487
      vertex 105.035 88 9.3487
    endloop
  endfacet
  facet normal -0.555343 0 -0.831621
    outer loop
      vertex 104.85 84.3 9.47224
      vertex 105.035 88 9.3487
      vertex 105.035 84.3 9.3487
    endloop
  endfacet
  facet normal -0.555343 0 -0.831621
    outer loop
      vertex 105.035 88 9.3487
      vertex 104.85 84.3 9.47224
      vertex 104.85 88 9.47224
    endloop
  endfacet
  facet normal -0.947584 0 -0.319506
    outer loop
      vertex 105.642 84.3 8.43999
      vertex 105.571 88 8.65056
      vertex 105.642 88 8.43999
    endloop
  endfacet
  facet normal -0.947584 -0 -0.319506
    outer loop
      vertex 105.571 88 8.65056
      vertex 105.642 84.3 8.43999
      vertex 105.571 84.3 8.65056
    endloop
  endfacet
  facet normal -0.895717 0 -0.444625
    outer loop
      vertex 105.571 84.3 8.65056
      vertex 105.472 88 8.85
      vertex 105.571 88 8.65056
    endloop
  endfacet
  facet normal -0.895717 -0 -0.444625
    outer loop
      vertex 105.472 88 8.85
      vertex 105.571 84.3 8.65056
      vertex 105.472 84.3 8.85
    endloop
  endfacet
  facet normal 0.195208 0 -0.980762
    outer loop
      vertex 103.56 84.3 9.64207
      vertex 103.778 88 9.68546
      vertex 103.778 84.3 9.68546
    endloop
  endfacet
  facet normal 0.195208 0 -0.980762
    outer loop
      vertex 103.778 88 9.68546
      vertex 103.56 84.3 9.64207
      vertex 103.56 88 9.64207
    endloop
  endfacet
  facet normal 0.0653555 0 -0.997862
    outer loop
      vertex 103.778 84.3 9.68546
      vertex 104 88 9.7
      vertex 104 84.3 9.7
    endloop
  endfacet
  facet normal 0.0653555 0 -0.997862
    outer loop
      vertex 104 88 9.7
      vertex 103.778 84.3 9.68546
      vertex 103.778 88 9.68546
    endloop
  endfacet
  facet normal 0.555343 0 -0.831621
    outer loop
      vertex 102.965 84.3 9.3487
      vertex 103.15 88 9.47224
      vertex 103.15 84.3 9.47224
    endloop
  endfacet
  facet normal 0.555343 0 -0.831621
    outer loop
      vertex 103.15 88 9.47224
      vertex 102.965 84.3 9.3487
      vertex 102.965 88 9.3487
    endloop
  endfacet
  facet normal 0.443064 0 -0.89649
    outer loop
      vertex 103.15 84.3 9.47224
      vertex 103.349 88 9.57059
      vertex 103.349 84.3 9.57059
    endloop
  endfacet
  facet normal 0.443064 0 -0.89649
    outer loop
      vertex 103.349 88 9.57059
      vertex 103.15 84.3 9.47224
      vertex 103.15 88 9.47224
    endloop
  endfacet
  facet normal 0.947584 0 -0.319506
    outer loop
      vertex 102.429 84.3 8.65056
      vertex 102.358 88 8.43999
      vertex 102.429 88 8.65056
    endloop
  endfacet
  facet normal 0.947584 0 -0.319506
    outer loop
      vertex 102.358 88 8.43999
      vertex 102.429 84.3 8.65056
      vertex 102.358 84.3 8.43999
    endloop
  endfacet
  facet normal 0.997723 0 -0.0674471
    outer loop
      vertex 102.315 84.3 8.22189
      vertex 102.3 88 8
      vertex 102.315 88 8.22189
    endloop
  endfacet
  facet normal 0.997723 0 -0.0674471
    outer loop
      vertex 102.3 88 8
      vertex 102.315 84.3 8.22189
      vertex 102.3 84.3 8
    endloop
  endfacet
  facet normal 0.750997 0 -0.660306
    outer loop
      vertex 102.798 84.3 9.20208
      vertex 102.651 88 9.03489
      vertex 102.798 88 9.20208
    endloop
  endfacet
  facet normal 0.750997 0 -0.660306
    outer loop
      vertex 102.651 88 9.03489
      vertex 102.798 84.3 9.20208
      vertex 102.651 84.3 9.03489
    endloop
  endfacet
  facet normal -0.555343 0 0.831621
    outer loop
      vertex 104.85 88 6.52776
      vertex 105.035 84.3 6.6513
      vertex 105.035 88 6.6513
    endloop
  endfacet
  facet normal -0.555343 0 0.831621
    outer loop
      vertex 105.035 84.3 6.6513
      vertex 104.85 88 6.52776
      vertex 104.85 84.3 6.52776
    endloop
  endfacet
  facet normal 0.981112 -0 0.193442
    outer loop
      vertex 102.315 84.3 7.7781
      vertex 102.358 88 7.56001
      vertex 102.315 88 7.7781
    endloop
  endfacet
  facet normal 0.981112 0 0.193442
    outer loop
      vertex 102.358 88 7.56001
      vertex 102.315 84.3 7.7781
      vertex 102.358 84.3 7.56001
    endloop
  endfacet
  facet normal 0.83259 -0 0.553889
    outer loop
      vertex 102.528 84.3 7.15
      vertex 102.651 88 6.96511
      vertex 102.528 88 7.15
    endloop
  endfacet
  facet normal 0.83259 0 0.553889
    outer loop
      vertex 102.651 88 6.96511
      vertex 102.528 84.3 7.15
      vertex 102.651 84.3 6.96511
    endloop
  endfacet
  facet normal 0.83259 0 -0.553889
    outer loop
      vertex 102.651 84.3 9.03489
      vertex 102.528 88 8.85
      vertex 102.651 88 9.03489
    endloop
  endfacet
  facet normal 0.83259 0 -0.553889
    outer loop
      vertex 102.528 88 8.85
      vertex 102.651 84.3 9.03489
      vertex 102.528 84.3 8.85
    endloop
  endfacet
  facet normal -0.946932 -0.321434 -0
    outer loop
      vertex 0.456711 3.70389 19.1785
      vertex 0.204437 4.44708 0
      vertex 0.456711 3.70389 0
    endloop
  endfacet
  facet normal -0.946932 -0.321434 0
    outer loop
      vertex 0.204437 4.44708 0
      vertex 0.456711 3.70389 19.1785
      vertex 0.204437 4.44708 19.415
    endloop
  endfacet
  facet normal -0.896872 -0.442291 -0
    outer loop
      vertex 0.803833 3 18.9545
      vertex 0.456711 3.70389 0
      vertex 0.803833 3 0
    endloop
  endfacet
  facet normal -0.896872 -0.442291 0
    outer loop
      vertex 0.456711 3.70389 0
      vertex 0.803833 3 18.9545
      vertex 0.456711 3.70389 19.1785
    endloop
  endfacet
  facet normal -0.555629 0.83143 0
    outer loop
      vertex 3 87.1962 0
      vertex 2.34743 86.7601 45.6055
      vertex 3 87.1962 45.7442
    endloop
  endfacet
  facet normal -0.555629 0.83143 0
    outer loop
      vertex 2.34743 86.7601 45.6055
      vertex 3 87.1962 0
      vertex 2.34743 86.7601 0
    endloop
  endfacet
  facet normal -0.997859 0.0654076 0
    outer loop
      vertex 0 82 44.0909
      vertex 0.0513306 82.7831 0
      vertex 0 82 0
    endloop
  endfacet
  facet normal -0.997859 0.0654076 0
    outer loop
      vertex 0.0513306 82.7831 0
      vertex 0 82 44.0909
      vertex 0.0513306 82.7831 44.3401
    endloop
  endfacet
  facet normal 0 0 -1
    outer loop
      vertex 113.228 7.7 0
      vertex 118 6 0
      vertex 117.949 5.21684 0
    endloop
  endfacet
  facet normal 0 0 -1
    outer loop
      vertex 118 6 0
      vertex 114.3 11.7 0
      vertex 118 82 0
    endloop
  endfacet
  facet normal 0 0 -1
    outer loop
      vertex 112.647 6.8299 0
      vertex 117.949 5.21684 0
      vertex 117.796 4.44708 0
    endloop
  endfacet
  facet normal 0 0 -1
    outer loop
      vertex 114.3 76.3 0
      vertex 118 82 0
      vertex 114.3 11.7 0
    endloop
  endfacet
  facet normal 0 0 -1
    outer loop
      vertex 112.647 6.8299 0
      vertex 117.796 4.44708 0
      vertex 117.543 3.70389 0
    endloop
  endfacet
  facet normal 0 0 -1
    outer loop
      vertex 114.232 77.3442 0
      vertex 118 82 0
      vertex 114.3 76.3 0
    endloop
  endfacet
  facet normal 0 0 -1
    outer loop
      vertex 112.647 6.8299 0
      vertex 117.543 3.70389 0
      vertex 117.196 3 0
    endloop
  endfacet
  facet normal 0 0 -1
    outer loop
      vertex 114.027 78.3705 0
      vertex 118 82 0
      vertex 114.232 77.3442 0
    endloop
  endfacet
  facet normal 0 0 -1
    outer loop
      vertex 111.957 6.04314 0
      vertex 117.196 3 0
      vertex 116.76 2.34743 0
    endloop
  endfacet
  facet normal 0 0 -1
    outer loop
      vertex 113.691 79.3615 0
      vertex 118 82 0
      vertex 114.027 78.3705 0
    endloop
  endfacet
  facet normal 0 0 -1
    outer loop
      vertex 111.957 6.04314 0
      vertex 116.76 2.34743 0
      vertex 116.243 1.75735 0
    endloop
  endfacet
  facet normal 0 0 -1
    outer loop
      vertex 113.228 80.3 0
      vertex 118 82 0
      vertex 113.691 79.3615 0
    endloop
  endfacet
  facet normal 0 0 -1
    outer loop
      vertex 111.957 6.04314 0
      vertex 116.243 1.75735 0
      vertex 115.653 1.23987 0
    endloop
  endfacet
  facet normal -0 0 -1
    outer loop
      vertex 118 82 0
      vertex 113.228 80.3 0
      vertex 117.949 82.7831 0
    endloop
  endfacet
  facet normal 0 0 -1
    outer loop
      vertex 111.957 6.04314 0
      vertex 115.653 1.23987 0
      vertex 115 0.803833 0
    endloop
  endfacet
  facet normal 0 0 -1
    outer loop
      vertex 112.647 81.1701 0
      vertex 117.949 82.7831 0
      vertex 113.228 80.3 0
    endloop
  endfacet
  facet normal -0 0 -1
    outer loop
      vertex 117.949 82.7831 0
      vertex 112.647 81.1701 0
      vertex 117.796 83.5529 0
    endloop
  endfacet
  facet normal 0 0 -1
    outer loop
      vertex 111.17 5.35317 0
      vertex 115 0.803833 0
      vertex 114.296 0.456711 0
    endloop
  endfacet
  facet normal 0 0 -1
    outer loop
      vertex 118 6 0
      vertex 114.232 10.6558 0
      vertex 114.3 11.7 0
    endloop
  endfacet
  facet normal 0 0 -1
    outer loop
      vertex 118 6 0
      vertex 114.027 9.62944 0
      vertex 114.232 10.6558 0
    endloop
  endfacet
  facet normal 0 0 -1
    outer loop
      vertex 118 6 0
      vertex 113.691 8.63852 0
      vertex 114.027 9.62944 0
    endloop
  endfacet
  facet normal 0 0 -1
    outer loop
      vertex 111.17 5.35317 0
      vertex 114.296 0.456711 0
      vertex 113.553 0.204437 0
    endloop
  endfacet
  facet normal 0 0 -1
    outer loop
      vertex 118 6 0
      vertex 113.228 7.7 0
      vertex 113.691 8.63852 0
    endloop
  endfacet
  facet normal 0 0 -1
    outer loop
      vertex 111.17 5.35317 0
      vertex 113.553 0.204437 0
      vertex 112.783 0.0513306 0
    endloop
  endfacet
  facet normal 0 0 -1
    outer loop
      vertex 117.949 5.21684 0
      vertex 112.647 6.8299 0
      vertex 113.228 7.7 0
    endloop
  endfacet
  facet normal 0 0 -1
    outer loop
      vertex 110.3 4.77179 0
      vertex 112.783 0.0513306 0
      vertex 112 0 0
    endloop
  endfacet
  facet normal 0 0 -1
    outer loop
      vertex 117.196 3 0
      vertex 111.957 6.04314 0
      vertex 112.647 6.8299 0
    endloop
  endfacet
  facet normal 0 0 -1
    outer loop
      vertex 115 0.803833 0
      vertex 111.17 5.35317 0
      vertex 111.957 6.04314 0
    endloop
  endfacet
  facet normal 0 0 -1
    outer loop
      vertex 112.783 0.0513306 0
      vertex 110.3 4.77179 0
      vertex 111.17 5.35317 0
    endloop
  endfacet
  facet normal 0 0 -1
    outer loop
      vertex 112 0 0
      vertex 109.361 4.30896 0
      vertex 110.3 4.77179 0
    endloop
  endfacet
  facet normal 0 0 -1
    outer loop
      vertex 112 0 0
      vertex 108.371 3.97258 0
      vertex 109.361 4.30896 0
    endloop
  endfacet
  facet normal 0 0 -1
    outer loop
      vertex 112 0 0
      vertex 107.344 3.76844 0
      vertex 108.371 3.97258 0
    endloop
  endfacet
  facet normal 0 0 -1
    outer loop
      vertex 112 0 0
      vertex 106.3 3.7 0
      vertex 107.344 3.76844 0
    endloop
  endfacet
  facet normal 0 0 -1
    outer loop
      vertex 112 0 0
      vertex 11.7 3.7 0
      vertex 106.3 3.7 0
    endloop
  endfacet
  facet normal 0 0 -1
    outer loop
      vertex 6 0 0
      vertex 11.7 3.7 0
      vertex 112 0 0
    endloop
  endfacet
  facet normal 0 0 -1
    outer loop
      vertex 6 0 0
      vertex 10.6558 3.76844 0
      vertex 11.7 3.7 0
    endloop
  endfacet
  facet normal 0 0 -1
    outer loop
      vertex 6 0 0
      vertex 9.62944 3.97258 0
      vertex 10.6558 3.76844 0
    endloop
  endfacet
  facet normal 0 0 -1
    outer loop
      vertex 6 0 0
      vertex 8.63852 4.30896 0
      vertex 9.62944 3.97258 0
    endloop
  endfacet
  facet normal 0 0 -1
    outer loop
      vertex 6 0 0
      vertex 7.7 4.77179 0
      vertex 8.63852 4.30896 0
    endloop
  endfacet
  facet normal 0 0 -1
    outer loop
      vertex 5.21684 0.0513306 0
      vertex 7.7 4.77179 0
      vertex 6 0 0
    endloop
  endfacet
  facet normal -0 0 -1
    outer loop
      vertex 7.7 4.77179 0
      vertex 5.21684 0.0513306 0
      vertex 6.8299 5.35317 0
    endloop
  endfacet
  facet normal 0 0 -1
    outer loop
      vertex 4.44708 0.204437 0
      vertex 6.8299 5.35317 0
      vertex 5.21684 0.0513306 0
    endloop
  endfacet
  facet normal 0 0 -1
    outer loop
      vertex 3.70389 0.456711 0
      vertex 6.8299 5.35317 0
      vertex 4.44708 0.204437 0
    endloop
  endfacet
  facet normal 0 0 -1
    outer loop
      vertex 3 0.803833 0
      vertex 6.8299 5.35317 0
      vertex 3.70389 0.456711 0
    endloop
  endfacet
  facet normal -0 0 -1
    outer loop
      vertex 6.8299 5.35317 0
      vertex 3 0.803833 0
      vertex 6.04314 6.04314 0
    endloop
  endfacet
  facet normal 0 0 -1
    outer loop
      vertex 2.34743 1.23987 0
      vertex 6.04314 6.04314 0
      vertex 3 0.803833 0
    endloop
  endfacet
  facet normal 0 0 -1
    outer loop
      vertex 1.75735 1.75735 0
      vertex 6.04314 6.04314 0
      vertex 2.34743 1.23987 0
    endloop
  endfacet
  facet normal 0 0 -1
    outer loop
      vertex 1.23987 2.34743 0
      vertex 6.04314 6.04314 0
      vertex 1.75735 1.75735 0
    endloop
  endfacet
  facet normal 0 0 -1
    outer loop
      vertex 0.803833 3 0
      vertex 6.04314 6.04314 0
      vertex 1.23987 2.34743 0
    endloop
  endfacet
  facet normal -0 0 -1
    outer loop
      vertex 6.04314 6.04314 0
      vertex 0.803833 3 0
      vertex 5.35317 6.8299 0
    endloop
  endfacet
  facet normal -0 0 -1
    outer loop
      vertex 3.76844 10.6558 0
      vertex 0 6 0
      vertex 3.7 11.7 0
    endloop
  endfacet
  facet normal 0 0 -1
    outer loop
      vertex 0.456711 3.70389 0
      vertex 5.35317 6.8299 0
      vertex 0.803833 3 0
    endloop
  endfacet
  facet normal -0 0 -1
    outer loop
      vertex 117.796 83.5529 0
      vertex 112.647 81.1701 0
      vertex 117.543 84.2961 0
    endloop
  endfacet
  facet normal -0 0 -1
    outer loop
      vertex 117.543 84.2961 0
      vertex 112.647 81.1701 0
      vertex 117.196 85 0
    endloop
  endfacet
  facet normal 0 0 -1
    outer loop
      vertex 111.957 81.9568 0
      vertex 117.196 85 0
      vertex 112.647 81.1701 0
    endloop
  endfacet
  facet normal -0 0 -1
    outer loop
      vertex 117.196 85 0
      vertex 111.957 81.9568 0
      vertex 116.76 85.6526 0
    endloop
  endfacet
  facet normal -0 0 -1
    outer loop
      vertex 116.76 85.6526 0
      vertex 111.957 81.9568 0
      vertex 116.243 86.2426 0
    endloop
  endfacet
  facet normal -0 0 -1
    outer loop
      vertex 116.243 86.2426 0
      vertex 111.957 81.9568 0
      vertex 115.653 86.7601 0
    endloop
  endfacet
  facet normal -0 0 -1
    outer loop
      vertex 115.653 86.7601 0
      vertex 111.957 81.9568 0
      vertex 115 87.1962 0
    endloop
  endfacet
  facet normal 0 0 -1
    outer loop
      vertex 111.17 82.6468 0
      vertex 115 87.1962 0
      vertex 111.957 81.9568 0
    endloop
  endfacet
  facet normal -0 0 -1
    outer loop
      vertex 115 87.1962 0
      vertex 111.17 82.6468 0
      vertex 114.296 87.5433 0
    endloop
  endfacet
  facet normal -0 0 -1
    outer loop
      vertex 114.296 87.5433 0
      vertex 111.17 82.6468 0
      vertex 113.553 87.7955 0
    endloop
  endfacet
  facet normal -0 0 -1
    outer loop
      vertex 113.553 87.7955 0
      vertex 111.17 82.6468 0
      vertex 112.783 87.9487 0
    endloop
  endfacet
  facet normal 0 0 -1
    outer loop
      vertex 110.3 83.2282 0
      vertex 112.783 87.9487 0
      vertex 111.17 82.6468 0
    endloop
  endfacet
  facet normal -0 0 -1
    outer loop
      vertex 112.783 87.9487 0
      vertex 110.3 83.2282 0
      vertex 112 88 0
    endloop
  endfacet
  facet normal 0 0 -1
    outer loop
      vertex 109.361 83.691 0
      vertex 112 88 0
      vertex 110.3 83.2282 0
    endloop
  endfacet
  facet normal 0 0 -1
    outer loop
      vertex 108.371 84.0274 0
      vertex 112 88 0
      vertex 109.361 83.691 0
    endloop
  endfacet
  facet normal 0 0 -1
    outer loop
      vertex 107.344 84.2316 0
      vertex 112 88 0
      vertex 108.371 84.0274 0
    endloop
  endfacet
  facet normal 0 0 -1
    outer loop
      vertex 106.3 84.3 0
      vertex 112 88 0
      vertex 107.344 84.2316 0
    endloop
  endfacet
  facet normal 0 0 -1
    outer loop
      vertex 11.7 84.3 0
      vertex 112 88 0
      vertex 106.3 84.3 0
    endloop
  endfacet
  facet normal 0 0 -1
    outer loop
      vertex 11.7 84.3 0
      vertex 6 88 0
      vertex 112 88 0
    endloop
  endfacet
  facet normal 0 0 -1
    outer loop
      vertex 10.6558 84.2316 0
      vertex 6 88 0
      vertex 11.7 84.3 0
    endloop
  endfacet
  facet normal 0 0 -1
    outer loop
      vertex 9.62944 84.0274 0
      vertex 6 88 0
      vertex 10.6558 84.2316 0
    endloop
  endfacet
  facet normal 0 0 -1
    outer loop
      vertex 8.63852 83.691 0
      vertex 6 88 0
      vertex 9.62944 84.0274 0
    endloop
  endfacet
  facet normal 0 0 -1
    outer loop
      vertex 7.7 83.2282 0
      vertex 6 88 0
      vertex 8.63852 83.691 0
    endloop
  endfacet
  facet normal 0 0 -1
    outer loop
      vertex 5.21684 87.9487 0
      vertex 7.7 83.2282 0
      vertex 6.8299 82.6468 0
    endloop
  endfacet
  facet normal 0 0 -1
    outer loop
      vertex 3 87.1962 0
      vertex 6.8299 82.6468 0
      vertex 6.04314 81.9568 0
    endloop
  endfacet
  facet normal 0 0 -1
    outer loop
      vertex 0.803833 85 0
      vertex 6.04314 81.9568 0
      vertex 5.35317 81.1701 0
    endloop
  endfacet
  facet normal 0 0 -1
    outer loop
      vertex 7.7 83.2282 0
      vertex 5.21684 87.9487 0
      vertex 6 88 0
    endloop
  endfacet
  facet normal 0 0 -1
    outer loop
      vertex 0.0513306 82.7831 0
      vertex 5.35317 81.1701 0
      vertex 4.77179 80.3 0
    endloop
  endfacet
  facet normal 0 0 -1
    outer loop
      vertex 6.8299 82.6468 0
      vertex 4.44708 87.7955 0
      vertex 5.21684 87.9487 0
    endloop
  endfacet
  facet normal 0 0 -1
    outer loop
      vertex 0 82 0
      vertex 4.77179 80.3 0
      vertex 4.30896 79.3615 0
    endloop
  endfacet
  facet normal 0 0 -1
    outer loop
      vertex 0 82 0
      vertex 4.30896 79.3615 0
      vertex 3.97258 78.3705 0
    endloop
  endfacet
  facet normal 0 0 -1
    outer loop
      vertex 0 82 0
      vertex 3.97258 78.3705 0
      vertex 3.76844 77.3442 0
    endloop
  endfacet
  facet normal 0 0 -1
    outer loop
      vertex 6.8299 82.6468 0
      vertex 3.70389 87.5433 0
      vertex 4.44708 87.7955 0
    endloop
  endfacet
  facet normal 0 0 -1
    outer loop
      vertex 0 82 0
      vertex 3.76844 77.3442 0
      vertex 3.7 76.3 0
    endloop
  endfacet
  facet normal -0 0 -1
    outer loop
      vertex 3.7 11.7 0
      vertex 0 6 0
      vertex 3.7 76.3 0
    endloop
  endfacet
  facet normal 0 0 -1
    outer loop
      vertex 0 82 0
      vertex 3.7 76.3 0
      vertex 0 6 0
    endloop
  endfacet
  facet normal 0 0 -1
    outer loop
      vertex 0.204437 4.44708 0
      vertex 5.35317 6.8299 0
      vertex 0.456711 3.70389 0
    endloop
  endfacet
  facet normal 0 0 -1
    outer loop
      vertex 4.77179 80.3 0
      vertex 0 82 0
      vertex 0.0513306 82.7831 0
    endloop
  endfacet
  facet normal 0 0 -1
    outer loop
      vertex 0.0513306 5.21684 0
      vertex 5.35317 6.8299 0
      vertex 0.204437 4.44708 0
    endloop
  endfacet
  facet normal 0 0 -1
    outer loop
      vertex 6.8299 82.6468 0
      vertex 3 87.1962 0
      vertex 3.70389 87.5433 0
    endloop
  endfacet
  facet normal -0 0 -1
    outer loop
      vertex 5.35317 6.8299 0
      vertex 0.0513306 5.21684 0
      vertex 4.77179 7.7 0
    endloop
  endfacet
  facet normal 0 0 -1
    outer loop
      vertex 6.04314 81.9568 0
      vertex 2.34743 86.7601 0
      vertex 3 87.1962 0
    endloop
  endfacet
  facet normal 0 0 -1
    outer loop
      vertex 0 6 0
      vertex 4.77179 7.7 0
      vertex 0.0513306 5.21684 0
    endloop
  endfacet
  facet normal 0 0 -1
    outer loop
      vertex 6.04314 81.9568 0
      vertex 1.75735 86.2426 0
      vertex 2.34743 86.7601 0
    endloop
  endfacet
  facet normal -0 0 -1
    outer loop
      vertex 4.77179 7.7 0
      vertex 0 6 0
      vertex 4.30896 8.63852 0
    endloop
  endfacet
  facet normal 0 0 -1
    outer loop
      vertex 6.04314 81.9568 0
      vertex 1.23987 85.6526 0
      vertex 1.75735 86.2426 0
    endloop
  endfacet
  facet normal -0 0 -1
    outer loop
      vertex 4.30896 8.63852 0
      vertex 0 6 0
      vertex 3.97258 9.62944 0
    endloop
  endfacet
  facet normal 0 0 -1
    outer loop
      vertex 6.04314 81.9568 0
      vertex 0.803833 85 0
      vertex 1.23987 85.6526 0
    endloop
  endfacet
  facet normal -0 0 -1
    outer loop
      vertex 3.97258 9.62944 0
      vertex 0 6 0
      vertex 3.76844 10.6558 0
    endloop
  endfacet
  facet normal 0 0 -1
    outer loop
      vertex 5.35317 81.1701 0
      vertex 0.456711 84.2961 0
      vertex 0.803833 85 0
    endloop
  endfacet
  facet normal 0 0 -1
    outer loop
      vertex 5.35317 81.1701 0
      vertex 0.204437 83.5529 0
      vertex 0.456711 84.2961 0
    endloop
  endfacet
  facet normal 0 0 -1
    outer loop
      vertex 5.35317 81.1701 0
      vertex 0.0513306 82.7831 0
      vertex 0.204437 83.5529 0
    endloop
  endfacet
  facet normal 0.659392 -0.751799 0
    outer loop
      vertex 116.243 1.75735 0
      vertex 115.653 1.23987 18.3945
      vertex 115.653 1.23987 0
    endloop
  endfacet
  facet normal 0.659392 -0.751799 0
    outer loop
      vertex 115.653 1.23987 18.3945
      vertex 116.243 1.75735 0
      vertex 116.243 1.75735 18.5592
    endloop
  endfacet
  facet normal 0.946652 0.322259 0
    outer loop
      vertex 117.796 83.5529 44.585
      vertex 117.543 84.2961 0
      vertex 117.543 84.2961 44.8215
    endloop
  endfacet
  facet normal 0.946652 0.322259 0
    outer loop
      vertex 117.543 84.2961 0
      vertex 117.796 83.5529 44.585
      vertex 117.796 83.5529 0
    endloop
  endfacet
  facet normal 0.0653771 0.997861 0
    outer loop
      vertex 112 88 0
      vertex 112.783 87.9487 45.9837
      vertex 112.783 87.9487 0
    endloop
  endfacet
  facet normal 0.0653771 0.997861 0
    outer loop
      vertex 112.783 87.9487 45.9837
      vertex 112 88 0
      vertex 112 88 46
    endloop
  endfacet
  facet normal 0 1 0
    outer loop
      vertex 103.349 88 9.57059
      vertex 112 88 46
      vertex 103.56 88 9.64207
    endloop
  endfacet
  facet normal 0 1 0
    outer loop
      vertex 6 88 46
      vertex 14.2219 88 9.68546
      vertex 14 88 9.7
    endloop
  endfacet
  facet normal 0 1 0
    outer loop
      vertex 103.15 88 9.47224
      vertex 112 88 46
      vertex 103.349 88 9.57059
    endloop
  endfacet
  facet normal 0 1 0
    outer loop
      vertex 6 88 46
      vertex 14.44 88 9.64207
      vertex 14.2219 88 9.68546
    endloop
  endfacet
  facet normal 0 1 0
    outer loop
      vertex 102.965 88 9.3487
      vertex 112 88 46
      vertex 103.15 88 9.47224
    endloop
  endfacet
  facet normal 0 1 0
    outer loop
      vertex 6 88 46
      vertex 14.6506 88 9.57059
      vertex 14.44 88 9.64207
    endloop
  endfacet
  facet normal 0 1 0
    outer loop
      vertex 102.798 88 9.20208
      vertex 112 88 46
      vertex 102.965 88 9.3487
    endloop
  endfacet
  facet normal 0 1 0
    outer loop
      vertex 6 88 46
      vertex 14.85 88 9.47224
      vertex 14.6506 88 9.57059
    endloop
  endfacet
  facet normal 0 1 0
    outer loop
      vertex 102.651 88 9.03489
      vertex 112 88 46
      vertex 102.798 88 9.20208
    endloop
  endfacet
  facet normal 0 1 0
    outer loop
      vertex 6 88 46
      vertex 15.0349 88 9.3487
      vertex 14.85 88 9.47224
    endloop
  endfacet
  facet normal 0 1 0
    outer loop
      vertex 112 88 46
      vertex 102.651 88 9.03489
      vertex 6 88 46
    endloop
  endfacet
  facet normal 0 1 0
    outer loop
      vertex 6 88 46
      vertex 15.2021 88 9.20208
      vertex 15.0349 88 9.3487
    endloop
  endfacet
  facet normal 0 1 -0
    outer loop
      vertex 15.3487 88 9.03489
      vertex 6 88 46
      vertex 102.651 88 9.03489
    endloop
  endfacet
  facet normal 0 1 0
    outer loop
      vertex 6 88 46
      vertex 15.3487 88 9.03489
      vertex 15.2021 88 9.20208
    endloop
  endfacet
  facet normal 0 1 -0
    outer loop
      vertex 102.528 88 8.85
      vertex 15.3487 88 9.03489
      vertex 102.651 88 9.03489
    endloop
  endfacet
  facet normal 0 1 0
    outer loop
      vertex 102.528 88 8.85
      vertex 15.4722 88 8.85
      vertex 15.3487 88 9.03489
    endloop
  endfacet
  facet normal 0 1 -0
    outer loop
      vertex 102.429 88 8.65056
      vertex 15.4722 88 8.85
      vertex 102.528 88 8.85
    endloop
  endfacet
  facet normal 0 1 0
    outer loop
      vertex 102.429 88 8.65056
      vertex 15.5706 88 8.65056
      vertex 15.4722 88 8.85
    endloop
  endfacet
  facet normal 0 1 -0
    outer loop
      vertex 102.358 88 8.43999
      vertex 15.5706 88 8.65056
      vertex 102.429 88 8.65056
    endloop
  endfacet
  facet normal 0 1 0
    outer loop
      vertex 102.358 88 8.43999
      vertex 15.6421 88 8.43999
      vertex 15.5706 88 8.65056
    endloop
  endfacet
  facet normal 0 1 -0
    outer loop
      vertex 102.315 88 8.22189
      vertex 15.6421 88 8.43999
      vertex 102.358 88 8.43999
    endloop
  endfacet
  facet normal 0 1 0
    outer loop
      vertex 102.315 88 8.22189
      vertex 15.6855 88 8.22189
      vertex 15.6421 88 8.43999
    endloop
  endfacet
  facet normal 0 1 -0
    outer loop
      vertex 102.3 88 8
      vertex 15.6855 88 8.22189
      vertex 102.315 88 8.22189
    endloop
  endfacet
  facet normal 0 1 0
    outer loop
      vertex 102.3 88 8
      vertex 15.7 88 8
      vertex 15.6855 88 8.22189
    endloop
  endfacet
  facet normal 0 1 0
    outer loop
      vertex 102.315 88 7.7781
      vertex 15.7 88 8
      vertex 102.3 88 8
    endloop
  endfacet
  facet normal 0 1 0
    outer loop
      vertex 102.315 88 7.7781
      vertex 15.6855 88 7.7781
      vertex 15.7 88 8
    endloop
  endfacet
  facet normal 0 1 0
    outer loop
      vertex 102.358 88 7.56001
      vertex 15.6855 88 7.7781
      vertex 102.315 88 7.7781
    endloop
  endfacet
  facet normal 0 1 0
    outer loop
      vertex 102.358 88 7.56001
      vertex 15.6421 88 7.56001
      vertex 15.6855 88 7.7781
    endloop
  endfacet
  facet normal 0 1 0
    outer loop
      vertex 102.429 88 7.34944
      vertex 15.6421 88 7.56001
      vertex 102.358 88 7.56001
    endloop
  endfacet
  facet normal 0 1 0
    outer loop
      vertex 102.429 88 7.34944
      vertex 15.5706 88 7.34944
      vertex 15.6421 88 7.56001
    endloop
  endfacet
  facet normal 0 1 0
    outer loop
      vertex 102.528 88 7.15
      vertex 15.5706 88 7.34944
      vertex 102.429 88 7.34944
    endloop
  endfacet
  facet normal 0 1 0
    outer loop
      vertex 102.528 88 7.15
      vertex 15.4722 88 7.15
      vertex 15.5706 88 7.34944
    endloop
  endfacet
  facet normal 0 1 0
    outer loop
      vertex 102.651 88 6.96511
      vertex 15.4722 88 7.15
      vertex 102.528 88 7.15
    endloop
  endfacet
  facet normal 0 1 0
    outer loop
      vertex 102.651 88 6.96511
      vertex 15.3487 88 6.96511
      vertex 15.4722 88 7.15
    endloop
  endfacet
  facet normal 0 1 0
    outer loop
      vertex 102.798 88 6.79792
      vertex 15.3487 88 6.96511
      vertex 102.651 88 6.96511
    endloop
  endfacet
  facet normal 0 1 0
    outer loop
      vertex 102.798 88 6.79792
      vertex 15.2021 88 6.79792
      vertex 15.3487 88 6.96511
    endloop
  endfacet
  facet normal 0 1 0
    outer loop
      vertex 102.965 88 6.6513
      vertex 15.2021 88 6.79792
      vertex 102.798 88 6.79792
    endloop
  endfacet
  facet normal 0 1 0
    outer loop
      vertex 102.965 88 6.6513
      vertex 15.0349 88 6.6513
      vertex 15.2021 88 6.79792
    endloop
  endfacet
  facet normal 0 1 0
    outer loop
      vertex 103.15 88 6.52776
      vertex 15.0349 88 6.6513
      vertex 102.965 88 6.6513
    endloop
  endfacet
  facet normal 0 1 0
    outer loop
      vertex 103.15 88 6.52776
      vertex 14.85 88 6.52776
      vertex 15.0349 88 6.6513
    endloop
  endfacet
  facet normal 0 1 0
    outer loop
      vertex 112 88 0
      vertex 103.15 88 6.52776
      vertex 103.349 88 6.4294
    endloop
  endfacet
  facet normal 0 1 0
    outer loop
      vertex 103.15 88 6.52776
      vertex 112 88 0
      vertex 14.85 88 6.52776
    endloop
  endfacet
  facet normal 0 1 0
    outer loop
      vertex 112 88 0
      vertex 103.349 88 6.4294
      vertex 103.56 88 6.35793
    endloop
  endfacet
  facet normal 0 1 0
    outer loop
      vertex 6 88 0
      vertex 14.85 88 6.52776
      vertex 112 88 0
    endloop
  endfacet
  facet normal 0 1 0
    outer loop
      vertex 112 88 0
      vertex 103.56 88 6.35793
      vertex 103.778 88 6.31454
    endloop
  endfacet
  facet normal 0 1 0
    outer loop
      vertex 14.85 88 6.52776
      vertex 6 88 0
      vertex 14.6506 88 6.4294
    endloop
  endfacet
  facet normal 0 1 0
    outer loop
      vertex 112 88 0
      vertex 103.778 88 6.31454
      vertex 104 88 6.3
    endloop
  endfacet
  facet normal 0 1 0
    outer loop
      vertex 14.6506 88 6.4294
      vertex 6 88 0
      vertex 14.44 88 6.35793
    endloop
  endfacet
  facet normal 0 1 0
    outer loop
      vertex 103.778 88 9.68546
      vertex 112 88 46
      vertex 104 88 9.7
    endloop
  endfacet
  facet normal 0 1 0
    outer loop
      vertex 112 88 46
      vertex 104.222 88 9.68546
      vertex 104 88 9.7
    endloop
  endfacet
  facet normal 0 1 0
    outer loop
      vertex 112 88 46
      vertex 104.44 88 9.64207
      vertex 104.222 88 9.68546
    endloop
  endfacet
  facet normal 0 1 0
    outer loop
      vertex 112 88 46
      vertex 104.651 88 9.57059
      vertex 104.44 88 9.64207
    endloop
  endfacet
  facet normal 0 1 0
    outer loop
      vertex 112 88 46
      vertex 104.85 88 9.47224
      vertex 104.651 88 9.57059
    endloop
  endfacet
  facet normal 0 1 0
    outer loop
      vertex 112 88 46
      vertex 105.035 88 9.3487
      vertex 104.85 88 9.47224
    endloop
  endfacet
  facet normal 0 1 0
    outer loop
      vertex 112 88 46
      vertex 105.202 88 9.20208
      vertex 105.035 88 9.3487
    endloop
  endfacet
  facet normal 0 1 0
    outer loop
      vertex 112 88 46
      vertex 105.349 88 9.03489
      vertex 105.202 88 9.20208
    endloop
  endfacet
  facet normal 0 1 0
    outer loop
      vertex 112 88 46
      vertex 105.472 88 8.85
      vertex 105.349 88 9.03489
    endloop
  endfacet
  facet normal 0 1 0
    outer loop
      vertex 112 88 46
      vertex 105.571 88 8.65056
      vertex 105.472 88 8.85
    endloop
  endfacet
  facet normal 0 1 -0
    outer loop
      vertex 112 88 0
      vertex 105.571 88 8.65056
      vertex 112 88 46
    endloop
  endfacet
  facet normal 0 1 0
    outer loop
      vertex 105.571 88 8.65056
      vertex 112 88 0
      vertex 105.642 88 8.43999
    endloop
  endfacet
  facet normal 0 1 0
    outer loop
      vertex 105.642 88 8.43999
      vertex 112 88 0
      vertex 105.685 88 8.22189
    endloop
  endfacet
  facet normal 0 1 0
    outer loop
      vertex 105.685 88 8.22189
      vertex 112 88 0
      vertex 105.7 88 8
    endloop
  endfacet
  facet normal 0 1 0
    outer loop
      vertex 14.44 88 6.35793
      vertex 6 88 0
      vertex 14.2219 88 6.31454
    endloop
  endfacet
  facet normal 0 1 0
    outer loop
      vertex 104.222 88 6.31454
      vertex 112 88 0
      vertex 104 88 6.3
    endloop
  endfacet
  facet normal 0 1 0
    outer loop
      vertex 104.44 88 6.35793
      vertex 112 88 0
      vertex 104.222 88 6.31454
    endloop
  endfacet
  facet normal 0 1 0
    outer loop
      vertex 104.651 88 6.4294
      vertex 112 88 0
      vertex 104.44 88 6.35793
    endloop
  endfacet
  facet normal 0 1 0
    outer loop
      vertex 104.85 88 6.52776
      vertex 112 88 0
      vertex 104.651 88 6.4294
    endloop
  endfacet
  facet normal 0 1 0
    outer loop
      vertex 105.035 88 6.6513
      vertex 112 88 0
      vertex 104.85 88 6.52776
    endloop
  endfacet
  facet normal 0 1 0
    outer loop
      vertex 105.202 88 6.79792
      vertex 112 88 0
      vertex 105.035 88 6.6513
    endloop
  endfacet
  facet normal 0 1 0
    outer loop
      vertex 105.349 88 6.96511
      vertex 112 88 0
      vertex 105.202 88 6.79792
    endloop
  endfacet
  facet normal 0 1 0
    outer loop
      vertex 105.472 88 7.15
      vertex 112 88 0
      vertex 105.349 88 6.96511
    endloop
  endfacet
  facet normal 0 1 0
    outer loop
      vertex 105.571 88 7.34944
      vertex 112 88 0
      vertex 105.472 88 7.15
    endloop
  endfacet
  facet normal 0 1 0
    outer loop
      vertex 105.642 88 7.56001
      vertex 112 88 0
      vertex 105.571 88 7.34944
    endloop
  endfacet
  facet normal 0 1 0
    outer loop
      vertex 105.685 88 7.7781
      vertex 112 88 0
      vertex 105.642 88 7.56001
    endloop
  endfacet
  facet normal 0 1 0
    outer loop
      vertex 105.7 88 8
      vertex 112 88 0
      vertex 105.685 88 7.7781
    endloop
  endfacet
  facet normal 0 1 0
    outer loop
      vertex 103.56 88 9.64207
      vertex 112 88 46
      vertex 103.778 88 9.68546
    endloop
  endfacet
  facet normal 0 1 -0
    outer loop
      vertex 13.7781 88 9.68546
      vertex 6 88 46
      vertex 14 88 9.7
    endloop
  endfacet
  facet normal 0 1 -0
    outer loop
      vertex 13.56 88 9.64207
      vertex 6 88 46
      vertex 13.7781 88 9.68546
    endloop
  endfacet
  facet normal 0 1 -0
    outer loop
      vertex 13.3494 88 9.57059
      vertex 6 88 46
      vertex 13.56 88 9.64207
    endloop
  endfacet
  facet normal 0 1 -0
    outer loop
      vertex 13.15 88 9.47224
      vertex 6 88 46
      vertex 13.3494 88 9.57059
    endloop
  endfacet
  facet normal 0 1 -0
    outer loop
      vertex 12.9651 88 9.3487
      vertex 6 88 46
      vertex 13.15 88 9.47224
    endloop
  endfacet
  facet normal 0 1 -0
    outer loop
      vertex 12.7979 88 9.20208
      vertex 6 88 46
      vertex 12.9651 88 9.3487
    endloop
  endfacet
  facet normal 0 1 -0
    outer loop
      vertex 12.6513 88 9.03489
      vertex 6 88 46
      vertex 12.7979 88 9.20208
    endloop
  endfacet
  facet normal 0 1 -0
    outer loop
      vertex 12.5278 88 8.85
      vertex 6 88 46
      vertex 12.6513 88 9.03489
    endloop
  endfacet
  facet normal 0 1 -0
    outer loop
      vertex 12.4294 88 8.65056
      vertex 6 88 46
      vertex 12.5278 88 8.85
    endloop
  endfacet
  facet normal 0 1 0
    outer loop
      vertex 6 88 0
      vertex 12.4294 88 8.65056
      vertex 12.3579 88 8.43999
    endloop
  endfacet
  facet normal 0 1 0
    outer loop
      vertex 6 88 0
      vertex 12.3579 88 8.43999
      vertex 12.3145 88 8.22189
    endloop
  endfacet
  facet normal 0 1 0
    outer loop
      vertex 6 88 0
      vertex 12.3145 88 8.22189
      vertex 12.3 88 8
    endloop
  endfacet
  facet normal 0 1 0
    outer loop
      vertex 6 88 0
      vertex 12.3 88 8
      vertex 12.3145 88 7.7781
    endloop
  endfacet
  facet normal 0 1 0
    outer loop
      vertex 12.4294 88 8.65056
      vertex 6 88 0
      vertex 6 88 46
    endloop
  endfacet
  facet normal 0 1 0
    outer loop
      vertex 12.3579 88 7.56001
      vertex 6 88 0
      vertex 12.3145 88 7.7781
    endloop
  endfacet
  facet normal 0 1 0
    outer loop
      vertex 12.4294 88 7.34944
      vertex 6 88 0
      vertex 12.3579 88 7.56001
    endloop
  endfacet
  facet normal 0 1 0
    outer loop
      vertex 12.5278 88 7.15
      vertex 6 88 0
      vertex 12.4294 88 7.34944
    endloop
  endfacet
  facet normal 0 1 0
    outer loop
      vertex 12.6513 88 6.96511
      vertex 6 88 0
      vertex 12.5278 88 7.15
    endloop
  endfacet
  facet normal 0 1 0
    outer loop
      vertex 12.7979 88 6.79792
      vertex 6 88 0
      vertex 12.6513 88 6.96511
    endloop
  endfacet
  facet normal 0 1 0
    outer loop
      vertex 12.9651 88 6.6513
      vertex 6 88 0
      vertex 12.7979 88 6.79792
    endloop
  endfacet
  facet normal 0 1 0
    outer loop
      vertex 13.15 88 6.52776
      vertex 6 88 0
      vertex 12.9651 88 6.6513
    endloop
  endfacet
  facet normal 0 1 0
    outer loop
      vertex 13.3494 88 6.4294
      vertex 6 88 0
      vertex 13.15 88 6.52776
    endloop
  endfacet
  facet normal 0 1 0
    outer loop
      vertex 13.56 88 6.35793
      vertex 6 88 0
      vertex 13.3494 88 6.4294
    endloop
  endfacet
  facet normal 0 1 0
    outer loop
      vertex 13.7781 88 6.31454
      vertex 6 88 0
      vertex 13.56 88 6.35793
    endloop
  endfacet
  facet normal 0 1 0
    outer loop
      vertex 14 88 6.3
      vertex 6 88 0
      vertex 13.7781 88 6.31454
    endloop
  endfacet
  facet normal 0 1 0
    outer loop
      vertex 14.2219 88 6.31454
      vertex 6 88 0
      vertex 14 88 6.3
    endloop
  endfacet
  facet normal -1 0 0
    outer loop
      vertex 0 6 19.9091
      vertex 0 82 0
      vertex 0 6 0
    endloop
  endfacet
  facet normal -1 0 0
    outer loop
      vertex 0 82 0
      vertex 0 6 19.9091
      vertex 0 82 44.0909
    endloop
  endfacet
  facet normal 1 -0 0
    outer loop
      vertex 118 6 19.9091
      vertex 118 82 0
      vertex 118 82 44.0909
    endloop
  endfacet
  facet normal 1 0 0
    outer loop
      vertex 118 82 0
      vertex 118 6 19.9091
      vertex 118 6 0
    endloop
  endfacet
  facet normal 0 -1 0
    outer loop
      vertex 14.6506 0 9.57059
      vertex 6 0 18
      vertex 14.44 0 9.64207
    endloop
  endfacet
  facet normal 0 -1 0
    outer loop
      vertex 112 0 18
      vertex 103.778 0 9.68546
      vertex 104 0 9.7
    endloop
  endfacet
  facet normal 0 -1 0
    outer loop
      vertex 14.85 0 9.47224
      vertex 6 0 18
      vertex 14.6506 0 9.57059
    endloop
  endfacet
  facet normal 0 -1 0
    outer loop
      vertex 112 0 18
      vertex 103.56 0 9.64207
      vertex 103.778 0 9.68546
    endloop
  endfacet
  facet normal 0 -1 0
    outer loop
      vertex 15.0349 0 9.3487
      vertex 6 0 18
      vertex 14.85 0 9.47224
    endloop
  endfacet
  facet normal 0 -1 0
    outer loop
      vertex 112 0 18
      vertex 103.349 0 9.57059
      vertex 103.56 0 9.64207
    endloop
  endfacet
  facet normal 0 -1 0
    outer loop
      vertex 6 0 18
      vertex 15.0349 0 9.3487
      vertex 112 0 18
    endloop
  endfacet
  facet normal 0 -1 0
    outer loop
      vertex 112 0 18
      vertex 103.15 0 9.47224
      vertex 103.349 0 9.57059
    endloop
  endfacet
  facet normal 0 -1 0
    outer loop
      vertex 102.965 0 9.3487
      vertex 112 0 18
      vertex 15.0349 0 9.3487
    endloop
  endfacet
  facet normal 0 -1 0
    outer loop
      vertex 112 0 18
      vertex 102.965 0 9.3487
      vertex 103.15 0 9.47224
    endloop
  endfacet
  facet normal 0 -1 0
    outer loop
      vertex 15.2021 0 9.20208
      vertex 102.965 0 9.3487
      vertex 15.0349 0 9.3487
    endloop
  endfacet
  facet normal 0 -1 0
    outer loop
      vertex 15.2021 0 9.20208
      vertex 102.798 0 9.20208
      vertex 102.965 0 9.3487
    endloop
  endfacet
  facet normal 0 -1 0
    outer loop
      vertex 15.3487 0 9.03489
      vertex 102.798 0 9.20208
      vertex 15.2021 0 9.20208
    endloop
  endfacet
  facet normal 0 -1 0
    outer loop
      vertex 15.3487 0 9.03489
      vertex 102.651 0 9.03489
      vertex 102.798 0 9.20208
    endloop
  endfacet
  facet normal 0 -1 0
    outer loop
      vertex 15.4722 0 8.85
      vertex 102.651 0 9.03489
      vertex 15.3487 0 9.03489
    endloop
  endfacet
  facet normal 0 -1 0
    outer loop
      vertex 15.4722 0 8.85
      vertex 102.528 0 8.85
      vertex 102.651 0 9.03489
    endloop
  endfacet
  facet normal 0 -1 0
    outer loop
      vertex 15.5706 0 8.65056
      vertex 102.528 0 8.85
      vertex 15.4722 0 8.85
    endloop
  endfacet
  facet normal 0 -1 0
    outer loop
      vertex 15.5706 0 8.65056
      vertex 102.429 0 8.65056
      vertex 102.528 0 8.85
    endloop
  endfacet
  facet normal 0 -1 0
    outer loop
      vertex 15.6421 0 8.43999
      vertex 102.429 0 8.65056
      vertex 15.5706 0 8.65056
    endloop
  endfacet
  facet normal 0 -1 0
    outer loop
      vertex 15.6421 0 8.43999
      vertex 102.358 0 8.43999
      vertex 102.429 0 8.65056
    endloop
  endfacet
  facet normal 0 -1 0
    outer loop
      vertex 15.6855 0 8.22189
      vertex 102.358 0 8.43999
      vertex 15.6421 0 8.43999
    endloop
  endfacet
  facet normal 0 -1 0
    outer loop
      vertex 15.6855 0 8.22189
      vertex 102.315 0 8.22189
      vertex 102.358 0 8.43999
    endloop
  endfacet
  facet normal 0 -1 0
    outer loop
      vertex 15.7 0 8
      vertex 102.315 0 8.22189
      vertex 15.6855 0 8.22189
    endloop
  endfacet
  facet normal 0 -1 0
    outer loop
      vertex 15.7 0 8
      vertex 102.3 0 8
      vertex 102.315 0 8.22189
    endloop
  endfacet
  facet normal 0 -1 0
    outer loop
      vertex 15.6855 0 7.7781
      vertex 102.3 0 8
      vertex 15.7 0 8
    endloop
  endfacet
  facet normal 0 -1 0
    outer loop
      vertex 15.6855 0 7.7781
      vertex 102.315 0 7.7781
      vertex 102.3 0 8
    endloop
  endfacet
  facet normal 0 -1 0
    outer loop
      vertex 15.6421 0 7.56001
      vertex 102.315 0 7.7781
      vertex 15.6855 0 7.7781
    endloop
  endfacet
  facet normal 0 -1 0
    outer loop
      vertex 15.6421 0 7.56001
      vertex 102.358 0 7.56001
      vertex 102.315 0 7.7781
    endloop
  endfacet
  facet normal 0 -1 0
    outer loop
      vertex 15.5706 0 7.34944
      vertex 102.358 0 7.56001
      vertex 15.6421 0 7.56001
    endloop
  endfacet
  facet normal 0 -1 0
    outer loop
      vertex 15.5706 0 7.34944
      vertex 102.429 0 7.34944
      vertex 102.358 0 7.56001
    endloop
  endfacet
  facet normal 0 -1 0
    outer loop
      vertex 15.4722 0 7.15
      vertex 102.429 0 7.34944
      vertex 15.5706 0 7.34944
    endloop
  endfacet
  facet normal 0 -1 0
    outer loop
      vertex 15.4722 0 7.15
      vertex 102.528 0 7.15
      vertex 102.429 0 7.34944
    endloop
  endfacet
  facet normal 0 -1 0
    outer loop
      vertex 15.3487 0 6.96511
      vertex 102.528 0 7.15
      vertex 15.4722 0 7.15
    endloop
  endfacet
  facet normal 0 -1 0
    outer loop
      vertex 15.3487 0 6.96511
      vertex 102.651 0 6.96511
      vertex 102.528 0 7.15
    endloop
  endfacet
  facet normal 0 -1 0
    outer loop
      vertex 15.2021 0 6.79792
      vertex 102.651 0 6.96511
      vertex 15.3487 0 6.96511
    endloop
  endfacet
  facet normal 0 -1 0
    outer loop
      vertex 15.2021 0 6.79792
      vertex 102.798 0 6.79792
      vertex 102.651 0 6.96511
    endloop
  endfacet
  facet normal 0 -1 0
    outer loop
      vertex 15.0349 0 6.6513
      vertex 102.798 0 6.79792
      vertex 15.2021 0 6.79792
    endloop
  endfacet
  facet normal 0 -1 0
    outer loop
      vertex 15.0349 0 6.6513
      vertex 102.965 0 6.6513
      vertex 102.798 0 6.79792
    endloop
  endfacet
  facet normal 0 -1 0
    outer loop
      vertex 14.85 0 6.52776
      vertex 102.965 0 6.6513
      vertex 15.0349 0 6.6513
    endloop
  endfacet
  facet normal 0 -1 0
    outer loop
      vertex 14.85 0 6.52776
      vertex 103.15 0 6.52776
      vertex 102.965 0 6.6513
    endloop
  endfacet
  facet normal 0 -1 0
    outer loop
      vertex 6 0 0
      vertex 14.85 0 6.52776
      vertex 14.6506 0 6.4294
    endloop
  endfacet
  facet normal 0 -1 -0
    outer loop
      vertex 14.85 0 6.52776
      vertex 6 0 0
      vertex 103.15 0 6.52776
    endloop
  endfacet
  facet normal 0 -1 0
    outer loop
      vertex 6 0 0
      vertex 14.6506 0 6.4294
      vertex 14.44 0 6.35793
    endloop
  endfacet
  facet normal 0 -1 0
    outer loop
      vertex 112 0 0
      vertex 103.15 0 6.52776
      vertex 6 0 0
    endloop
  endfacet
  facet normal 0 -1 0
    outer loop
      vertex 6 0 0
      vertex 14.44 0 6.35793
      vertex 14.2219 0 6.31454
    endloop
  endfacet
  facet normal 0 -1 0
    outer loop
      vertex 103.15 0 6.52776
      vertex 112 0 0
      vertex 103.349 0 6.4294
    endloop
  endfacet
  facet normal 0 -1 0
    outer loop
      vertex 6 0 0
      vertex 14.2219 0 6.31454
      vertex 14 0 6.3
    endloop
  endfacet
  facet normal 0 -1 0
    outer loop
      vertex 103.349 0 6.4294
      vertex 112 0 0
      vertex 103.56 0 6.35793
    endloop
  endfacet
  facet normal 0 -1 0
    outer loop
      vertex 14.2219 0 9.68546
      vertex 6 0 18
      vertex 14 0 9.7
    endloop
  endfacet
  facet normal 0 -1 0
    outer loop
      vertex 6 0 18
      vertex 13.7781 0 9.68546
      vertex 14 0 9.7
    endloop
  endfacet
  facet normal 0 -1 0
    outer loop
      vertex 6 0 18
      vertex 13.56 0 9.64207
      vertex 13.7781 0 9.68546
    endloop
  endfacet
  facet normal 0 -1 0
    outer loop
      vertex 6 0 18
      vertex 13.3494 0 9.57059
      vertex 13.56 0 9.64207
    endloop
  endfacet
  facet normal 0 -1 0
    outer loop
      vertex 6 0 18
      vertex 13.15 0 9.47224
      vertex 13.3494 0 9.57059
    endloop
  endfacet
  facet normal 0 -1 0
    outer loop
      vertex 6 0 18
      vertex 12.9651 0 9.3487
      vertex 13.15 0 9.47224
    endloop
  endfacet
  facet normal 0 -1 0
    outer loop
      vertex 6 0 18
      vertex 12.7979 0 9.20208
      vertex 12.9651 0 9.3487
    endloop
  endfacet
  facet normal 0 -1 0
    outer loop
      vertex 6 0 18
      vertex 12.6513 0 9.03489
      vertex 12.7979 0 9.20208
    endloop
  endfacet
  facet normal 0 -1 0
    outer loop
      vertex 6 0 18
      vertex 12.5278 0 8.85
      vertex 12.6513 0 9.03489
    endloop
  endfacet
  facet normal 0 -1 0
    outer loop
      vertex 6 0 18
      vertex 12.4294 0 8.65056
      vertex 12.5278 0 8.85
    endloop
  endfacet
  facet normal 0 -1 0
    outer loop
      vertex 6 0 18
      vertex 12.3579 0 8.43999
      vertex 12.4294 0 8.65056
    endloop
  endfacet
  facet normal 0 -1 0
    outer loop
      vertex 6 0 18
      vertex 12.3145 0 8.22189
      vertex 12.3579 0 8.43999
    endloop
  endfacet
  facet normal 0 -1 0
    outer loop
      vertex 6 0 0
      vertex 12.3145 0 8.22189
      vertex 6 0 18
    endloop
  endfacet
  facet normal 0 -1 0
    outer loop
      vertex 12.3145 0 8.22189
      vertex 6 0 0
      vertex 12.3 0 8
    endloop
  endfacet
  facet normal 0 -1 -0
    outer loop
      vertex 12.3 0 8
      vertex 6 0 0
      vertex 12.3145 0 7.7781
    endloop
  endfacet
  facet normal 0 -1 -0
    outer loop
      vertex 12.3145 0 7.7781
      vertex 6 0 0
      vertex 12.3579 0 7.56001
    endloop
  endfacet
  facet normal 0 -1 -0
    outer loop
      vertex 12.3579 0 7.56001
      vertex 6 0 0
      vertex 12.4294 0 7.34944
    endloop
  endfacet
  facet normal 0 -1 0
    outer loop
      vertex 103.56 0 6.35793
      vertex 112 0 0
      vertex 103.778 0 6.31454
    endloop
  endfacet
  facet normal 0 -1 -0
    outer loop
      vertex 13.7781 0 6.31454
      vertex 6 0 0
      vertex 14 0 6.3
    endloop
  endfacet
  facet normal 0 -1 -0
    outer loop
      vertex 13.56 0 6.35793
      vertex 6 0 0
      vertex 13.7781 0 6.31454
    endloop
  endfacet
  facet normal 0 -1 -0
    outer loop
      vertex 13.3494 0 6.4294
      vertex 6 0 0
      vertex 13.56 0 6.35793
    endloop
  endfacet
  facet normal 0 -1 -0
    outer loop
      vertex 13.15 0 6.52776
      vertex 6 0 0
      vertex 13.3494 0 6.4294
    endloop
  endfacet
  facet normal 0 -1 -0
    outer loop
      vertex 12.9651 0 6.6513
      vertex 6 0 0
      vertex 13.15 0 6.52776
    endloop
  endfacet
  facet normal 0 -1 -0
    outer loop
      vertex 12.7979 0 6.79792
      vertex 6 0 0
      vertex 12.9651 0 6.6513
    endloop
  endfacet
  facet normal 0 -1 -0
    outer loop
      vertex 12.6513 0 6.96511
      vertex 6 0 0
      vertex 12.7979 0 6.79792
    endloop
  endfacet
  facet normal 0 -1 -0
    outer loop
      vertex 12.5278 0 7.15
      vertex 6 0 0
      vertex 12.6513 0 6.96511
    endloop
  endfacet
  facet normal 0 -1 -0
    outer loop
      vertex 12.4294 0 7.34944
      vertex 6 0 0
      vertex 12.5278 0 7.15
    endloop
  endfacet
  facet normal 0 -1 0
    outer loop
      vertex 14.44 0 9.64207
      vertex 6 0 18
      vertex 14.2219 0 9.68546
    endloop
  endfacet
  facet normal 0 -1 0
    outer loop
      vertex 104.222 0 9.68546
      vertex 112 0 18
      vertex 104 0 9.7
    endloop
  endfacet
  facet normal 0 -1 0
    outer loop
      vertex 104.44 0 9.64207
      vertex 112 0 18
      vertex 104.222 0 9.68546
    endloop
  endfacet
  facet normal 0 -1 0
    outer loop
      vertex 104.651 0 9.57059
      vertex 112 0 18
      vertex 104.44 0 9.64207
    endloop
  endfacet
  facet normal 0 -1 0
    outer loop
      vertex 104.85 0 9.47224
      vertex 112 0 18
      vertex 104.651 0 9.57059
    endloop
  endfacet
  facet normal 0 -1 0
    outer loop
      vertex 105.035 0 9.3487
      vertex 112 0 18
      vertex 104.85 0 9.47224
    endloop
  endfacet
  facet normal 0 -1 0
    outer loop
      vertex 105.202 0 9.20208
      vertex 112 0 18
      vertex 105.035 0 9.3487
    endloop
  endfacet
  facet normal 0 -1 0
    outer loop
      vertex 105.349 0 9.03489
      vertex 112 0 18
      vertex 105.202 0 9.20208
    endloop
  endfacet
  facet normal 0 -1 0
    outer loop
      vertex 105.472 0 8.85
      vertex 112 0 18
      vertex 105.349 0 9.03489
    endloop
  endfacet
  facet normal 0 -1 0
    outer loop
      vertex 105.571 0 8.65056
      vertex 112 0 18
      vertex 105.472 0 8.85
    endloop
  endfacet
  facet normal 0 -1 0
    outer loop
      vertex 105.642 0 8.43999
      vertex 112 0 18
      vertex 105.571 0 8.65056
    endloop
  endfacet
  facet normal 0 -1 0
    outer loop
      vertex 105.685 0 8.22189
      vertex 112 0 18
      vertex 105.642 0 8.43999
    endloop
  endfacet
  facet normal 0 -1 0
    outer loop
      vertex 112 0 0
      vertex 105.685 0 8.22189
      vertex 105.7 0 8
    endloop
  endfacet
  facet normal 0 -1 0
    outer loop
      vertex 112 0 0
      vertex 105.7 0 8
      vertex 105.685 0 7.7781
    endloop
  endfacet
  facet normal 0 -1 0
    outer loop
      vertex 112 0 0
      vertex 105.685 0 7.7781
      vertex 105.642 0 7.56001
    endloop
  endfacet
  facet normal 0 -1 0
    outer loop
      vertex 112 0 0
      vertex 105.642 0 7.56001
      vertex 105.571 0 7.34944
    endloop
  endfacet
  facet normal 0 -1 0
    outer loop
      vertex 112 0 0
      vertex 105.571 0 7.34944
      vertex 105.472 0 7.15
    endloop
  endfacet
  facet normal 0 -1 0
    outer loop
      vertex 105.685 0 8.22189
      vertex 112 0 0
      vertex 112 0 18
    endloop
  endfacet
  facet normal 0 -1 0
    outer loop
      vertex 105.349 0 6.96511
      vertex 112 0 0
      vertex 105.472 0 7.15
    endloop
  endfacet
  facet normal 0 -1 0
    outer loop
      vertex 105.202 0 6.79792
      vertex 112 0 0
      vertex 105.349 0 6.96511
    endloop
  endfacet
  facet normal 0 -1 0
    outer loop
      vertex 105.035 0 6.6513
      vertex 112 0 0
      vertex 105.202 0 6.79792
    endloop
  endfacet
  facet normal 0 -1 0
    outer loop
      vertex 104.85 0 6.52776
      vertex 112 0 0
      vertex 105.035 0 6.6513
    endloop
  endfacet
  facet normal 0 -1 0
    outer loop
      vertex 104.651 0 6.4294
      vertex 112 0 0
      vertex 104.85 0 6.52776
    endloop
  endfacet
  facet normal 0 -1 0
    outer loop
      vertex 104.44 0 6.35793
      vertex 112 0 0
      vertex 104.651 0 6.4294
    endloop
  endfacet
  facet normal 0 -1 0
    outer loop
      vertex 104.222 0 6.31454
      vertex 112 0 0
      vertex 104.44 0 6.35793
    endloop
  endfacet
  facet normal 0 -1 0
    outer loop
      vertex 104 0 6.3
      vertex 112 0 0
      vertex 104.222 0 6.31454
    endloop
  endfacet
  facet normal 0 -1 0
    outer loop
      vertex 103.778 0 6.31454
      vertex 112 0 0
      vertex 104 0 6.3
    endloop
  endfacet
  facet normal 0.752103 0.659046 0
    outer loop
      vertex 116.76 85.6526 45.2531
      vertex 116.243 86.2426 0
      vertex 116.243 86.2426 45.4408
    endloop
  endfacet
  facet normal 0.752103 0.659046 0
    outer loop
      vertex 116.243 86.2426 0
      vertex 116.76 85.6526 45.2531
      vertex 116.76 85.6526 0
    endloop
  endfacet
  facet normal -0.831479 0.555556 0
    outer loop
      vertex 0.803833 85 45.0455
      vertex 1.23987 85.6526 0
      vertex 0.803833 85 0
    endloop
  endfacet
  facet normal -0.831479 0.555556 0
    outer loop
      vertex 1.23987 85.6526 0
      vertex 0.803833 85 45.0455
      vertex 1.23987 85.6526 45.2531
    endloop
  endfacet
  facet normal -0.997859 -0.0654026 -0
    outer loop
      vertex 0.0513306 5.21684 19.6599
      vertex 0 6 0
      vertex 0.0513306 5.21684 0
    endloop
  endfacet
  facet normal -0.997859 -0.0654026 0
    outer loop
      vertex 0 6 0
      vertex 0.0513306 5.21684 19.6599
      vertex 0 6 19.9091
    endloop
  endfacet
  facet normal 0.94665 -0.322263 0
    outer loop
      vertex 117.543 3.70389 19.1785
      vertex 117.796 4.44708 0
      vertex 117.796 4.44708 19.415
    endloop
  endfacet
  facet normal 0.94665 -0.322263 0
    outer loop
      vertex 117.796 4.44708 0
      vertex 117.543 3.70389 19.1785
      vertex 117.543 3.70389 0
    endloop
  endfacet
  facet normal 0.980813 -0.19495 0
    outer loop
      vertex 117.796 4.44708 19.415
      vertex 117.949 5.21684 0
      vertex 117.949 5.21684 19.6599
    endloop
  endfacet
  facet normal 0.980813 -0.19495 0
    outer loop
      vertex 117.949 5.21684 0
      vertex 117.796 4.44708 19.415
      vertex 117.796 4.44708 0
    endloop
  endfacet
  facet normal 0.442235 -0.896899 0
    outer loop
      vertex 115 0.803833 0
      vertex 114.296 0.456711 18.1453
      vertex 114.296 0.456711 0
    endloop
  endfacet
  facet normal 0.442235 -0.896899 0
    outer loop
      vertex 114.296 0.456711 18.1453
      vertex 115 0.803833 0
      vertex 115 0.803833 18.2558
    endloop
  endfacet
  facet normal -0.19508 -0.980787 0
    outer loop
      vertex 4.44708 0.204437 0
      vertex 5.21684 0.0513306 18.0163
      vertex 4.44708 0.204437 18.065
    endloop
  endfacet
  facet normal -0.19508 -0.980787 -0
    outer loop
      vertex 5.21684 0.0513306 18.0163
      vertex 4.44708 0.204437 0
      vertex 5.21684 0.0513306 0
    endloop
  endfacet
  facet normal -0.831467 -0.555573 -0
    outer loop
      vertex 1.23987 2.34743 18.7469
      vertex 0.803833 3 0
      vertex 1.23987 2.34743 0
    endloop
  endfacet
  facet normal -0.831467 -0.555573 0
    outer loop
      vertex 0.803833 3 0
      vertex 1.23987 2.34743 18.7469
      vertex 0.803833 3 18.9545
    endloop
  endfacet
  facet normal 0.831501 0.555523 0
    outer loop
      vertex 117.196 85 45.0455
      vertex 116.76 85.6526 0
      vertex 116.76 85.6526 45.2531
    endloop
  endfacet
  facet normal 0.831501 0.555523 0
    outer loop
      vertex 116.76 85.6526 0
      vertex 117.196 85 45.0455
      vertex 117.196 85 0
    endloop
  endfacet
  facet normal 0.896936 0.44216 0
    outer loop
      vertex 117.543 84.2961 44.8215
      vertex 117.196 85 0
      vertex 117.196 85 45.0455
    endloop
  endfacet
  facet normal 0.896936 0.44216 0
    outer loop
      vertex 117.196 85 0
      vertex 117.543 84.2961 44.8215
      vertex 117.543 84.2961 0
    endloop
  endfacet
  facet normal 0.555376 0.831599 0
    outer loop
      vertex 115 87.1962 0
      vertex 115.653 86.7601 45.6055
      vertex 115.653 86.7601 0
    endloop
  endfacet
  facet normal 0.555376 0.831599 0
    outer loop
      vertex 115.653 86.7601 45.6055
      vertex 115 87.1962 0
      vertex 115 87.1962 45.7442
    endloop
  endfacet
  facet normal 0.442212 0.89691 0
    outer loop
      vertex 114.296 87.5433 0
      vertex 115 87.1962 45.7442
      vertex 115 87.1962 0
    endloop
  endfacet
  facet normal 0.442212 0.89691 0
    outer loop
      vertex 115 87.1962 45.7442
      vertex 114.296 87.5433 0
      vertex 114.296 87.5433 45.8547
    endloop
  endfacet
  facet normal 0.195136 0.980776 0
    outer loop
      vertex 112.783 87.9487 0
      vertex 113.553 87.7955 45.9349
      vertex 113.553 87.7955 0
    endloop
  endfacet
  facet normal 0.195136 0.980776 0
    outer loop
      vertex 113.553 87.7955 45.9349
      vertex 112.783 87.9487 0
      vertex 112.783 87.9487 45.9837
    endloop
  endfacet
  facet normal 0.321423 0.946936 0
    outer loop
      vertex 113.553 87.7955 0
      vertex 114.296 87.5433 45.8547
      vertex 114.296 87.5433 0
    endloop
  endfacet
  facet normal 0.321423 0.946936 0
    outer loop
      vertex 114.296 87.5433 45.8547
      vertex 113.553 87.7955 0
      vertex 113.553 87.7955 45.9349
    endloop
  endfacet
  facet normal -0.321349 0.946961 0
    outer loop
      vertex 4.44708 87.7955 0
      vertex 3.70389 87.5433 45.8547
      vertex 4.44708 87.7955 45.9349
    endloop
  endfacet
  facet normal -0.321349 0.946961 0
    outer loop
      vertex 3.70389 87.5433 45.8547
      vertex 4.44708 87.7955 0
      vertex 3.70389 87.5433 0
    endloop
  endfacet
  facet normal -0.442268 0.896883 0
    outer loop
      vertex 3.70389 87.5433 0
      vertex 3 87.1962 45.7442
      vertex 3.70389 87.5433 45.8547
    endloop
  endfacet
  facet normal -0.442268 0.896883 0
    outer loop
      vertex 3 87.1962 45.7442
      vertex 3.70389 87.5433 0
      vertex 3 87.1962 0
    endloop
  endfacet
  facet normal -0.751799 0.659392 0
    outer loop
      vertex 1.23987 85.6526 45.2531
      vertex 1.75735 86.2426 0
      vertex 1.23987 85.6526 0
    endloop
  endfacet
  facet normal -0.751799 0.659392 0
    outer loop
      vertex 1.75735 86.2426 0
      vertex 1.23987 85.6526 45.2531
      vertex 1.75735 86.2426 45.4408
    endloop
  endfacet
  facet normal -0.659356 0.751831 0
    outer loop
      vertex 2.34743 86.7601 0
      vertex 1.75735 86.2426 45.4408
      vertex 2.34743 86.7601 45.6055
    endloop
  endfacet
  facet normal -0.659356 0.751831 0
    outer loop
      vertex 1.75735 86.2426 45.4408
      vertex 2.34743 86.7601 0
      vertex 1.75735 86.2426 0
    endloop
  endfacet
  facet normal -0.896874 0.442286 0
    outer loop
      vertex 0.456711 84.2961 44.8215
      vertex 0.803833 85 0
      vertex 0.456711 84.2961 0
    endloop
  endfacet
  facet normal -0.896874 0.442286 0
    outer loop
      vertex 0.803833 85 0
      vertex 0.456711 84.2961 44.8215
      vertex 0.803833 85 45.0455
    endloop
  endfacet
  facet normal -0.946933 0.32143 0
    outer loop
      vertex 0.204437 83.5529 44.585
      vertex 0.456711 84.2961 0
      vertex 0.204437 83.5529 0
    endloop
  endfacet
  facet normal -0.946933 0.32143 0
    outer loop
      vertex 0.456711 84.2961 0
      vertex 0.204437 83.5529 44.585
      vertex 0.456711 84.2961 44.8215
    endloop
  endfacet
  facet normal -0.980787 -0.19508 -0
    outer loop
      vertex 0.204437 4.44708 19.415
      vertex 0.0513306 5.21684 0
      vertex 0.204437 4.44708 0
    endloop
  endfacet
  facet normal -0.980787 -0.19508 0
    outer loop
      vertex 0.0513306 5.21684 0
      vertex 0.204437 4.44708 19.415
      vertex 0.0513306 5.21684 19.6599
    endloop
  endfacet
  facet normal 0.831489 -0.555541 0
    outer loop
      vertex 116.76 2.34743 18.7469
      vertex 117.196 3 0
      vertex 117.196 3 18.9545
    endloop
  endfacet
  facet normal 0.831489 -0.555541 0
    outer loop
      vertex 117.196 3 0
      vertex 116.76 2.34743 18.7469
      vertex 116.76 2.34743 0
    endloop
  endfacet
  facet normal 0.980815 0.19494 0
    outer loop
      vertex 117.949 82.7831 44.3401
      vertex 117.796 83.5529 0
      vertex 117.796 83.5529 44.585
    endloop
  endfacet
  facet normal 0.980815 0.19494 0
    outer loop
      vertex 117.796 83.5529 0
      vertex 117.949 82.7831 44.3401
      vertex 117.949 82.7831 0
    endloop
  endfacet
  facet normal 0.55532 -0.831636 0
    outer loop
      vertex 115.653 1.23987 0
      vertex 115 0.803833 18.2558
      vertex 115 0.803833 0
    endloop
  endfacet
  facet normal 0.55532 -0.831636 0
    outer loop
      vertex 115 0.803833 18.2558
      vertex 115.653 1.23987 0
      vertex 115.653 1.23987 18.3945
    endloop
  endfacet
  facet normal -0.442291 -0.896872 0
    outer loop
      vertex 3 0.803833 0
      vertex 3.70389 0.456711 18.1453
      vertex 3 0.803833 18.2558
    endloop
  endfacet
  facet normal -0.442291 -0.896872 -0
    outer loop
      vertex 3.70389 0.456711 18.1453
      vertex 3 0.803833 0
      vertex 3.70389 0.456711 0
    endloop
  endfacet
  facet normal 0.659406 0.751787 0
    outer loop
      vertex 115.653 86.7601 0
      vertex 116.243 86.2426 45.4408
      vertex 116.243 86.2426 0
    endloop
  endfacet
  facet normal 0.659406 0.751787 0
    outer loop
      vertex 116.243 86.2426 45.4408
      vertex 115.653 86.7601 0
      vertex 115.653 86.7601 45.6055
    endloop
  endfacet
  facet normal -0.195195 0.980764 0
    outer loop
      vertex 5.21684 87.9487 0
      vertex 4.44708 87.7955 45.9349
      vertex 5.21684 87.9487 45.9837
    endloop
  endfacet
  facet normal -0.195195 0.980764 0
    outer loop
      vertex 4.44708 87.7955 45.9349
      vertex 5.21684 87.9487 0
      vertex 4.44708 87.7955 0
    endloop
  endfacet
  facet normal -0.980789 0.19507 0
    outer loop
      vertex 0.0513306 82.7831 44.3401
      vertex 0.204437 83.5529 0
      vertex 0.0513306 82.7831 0
    endloop
  endfacet
  facet normal -0.980789 0.19507 0
    outer loop
      vertex 0.204437 83.5529 0
      vertex 0.0513306 82.7831 44.3401
      vertex 0.204437 83.5529 44.585
    endloop
  endfacet
  facet normal 0.997886 0.0649881 0
    outer loop
      vertex 118 82 44.0909
      vertex 117.949 82.7831 0
      vertex 117.949 82.7831 44.3401
    endloop
  endfacet
  facet normal 0.997886 0.0649881 0
    outer loop
      vertex 117.949 82.7831 0
      vertex 118 82 44.0909
      vertex 118 82 0
    endloop
  endfacet
  facet normal 0.997886 -0.0649832 0
    outer loop
      vertex 117.949 5.21684 19.6599
      vertex 118 6 0
      vertex 118 6 19.9091
    endloop
  endfacet
  facet normal 0.997886 -0.0649832 0
    outer loop
      vertex 118 6 0
      vertex 117.949 5.21684 19.6599
      vertex 117.949 5.21684 0
    endloop
  endfacet
  facet normal 0.896933 -0.442166 0
    outer loop
      vertex 117.196 3 18.9545
      vertex 117.543 3.70389 0
      vertex 117.543 3.70389 19.1785
    endloop
  endfacet
  facet normal 0.896933 -0.442166 0
    outer loop
      vertex 117.543 3.70389 0
      vertex 117.196 3 18.9545
      vertex 117.196 3 0
    endloop
  endfacet
  facet normal 0.752147 -0.658995 0
    outer loop
      vertex 116.243 1.75735 18.5592
      vertex 116.76 2.34743 0
      vertex 116.76 2.34743 18.7469
    endloop
  endfacet
  facet normal 0.752147 -0.658995 0
    outer loop
      vertex 116.76 2.34743 0
      vertex 116.243 1.75735 18.5592
      vertex 116.243 1.75735 0
    endloop
  endfacet
  facet normal 0.0654159 -0.997858 0
    outer loop
      vertex 112.783 0.0513306 0
      vertex 112 0 18
      vertex 112 0 0
    endloop
  endfacet
  facet normal 0.0654159 -0.997858 0
    outer loop
      vertex 112 0 18
      vertex 112.783 0.0513306 0
      vertex 112.783 0.0513306 18.0163
    endloop
  endfacet
  facet normal 0.321507 -0.946907 0
    outer loop
      vertex 114.296 0.456711 0
      vertex 113.553 0.204437 18.065
      vertex 113.553 0.204437 0
    endloop
  endfacet
  facet normal 0.321507 -0.946907 0
    outer loop
      vertex 113.553 0.204437 18.065
      vertex 114.296 0.456711 0
      vertex 114.296 0.456711 18.1453
    endloop
  endfacet
  facet normal -0.0654026 -0.997859 0
    outer loop
      vertex 5.21684 0.0513306 0
      vertex 6 0 18
      vertex 5.21684 0.0513306 18.0163
    endloop
  endfacet
  facet normal -0.0654026 -0.997859 -0
    outer loop
      vertex 6 0 18
      vertex 5.21684 0.0513306 0
      vertex 6 0 0
    endloop
  endfacet
  facet normal -0.321434 -0.946932 0
    outer loop
      vertex 3.70389 0.456711 0
      vertex 4.44708 0.204437 18.065
      vertex 3.70389 0.456711 18.1453
    endloop
  endfacet
  facet normal -0.321434 -0.946932 -0
    outer loop
      vertex 4.44708 0.204437 18.065
      vertex 3.70389 0.456711 0
      vertex 4.44708 0.204437 0
    endloop
  endfacet
  facet normal -0.751844 -0.659341 -0
    outer loop
      vertex 1.75735 1.75735 18.5592
      vertex 1.23987 2.34743 0
      vertex 1.75735 1.75735 0
    endloop
  endfacet
  facet normal -0.751844 -0.659341 0
    outer loop
      vertex 1.23987 2.34743 0
      vertex 1.75735 1.75735 18.5592
      vertex 1.23987 2.34743 18.7469
    endloop
  endfacet
  facet normal -0.0653638 0.997862 0
    outer loop
      vertex 6 88 0
      vertex 5.21684 87.9487 45.9837
      vertex 6 88 46
    endloop
  endfacet
  facet normal -0.0653638 0.997862 0
    outer loop
      vertex 5.21684 87.9487 45.9837
      vertex 6 88 0
      vertex 5.21684 87.9487 0
    endloop
  endfacet
  facet normal 0.195022 -0.980799 0
    outer loop
      vertex 113.553 0.204437 0
      vertex 112.783 0.0513306 18.0163
      vertex 112.783 0.0513306 0
    endloop
  endfacet
  facet normal 0.195022 -0.980799 0
    outer loop
      vertex 112.783 0.0513306 18.0163
      vertex 113.553 0.204437 0
      vertex 113.553 0.204437 18.065
    endloop
  endfacet
  facet normal -0.555573 -0.831467 0
    outer loop
      vertex 2.34743 1.23987 0
      vertex 3 0.803833 18.2558
      vertex 2.34743 1.23987 18.3945
    endloop
  endfacet
  facet normal -0.555573 -0.831467 -0
    outer loop
      vertex 3 0.803833 18.2558
      vertex 2.34743 1.23987 0
      vertex 3 0.803833 0
    endloop
  endfacet
  facet normal -0.659341 -0.751844 0
    outer loop
      vertex 1.75735 1.75735 0
      vertex 2.34743 1.23987 18.3945
      vertex 1.75735 1.75735 18.5592
    endloop
  endfacet
  facet normal -0.659341 -0.751844 -0
    outer loop
      vertex 2.34743 1.23987 18.3945
      vertex 1.75735 1.75735 0
      vertex 2.34743 1.23987 0
    endloop
  endfacet
  facet normal 1.7481e-05 -0.303238 0.952915
    outer loop
      vertex 109 77.3524 42.6121
      vertex 118 82 44.0909
      vertex 117.949 82.7831 44.3401
    endloop
  endfacet
  facet normal -2.04283e-06 -0.303203 0.952926
    outer loop
      vertex 118 82 44.0909
      vertex 109 77.3524 42.6121
      vertex 118 6 19.9091
    endloop
  endfacet
  facet normal -2.91281e-05 -0.303168 0.952937
    outer loop
      vertex 109 77.3524 42.6121
      vertex 117.949 82.7831 44.3401
      vertex 117.796 83.5529 44.585
    endloop
  endfacet
  facet normal 2.32749e-06 -0.303203 0.952926
    outer loop
      vertex 109 10.6476 21.3879
      vertex 118 6 19.9091
      vertex 109 77.3524 42.6121
    endloop
  endfacet
  facet normal 1.86882e-05 -0.30323 0.952918
    outer loop
      vertex 109 77.3524 42.6121
      vertex 117.796 83.5529 44.585
      vertex 117.543 84.2961 44.8215
    endloop
  endfacet
  facet normal -5.87438e-06 -0.303217 0.952921
    outer loop
      vertex 118 6 19.9091
      vertex 109 10.6476 21.3879
      vertex 117.949 5.21684 19.6599
    endloop
  endfacet
  facet normal 2.17376e-05 -0.303233 0.952916
    outer loop
      vertex 109 77.3524 42.6121
      vertex 117.543 84.2961 44.8215
      vertex 117.196 85 45.0455
    endloop
  endfacet
  facet normal 1.87829e-05 -0.30318 0.952933
    outer loop
      vertex 117.949 5.21684 19.6599
      vertex 109 10.6476 21.3879
      vertex 117.796 4.44708 19.415
    endloop
  endfacet
  facet normal -4.33587e-05 -0.30317 0.952937
    outer loop
      vertex 109 77.3524 42.6121
      vertex 117.196 85 45.0455
      vertex 116.76 85.6526 45.2531
    endloop
  endfacet
  facet normal -2.15638e-05 -0.303232 0.952917
    outer loop
      vertex 117.796 4.44708 19.415
      vertex 109 10.6476 21.3879
      vertex 117.543 3.70389 19.1785
    endloop
  endfacet
  facet normal -2.60494e-05 -0.303184 0.952932
    outer loop
      vertex 109 77.3524 42.6121
      vertex 116.76 85.6526 45.2531
      vertex 116.243 86.2426 45.4408
    endloop
  endfacet
  facet normal -2.44908e-05 -0.303236 0.952916
    outer loop
      vertex 117.543 3.70389 19.1785
      vertex 109 10.6476 21.3879
      vertex 117.196 3 18.9545
    endloop
  endfacet
  facet normal 3.85353e-05 -0.303232 0.952917
    outer loop
      vertex 109 77.3524 42.6121
      vertex 116.243 86.2426 45.4408
      vertex 115.653 86.7601 45.6055
    endloop
  endfacet
  facet normal 3.53479e-05 -0.303177 0.952934
    outer loop
      vertex 117.196 3 18.9545
      vertex 109 10.6476 21.3879
      vertex 116.76 2.34743 18.7469
    endloop
  endfacet
  facet normal -6.04502e-05 -0.303169 0.952937
    outer loop
      vertex 109 77.3524 42.6121
      vertex 115.653 86.7601 45.6055
      vertex 115 87.1962 45.7442
    endloop
  endfacet
  facet normal 4.93508e-05 -0.303166 0.952938
    outer loop
      vertex 116.76 2.34743 18.7469
      vertex 109 10.6476 21.3879
      vertex 116.243 1.75735 18.5592
    endloop
  endfacet
  facet normal 6.21688e-05 -0.303236 0.952915
    outer loop
      vertex 109 77.3524 42.6121
      vertex 115 87.1962 45.7442
      vertex 114.296 87.5433 45.8547
    endloop
  endfacet
  facet normal -4.54028e-05 -0.303236 0.952916
    outer loop
      vertex 116.243 1.75735 18.5592
      vertex 109 10.6476 21.3879
      vertex 115.653 1.23987 18.3945
    endloop
  endfacet
  facet normal -5.06598e-05 -0.303183 0.952932
    outer loop
      vertex 109 77.3524 42.6121
      vertex 114.296 87.5433 45.8547
      vertex 113.553 87.7955 45.9349
    endloop
  endfacet
  facet normal 4.01442e-05 -0.303181 0.952933
    outer loop
      vertex 115.653 1.23987 18.3945
      vertex 109 10.6476 21.3879
      vertex 115 0.803833 18.2558
    endloop
  endfacet
  facet normal 6.21909e-05 -0.303228 0.952918
    outer loop
      vertex 109 77.3524 42.6121
      vertex 113.553 87.7955 45.9349
      vertex 112.783 87.9487 45.9837
    endloop
  endfacet
  facet normal -5.44971e-05 -0.303233 0.952916
    outer loop
      vertex 115 0.803833 18.2558
      vertex 109 10.6476 21.3879
      vertex 114.296 0.456711 18.1453
    endloop
  endfacet
  facet normal -2.73152e-05 -0.303199 0.952927
    outer loop
      vertex 109 77.3524 42.6121
      vertex 112.783 87.9487 45.9837
      vertex 112 88 46
    endloop
  endfacet
  facet normal -3.25968e-05 -0.303223 0.95292
    outer loop
      vertex 114.296 0.456711 18.1453
      vertex 109 10.6476 21.3879
      vertex 113.553 0.204437 18.065
    endloop
  endfacet
  facet normal 1.91078e-05 -0.303202 0.952926
    outer loop
      vertex 113.553 0.204437 18.065
      vertex 109 10.6476 21.3879
      vertex 112.783 0.0513306 18.0163
    endloop
  endfacet
  facet normal 0 -0.303206 0.952925
    outer loop
      vertex 112 88 46
      vertex 9 77.3524 42.6121
      vertex 109 77.3524 42.6121
    endloop
  endfacet
  facet normal 2.73098e-05 -0.303199 0.952927
    outer loop
      vertex 5.21684 87.9487 45.9837
      vertex 9 77.3524 42.6121
      vertex 6 88 46
    endloop
  endfacet
  facet normal 0 -0.303206 0.952925
    outer loop
      vertex 6 88 46
      vertex 9 77.3524 42.6121
      vertex 112 88 46
    endloop
  endfacet
  facet normal 3.89495e-05 -0.303196 0.952928
    outer loop
      vertex 112.783 0.0513306 18.0163
      vertex 109 10.6476 21.3879
      vertex 112 0 18
    endloop
  endfacet
  facet normal 0 -0.303206 0.952925
    outer loop
      vertex 9 10.6476 21.3879
      vertex 112 0 18
      vertex 109 10.6476 21.3879
    endloop
  endfacet
  facet normal 0 -0.303206 0.952925
    outer loop
      vertex 9 10.6476 21.3879
      vertex 6 0 18
      vertex 112 0 18
    endloop
  endfacet
  facet normal 2.32749e-06 -0.303203 0.952926
    outer loop
      vertex 9 77.3524 42.6121
      vertex 0 82 44.0909
      vertex 9 10.6476 21.3879
    endloop
  endfacet
  facet normal -6.22089e-05 -0.303228 0.952918
    outer loop
      vertex 4.44708 87.7955 45.9349
      vertex 9 77.3524 42.6121
      vertex 5.21684 87.9487 45.9837
    endloop
  endfacet
  facet normal -2.04283e-06 -0.303203 0.952926
    outer loop
      vertex 0 6 19.9091
      vertex 9 10.6476 21.3879
      vertex 0 82 44.0909
    endloop
  endfacet
  facet normal 5.06486e-05 -0.303183 0.952932
    outer loop
      vertex 3.70389 87.5433 45.8547
      vertex 9 77.3524 42.6121
      vertex 4.44708 87.7955 45.9349
    endloop
  endfacet
  facet normal 2.05291e-06 -0.303211 0.952924
    outer loop
      vertex 0.456711 3.70389 19.1785
      vertex 9 10.6476 21.3879
      vertex 0 6 19.9091
    endloop
  endfacet
  facet normal -6.21763e-05 -0.303236 0.952915
    outer loop
      vertex 3 87.1962 45.7442
      vertex 9 77.3524 42.6121
      vertex 3.70389 87.5433 45.8547
    endloop
  endfacet
  facet normal -3.89417e-05 -0.303196 0.952928
    outer loop
      vertex 9 10.6476 21.3879
      vertex 5.21684 0.0513306 18.0163
      vertex 6 0 18
    endloop
  endfacet
  facet normal 6.04785e-05 -0.303169 0.952937
    outer loop
      vertex 2.34743 86.7601 45.6055
      vertex 9 77.3524 42.6121
      vertex 3 87.1962 45.7442
    endloop
  endfacet
  facet normal -1.91133e-05 -0.303202 0.952926
    outer loop
      vertex 9 10.6476 21.3879
      vertex 4.44708 0.204437 18.065
      vertex 5.21684 0.0513306 18.0163
    endloop
  endfacet
  facet normal -3.85331e-05 -0.303232 0.952917
    outer loop
      vertex 1.75735 86.2426 45.4408
      vertex 9 77.3524 42.6121
      vertex 2.34743 86.7601 45.6055
    endloop
  endfacet
  facet normal 3.25896e-05 -0.303223 0.95292
    outer loop
      vertex 9 10.6476 21.3879
      vertex 3.70389 0.456711 18.1453
      vertex 4.44708 0.204437 18.065
    endloop
  endfacet
  facet normal 2.60375e-05 -0.303184 0.952932
    outer loop
      vertex 1.23987 85.6526 45.2531
      vertex 9 77.3524 42.6121
      vertex 1.75735 86.2426 45.4408
    endloop
  endfacet
  facet normal 5.45037e-05 -0.303233 0.952916
    outer loop
      vertex 9 10.6476 21.3879
      vertex 3 0.803833 18.2558
      vertex 3.70389 0.456711 18.1453
    endloop
  endfacet
  facet normal 4.33567e-05 -0.30317 0.952937
    outer loop
      vertex 0.803833 85 45.0455
      vertex 9 77.3524 42.6121
      vertex 1.23987 85.6526 45.2531
    endloop
  endfacet
  facet normal -4.0163e-05 -0.303181 0.952933
    outer loop
      vertex 9 10.6476 21.3879
      vertex 2.34743 1.23987 18.3945
      vertex 3 0.803833 18.2558
    endloop
  endfacet
  facet normal -2.17349e-05 -0.303233 0.952916
    outer loop
      vertex 0.456711 84.2961 44.8215
      vertex 9 77.3524 42.6121
      vertex 0.803833 85 45.0455
    endloop
  endfacet
  facet normal 4.54001e-05 -0.303236 0.952916
    outer loop
      vertex 9 10.6476 21.3879
      vertex 1.75735 1.75735 18.5592
      vertex 2.34743 1.23987 18.3945
    endloop
  endfacet
  facet normal -2.67132e-06 -0.303212 0.952923
    outer loop
      vertex 9 77.3524 42.6121
      vertex 0.456711 84.2961 44.8215
      vertex 0 82 44.0909
    endloop
  endfacet
  facet normal -4.93282e-05 -0.303166 0.952938
    outer loop
      vertex 9 10.6476 21.3879
      vertex 1.23987 2.34743 18.7469
      vertex 1.75735 1.75735 18.5592
    endloop
  endfacet
  facet normal -0.000181711 -0.303179 0.952933
    outer loop
      vertex 0 82 44.0909
      vertex 0.456711 84.2961 44.8215
      vertex 0.204437 83.5529 44.585
    endloop
  endfacet
  facet normal -3.53463e-05 -0.303177 0.952934
    outer loop
      vertex 9 10.6476 21.3879
      vertex 0.803833 3 18.9545
      vertex 1.23987 2.34743 18.7469
    endloop
  endfacet
  facet normal 0.000627932 -0.303276 0.952903
    outer loop
      vertex 0 82 44.0909
      vertex 0.204437 83.5529 44.585
      vertex 0.0513306 82.7831 44.3401
    endloop
  endfacet
  facet normal 2.44878e-05 -0.303236 0.952916
    outer loop
      vertex 9 10.6476 21.3879
      vertex 0.456711 3.70389 19.1785
      vertex 0.803833 3 18.9545
    endloop
  endfacet
  facet normal 0.000220133 -0.303171 0.952936
    outer loop
      vertex 0.456711 3.70389 19.1785
      vertex 0 6 19.9091
      vertex 0.204437 4.44708 19.415
    endloop
  endfacet
  facet normal -0.000335534 -0.303238 0.952915
    outer loop
      vertex 0.204437 4.44708 19.415
      vertex 0 6 19.9091
      vertex 0.0513306 5.21684 19.6599
    endloop
  endfacet
  facet normal 0.980788 0.195076 0
    outer loop
      vertex 3.97258 9.62944 13
      vertex 3.76844 10.6558 0
      vertex 3.76844 10.6558 13
    endloop
  endfacet
  facet normal 0.980788 0.195076 0
    outer loop
      vertex 3.76844 10.6558 0
      vertex 3.97258 9.62944 13
      vertex 3.97258 9.62944 0
    endloop
  endfacet
  facet normal 0.946928 0.321446 0
    outer loop
      vertex 4.30896 8.63852 13
      vertex 3.97258 9.62944 0
      vertex 3.97258 9.62944 13
    endloop
  endfacet
  facet normal 0.946928 0.321446 0
    outer loop
      vertex 3.97258 9.62944 0
      vertex 4.30896 8.63852 13
      vertex 4.30896 8.63852 0
    endloop
  endfacet
  facet normal 0.997859 0.0654027 0
    outer loop
      vertex 3.76844 10.6558 13
      vertex 3.7 11.7 0
      vertex 3.7 11.7 13
    endloop
  endfacet
  facet normal 0.997859 0.0654027 0
    outer loop
      vertex 3.7 11.7 0
      vertex 3.76844 10.6558 13
      vertex 3.76844 10.6558 0
    endloop
  endfacet
  facet normal 0 1 0
    outer loop
      vertex 103.349 3.7 9.57059
      vertex 106.3 3.7 13
      vertex 103.56 3.7 9.64207
    endloop
  endfacet
  facet normal 0 1 0
    outer loop
      vertex 11.7 3.7 13
      vertex 14.2219 3.7 9.68546
      vertex 14 3.7 9.7
    endloop
  endfacet
  facet normal 0 1 0
    outer loop
      vertex 103.15 3.7 9.47224
      vertex 106.3 3.7 13
      vertex 103.349 3.7 9.57059
    endloop
  endfacet
  facet normal 0 1 0
    outer loop
      vertex 11.7 3.7 13
      vertex 14.44 3.7 9.64207
      vertex 14.2219 3.7 9.68546
    endloop
  endfacet
  facet normal 0 1 0
    outer loop
      vertex 102.965 3.7 9.3487
      vertex 106.3 3.7 13
      vertex 103.15 3.7 9.47224
    endloop
  endfacet
  facet normal 0 1 0
    outer loop
      vertex 11.7 3.7 13
      vertex 14.6506 3.7 9.57059
      vertex 14.44 3.7 9.64207
    endloop
  endfacet
  facet normal 0 1 0
    outer loop
      vertex 102.798 3.7 9.20208
      vertex 106.3 3.7 13
      vertex 102.965 3.7 9.3487
    endloop
  endfacet
  facet normal 0 1 0
    outer loop
      vertex 11.7 3.7 13
      vertex 14.85 3.7 9.47224
      vertex 14.6506 3.7 9.57059
    endloop
  endfacet
  facet normal 0 1 0
    outer loop
      vertex 106.3 3.7 13
      vertex 102.798 3.7 9.20208
      vertex 11.7 3.7 13
    endloop
  endfacet
  facet normal 0 1 0
    outer loop
      vertex 11.7 3.7 13
      vertex 15.0349 3.7 9.3487
      vertex 14.85 3.7 9.47224
    endloop
  endfacet
  facet normal 0 1 -0
    outer loop
      vertex 15.2021 3.7 9.20208
      vertex 11.7 3.7 13
      vertex 102.798 3.7 9.20208
    endloop
  endfacet
  facet normal 0 1 0
    outer loop
      vertex 11.7 3.7 13
      vertex 15.2021 3.7 9.20208
      vertex 15.0349 3.7 9.3487
    endloop
  endfacet
  facet normal 0 1 -0
    outer loop
      vertex 102.651 3.7 9.03489
      vertex 15.2021 3.7 9.20208
      vertex 102.798 3.7 9.20208
    endloop
  endfacet
  facet normal 0 1 0
    outer loop
      vertex 102.651 3.7 9.03489
      vertex 15.3487 3.7 9.03489
      vertex 15.2021 3.7 9.20208
    endloop
  endfacet
  facet normal 0 1 -0
    outer loop
      vertex 102.528 3.7 8.85
      vertex 15.3487 3.7 9.03489
      vertex 102.651 3.7 9.03489
    endloop
  endfacet
  facet normal 0 1 0
    outer loop
      vertex 102.528 3.7 8.85
      vertex 15.4722 3.7 8.85
      vertex 15.3487 3.7 9.03489
    endloop
  endfacet
  facet normal 0 1 -0
    outer loop
      vertex 102.429 3.7 8.65056
      vertex 15.4722 3.7 8.85
      vertex 102.528 3.7 8.85
    endloop
  endfacet
  facet normal 0 1 0
    outer loop
      vertex 102.429 3.7 8.65056
      vertex 15.5706 3.7 8.65056
      vertex 15.4722 3.7 8.85
    endloop
  endfacet
  facet normal 0 1 -0
    outer loop
      vertex 102.358 3.7 8.43999
      vertex 15.5706 3.7 8.65056
      vertex 102.429 3.7 8.65056
    endloop
  endfacet
  facet normal 0 1 0
    outer loop
      vertex 102.358 3.7 8.43999
      vertex 15.6421 3.7 8.43999
      vertex 15.5706 3.7 8.65056
    endloop
  endfacet
  facet normal 0 1 -0
    outer loop
      vertex 102.315 3.7 8.22189
      vertex 15.6421 3.7 8.43999
      vertex 102.358 3.7 8.43999
    endloop
  endfacet
  facet normal 0 1 0
    outer loop
      vertex 102.315 3.7 8.22189
      vertex 15.6855 3.7 8.22189
      vertex 15.6421 3.7 8.43999
    endloop
  endfacet
  facet normal 0 1 -0
    outer loop
      vertex 102.3 3.7 8
      vertex 15.6855 3.7 8.22189
      vertex 102.315 3.7 8.22189
    endloop
  endfacet
  facet normal 0 1 0
    outer loop
      vertex 102.3 3.7 8
      vertex 15.7 3.7 8
      vertex 15.6855 3.7 8.22189
    endloop
  endfacet
  facet normal 0 1 0
    outer loop
      vertex 102.315 3.7 7.7781
      vertex 15.7 3.7 8
      vertex 102.3 3.7 8
    endloop
  endfacet
  facet normal 0 1 0
    outer loop
      vertex 102.315 3.7 7.7781
      vertex 15.6855 3.7 7.7781
      vertex 15.7 3.7 8
    endloop
  endfacet
  facet normal 0 1 0
    outer loop
      vertex 102.358 3.7 7.56001
      vertex 15.6855 3.7 7.7781
      vertex 102.315 3.7 7.7781
    endloop
  endfacet
  facet normal 0 1 0
    outer loop
      vertex 102.358 3.7 7.56001
      vertex 15.6421 3.7 7.56001
      vertex 15.6855 3.7 7.7781
    endloop
  endfacet
  facet normal 0 1 0
    outer loop
      vertex 102.429 3.7 7.34944
      vertex 15.6421 3.7 7.56001
      vertex 102.358 3.7 7.56001
    endloop
  endfacet
  facet normal 0 1 0
    outer loop
      vertex 102.429 3.7 7.34944
      vertex 15.5706 3.7 7.34944
      vertex 15.6421 3.7 7.56001
    endloop
  endfacet
  facet normal 0 1 0
    outer loop
      vertex 102.528 3.7 7.15
      vertex 15.5706 3.7 7.34944
      vertex 102.429 3.7 7.34944
    endloop
  endfacet
  facet normal 0 1 0
    outer loop
      vertex 102.528 3.7 7.15
      vertex 15.4722 3.7 7.15
      vertex 15.5706 3.7 7.34944
    endloop
  endfacet
  facet normal 0 1 0
    outer loop
      vertex 106.3 3.7 0
      vertex 102.528 3.7 7.15
      vertex 102.651 3.7 6.96511
    endloop
  endfacet
  facet normal 0 1 0
    outer loop
      vertex 102.528 3.7 7.15
      vertex 106.3 3.7 0
      vertex 15.4722 3.7 7.15
    endloop
  endfacet
  facet normal 0 1 0
    outer loop
      vertex 106.3 3.7 0
      vertex 102.651 3.7 6.96511
      vertex 102.798 3.7 6.79792
    endloop
  endfacet
  facet normal 0 1 0
    outer loop
      vertex 11.7 3.7 0
      vertex 15.4722 3.7 7.15
      vertex 106.3 3.7 0
    endloop
  endfacet
  facet normal 0 1 0
    outer loop
      vertex 106.3 3.7 0
      vertex 102.798 3.7 6.79792
      vertex 102.965 3.7 6.6513
    endloop
  endfacet
  facet normal 0 1 0
    outer loop
      vertex 15.4722 3.7 7.15
      vertex 11.7 3.7 0
      vertex 15.3487 3.7 6.96511
    endloop
  endfacet
  facet normal 0 1 0
    outer loop
      vertex 106.3 3.7 0
      vertex 102.965 3.7 6.6513
      vertex 103.15 3.7 6.52776
    endloop
  endfacet
  facet normal 0 1 0
    outer loop
      vertex 15.3487 3.7 6.96511
      vertex 11.7 3.7 0
      vertex 15.2021 3.7 6.79792
    endloop
  endfacet
  facet normal 0 1 0
    outer loop
      vertex 106.3 3.7 0
      vertex 103.15 3.7 6.52776
      vertex 103.349 3.7 6.4294
    endloop
  endfacet
  facet normal 0 1 0
    outer loop
      vertex 15.2021 3.7 6.79792
      vertex 11.7 3.7 0
      vertex 15.0349 3.7 6.6513
    endloop
  endfacet
  facet normal 0 1 0
    outer loop
      vertex 106.3 3.7 0
      vertex 103.349 3.7 6.4294
      vertex 103.56 3.7 6.35793
    endloop
  endfacet
  facet normal 0 1 0
    outer loop
      vertex 15.0349 3.7 6.6513
      vertex 11.7 3.7 0
      vertex 14.85 3.7 6.52776
    endloop
  endfacet
  facet normal 0 1 0
    outer loop
      vertex 106.3 3.7 0
      vertex 103.56 3.7 6.35793
      vertex 103.778 3.7 6.31454
    endloop
  endfacet
  facet normal 0 1 0
    outer loop
      vertex 14.85 3.7 6.52776
      vertex 11.7 3.7 0
      vertex 14.6506 3.7 6.4294
    endloop
  endfacet
  facet normal 0 1 0
    outer loop
      vertex 106.3 3.7 0
      vertex 103.778 3.7 6.31454
      vertex 104 3.7 6.3
    endloop
  endfacet
  facet normal 0 1 0
    outer loop
      vertex 14.6506 3.7 6.4294
      vertex 11.7 3.7 0
      vertex 14.44 3.7 6.35793
    endloop
  endfacet
  facet normal 0 1 0
    outer loop
      vertex 103.778 3.7 9.68546
      vertex 106.3 3.7 13
      vertex 104 3.7 9.7
    endloop
  endfacet
  facet normal 0 1 0
    outer loop
      vertex 106.3 3.7 13
      vertex 104.222 3.7 9.68546
      vertex 104 3.7 9.7
    endloop
  endfacet
  facet normal 0 1 0
    outer loop
      vertex 106.3 3.7 13
      vertex 104.44 3.7 9.64207
      vertex 104.222 3.7 9.68546
    endloop
  endfacet
  facet normal 0 1 0
    outer loop
      vertex 106.3 3.7 13
      vertex 104.651 3.7 9.57059
      vertex 104.44 3.7 9.64207
    endloop
  endfacet
  facet normal 0 1 0
    outer loop
      vertex 106.3 3.7 13
      vertex 104.85 3.7 9.47224
      vertex 104.651 3.7 9.57059
    endloop
  endfacet
  facet normal 0 1 0
    outer loop
      vertex 106.3 3.7 13
      vertex 105.035 3.7 9.3487
      vertex 104.85 3.7 9.47224
    endloop
  endfacet
  facet normal 0 1 0
    outer loop
      vertex 106.3 3.7 13
      vertex 105.202 3.7 9.20208
      vertex 105.035 3.7 9.3487
    endloop
  endfacet
  facet normal 0 1 0
    outer loop
      vertex 106.3 3.7 13
      vertex 105.349 3.7 9.03489
      vertex 105.202 3.7 9.20208
    endloop
  endfacet
  facet normal 0 1 0
    outer loop
      vertex 106.3 3.7 13
      vertex 105.472 3.7 8.85
      vertex 105.349 3.7 9.03489
    endloop
  endfacet
  facet normal 0 1 0
    outer loop
      vertex 106.3 3.7 13
      vertex 105.571 3.7 8.65056
      vertex 105.472 3.7 8.85
    endloop
  endfacet
  facet normal 0 1 0
    outer loop
      vertex 106.3 3.7 13
      vertex 105.642 3.7 8.43999
      vertex 105.571 3.7 8.65056
    endloop
  endfacet
  facet normal 0 1 0
    outer loop
      vertex 106.3 3.7 13
      vertex 105.685 3.7 8.22189
      vertex 105.642 3.7 8.43999
    endloop
  endfacet
  facet normal 0 1 0
    outer loop
      vertex 106.3 3.7 13
      vertex 105.7 3.7 8
      vertex 105.685 3.7 8.22189
    endloop
  endfacet
  facet normal 0 1 -0
    outer loop
      vertex 106.3 3.7 0
      vertex 105.7 3.7 8
      vertex 106.3 3.7 13
    endloop
  endfacet
  facet normal 0 1 0
    outer loop
      vertex 14.44 3.7 6.35793
      vertex 11.7 3.7 0
      vertex 14.2219 3.7 6.31454
    endloop
  endfacet
  facet normal 0 1 0
    outer loop
      vertex 104.222 3.7 6.31454
      vertex 106.3 3.7 0
      vertex 104 3.7 6.3
    endloop
  endfacet
  facet normal 0 1 0
    outer loop
      vertex 104.44 3.7 6.35793
      vertex 106.3 3.7 0
      vertex 104.222 3.7 6.31454
    endloop
  endfacet
  facet normal 0 1 0
    outer loop
      vertex 104.651 3.7 6.4294
      vertex 106.3 3.7 0
      vertex 104.44 3.7 6.35793
    endloop
  endfacet
  facet normal 0 1 0
    outer loop
      vertex 104.85 3.7 6.52776
      vertex 106.3 3.7 0
      vertex 104.651 3.7 6.4294
    endloop
  endfacet
  facet normal 0 1 0
    outer loop
      vertex 105.035 3.7 6.6513
      vertex 106.3 3.7 0
      vertex 104.85 3.7 6.52776
    endloop
  endfacet
  facet normal 0 1 0
    outer loop
      vertex 105.202 3.7 6.79792
      vertex 106.3 3.7 0
      vertex 105.035 3.7 6.6513
    endloop
  endfacet
  facet normal 0 1 0
    outer loop
      vertex 105.349 3.7 6.96511
      vertex 106.3 3.7 0
      vertex 105.202 3.7 6.79792
    endloop
  endfacet
  facet normal 0 1 0
    outer loop
      vertex 105.472 3.7 7.15
      vertex 106.3 3.7 0
      vertex 105.349 3.7 6.96511
    endloop
  endfacet
  facet normal 0 1 0
    outer loop
      vertex 105.571 3.7 7.34944
      vertex 106.3 3.7 0
      vertex 105.472 3.7 7.15
    endloop
  endfacet
  facet normal 0 1 0
    outer loop
      vertex 105.642 3.7 7.56001
      vertex 106.3 3.7 0
      vertex 105.571 3.7 7.34944
    endloop
  endfacet
  facet normal 0 1 0
    outer loop
      vertex 105.685 3.7 7.7781
      vertex 106.3 3.7 0
      vertex 105.642 3.7 7.56001
    endloop
  endfacet
  facet normal 0 1 0
    outer loop
      vertex 105.7 3.7 8
      vertex 106.3 3.7 0
      vertex 105.685 3.7 7.7781
    endloop
  endfacet
  facet normal 0 1 0
    outer loop
      vertex 103.56 3.7 9.64207
      vertex 106.3 3.7 13
      vertex 103.778 3.7 9.68546
    endloop
  endfacet
  facet normal 0 1 -0
    outer loop
      vertex 13.7781 3.7 9.68546
      vertex 11.7 3.7 13
      vertex 14 3.7 9.7
    endloop
  endfacet
  facet normal 0 1 -0
    outer loop
      vertex 13.56 3.7 9.64207
      vertex 11.7 3.7 13
      vertex 13.7781 3.7 9.68546
    endloop
  endfacet
  facet normal 0 1 -0
    outer loop
      vertex 13.3494 3.7 9.57059
      vertex 11.7 3.7 13
      vertex 13.56 3.7 9.64207
    endloop
  endfacet
  facet normal 0 1 -0
    outer loop
      vertex 13.15 3.7 9.47224
      vertex 11.7 3.7 13
      vertex 13.3494 3.7 9.57059
    endloop
  endfacet
  facet normal 0 1 -0
    outer loop
      vertex 12.9651 3.7 9.3487
      vertex 11.7 3.7 13
      vertex 13.15 3.7 9.47224
    endloop
  endfacet
  facet normal 0 1 -0
    outer loop
      vertex 12.7979 3.7 9.20208
      vertex 11.7 3.7 13
      vertex 12.9651 3.7 9.3487
    endloop
  endfacet
  facet normal 0 1 -0
    outer loop
      vertex 12.6513 3.7 9.03489
      vertex 11.7 3.7 13
      vertex 12.7979 3.7 9.20208
    endloop
  endfacet
  facet normal 0 1 -0
    outer loop
      vertex 12.5278 3.7 8.85
      vertex 11.7 3.7 13
      vertex 12.6513 3.7 9.03489
    endloop
  endfacet
  facet normal 0 1 -0
    outer loop
      vertex 12.4294 3.7 8.65056
      vertex 11.7 3.7 13
      vertex 12.5278 3.7 8.85
    endloop
  endfacet
  facet normal 0 1 -0
    outer loop
      vertex 12.3579 3.7 8.43999
      vertex 11.7 3.7 13
      vertex 12.4294 3.7 8.65056
    endloop
  endfacet
  facet normal 0 1 -0
    outer loop
      vertex 12.3145 3.7 8.22189
      vertex 11.7 3.7 13
      vertex 12.3579 3.7 8.43999
    endloop
  endfacet
  facet normal 0 1 -0
    outer loop
      vertex 12.3 3.7 8
      vertex 11.7 3.7 13
      vertex 12.3145 3.7 8.22189
    endloop
  endfacet
  facet normal 0 1 0
    outer loop
      vertex 11.7 3.7 0
      vertex 12.3 3.7 8
      vertex 12.3145 3.7 7.7781
    endloop
  endfacet
  facet normal 0 1 0
    outer loop
      vertex 14.2219 3.7 6.31454
      vertex 11.7 3.7 0
      vertex 14 3.7 6.3
    endloop
  endfacet
  facet normal 0 1 0
    outer loop
      vertex 12.3 3.7 8
      vertex 11.7 3.7 0
      vertex 11.7 3.7 13
    endloop
  endfacet
  facet normal 0 1 0
    outer loop
      vertex 12.3579 3.7 7.56001
      vertex 11.7 3.7 0
      vertex 12.3145 3.7 7.7781
    endloop
  endfacet
  facet normal 0 1 0
    outer loop
      vertex 12.4294 3.7 7.34944
      vertex 11.7 3.7 0
      vertex 12.3579 3.7 7.56001
    endloop
  endfacet
  facet normal 0 1 0
    outer loop
      vertex 12.5278 3.7 7.15
      vertex 11.7 3.7 0
      vertex 12.4294 3.7 7.34944
    endloop
  endfacet
  facet normal 0 1 0
    outer loop
      vertex 12.6513 3.7 6.96511
      vertex 11.7 3.7 0
      vertex 12.5278 3.7 7.15
    endloop
  endfacet
  facet normal 0 1 0
    outer loop
      vertex 12.7979 3.7 6.79792
      vertex 11.7 3.7 0
      vertex 12.6513 3.7 6.96511
    endloop
  endfacet
  facet normal 0 1 0
    outer loop
      vertex 12.9651 3.7 6.6513
      vertex 11.7 3.7 0
      vertex 12.7979 3.7 6.79792
    endloop
  endfacet
  facet normal 0 1 0
    outer loop
      vertex 13.15 3.7 6.52776
      vertex 11.7 3.7 0
      vertex 12.9651 3.7 6.6513
    endloop
  endfacet
  facet normal 0 1 0
    outer loop
      vertex 13.3494 3.7 6.4294
      vertex 11.7 3.7 0
      vertex 13.15 3.7 6.52776
    endloop
  endfacet
  facet normal 0 1 0
    outer loop
      vertex 13.56 3.7 6.35793
      vertex 11.7 3.7 0
      vertex 13.3494 3.7 6.4294
    endloop
  endfacet
  facet normal 0 1 0
    outer loop
      vertex 13.7781 3.7 6.31454
      vertex 11.7 3.7 0
      vertex 13.56 3.7 6.35793
    endloop
  endfacet
  facet normal 0 1 0
    outer loop
      vertex 14 3.7 6.3
      vertex 11.7 3.7 0
      vertex 13.7781 3.7 6.31454
    endloop
  endfacet
  facet normal -0.0654151 0.997858 0
    outer loop
      vertex 107.344 3.76844 0
      vertex 106.3 3.7 13
      vertex 107.344 3.76844 13
    endloop
  endfacet
  facet normal -0.0654151 0.997858 0
    outer loop
      vertex 106.3 3.7 13
      vertex 107.344 3.76844 0
      vertex 106.3 3.7 0
    endloop
  endfacet
  facet normal 0 0 -1
    outer loop
      vertex 106.3 3.7 13
      vertex 114.3 11.7 13
      vertex 114.232 10.6558 13
    endloop
  endfacet
  facet normal 0 0 -1
    outer loop
      vertex 114.3 11.7 13
      vertex 61.5 44 13
      vertex 114.3 76.3 13
    endloop
  endfacet
  facet normal 0 0 -1
    outer loop
      vertex 106.3 3.7 13
      vertex 114.232 10.6558 13
      vertex 114.027 9.62944 13
    endloop
  endfacet
  facet normal 0 0 -1
    outer loop
      vertex 61.4786 44.3263 13
      vertex 114.3 76.3 13
      vertex 61.5 44 13
    endloop
  endfacet
  facet normal 0 0 -1
    outer loop
      vertex 106.3 3.7 13
      vertex 114.027 9.62944 13
      vertex 113.691 8.63852 13
    endloop
  endfacet
  facet normal 0 0 -1
    outer loop
      vertex 61.4148 44.647 13
      vertex 114.3 76.3 13
      vertex 61.4786 44.3263 13
    endloop
  endfacet
  facet normal 0 0 -1
    outer loop
      vertex 106.3 3.7 13
      vertex 113.691 8.63852 13
      vertex 113.228 7.7 13
    endloop
  endfacet
  facet normal 0 0 -1
    outer loop
      vertex 61.3097 44.9567 13
      vertex 114.3 76.3 13
      vertex 61.4148 44.647 13
    endloop
  endfacet
  facet normal 0 0 -1
    outer loop
      vertex 106.3 3.7 13
      vertex 113.228 7.7 13
      vertex 112.647 6.8299 13
    endloop
  endfacet
  facet normal 0 -0 -1
    outer loop
      vertex 106.3 84.3 13
      vertex 114.3 76.3 13
      vertex 61.3097 44.9567 13
    endloop
  endfacet
  facet normal 0 0 -1
    outer loop
      vertex 106.3 3.7 13
      vertex 112.647 6.8299 13
      vertex 111.957 6.04314 13
    endloop
  endfacet
  facet normal 0 0 -1
    outer loop
      vertex 114.3 76.3 13
      vertex 106.3 84.3 13
      vertex 114.232 77.3442 13
    endloop
  endfacet
  facet normal 0 0 -1
    outer loop
      vertex 106.3 3.7 13
      vertex 111.957 6.04314 13
      vertex 111.17 5.35317 13
    endloop
  endfacet
  facet normal 0 0 -1
    outer loop
      vertex 114.027 78.3705 13
      vertex 106.3 84.3 13
      vertex 113.691 79.3615 13
    endloop
  endfacet
  facet normal 0 0 -1
    outer loop
      vertex 106.3 3.7 13
      vertex 111.17 5.35317 13
      vertex 110.3 4.77179 13
    endloop
  endfacet
  facet normal 0 0 -1
    outer loop
      vertex 113.691 79.3615 13
      vertex 106.3 84.3 13
      vertex 113.228 80.3 13
    endloop
  endfacet
  facet normal 0 0 -1
    outer loop
      vertex 106.3 3.7 13
      vertex 110.3 4.77179 13
      vertex 109.361 4.30896 13
    endloop
  endfacet
  facet normal 0 0 -1
    outer loop
      vertex 112.647 81.1701 13
      vertex 106.3 84.3 13
      vertex 111.957 81.9568 13
    endloop
  endfacet
  facet normal 0 0 -1
    outer loop
      vertex 106.3 3.7 13
      vertex 109.361 4.30896 13
      vertex 108.371 3.97258 13
    endloop
  endfacet
  facet normal -0 0 -1
    outer loop
      vertex 114.3 11.7 13
      vertex 106.3 3.7 13
      vertex 61.3097 43.0433 13
    endloop
  endfacet
  facet normal 0 0 -1
    outer loop
      vertex 106.3 3.7 13
      vertex 108.371 3.97258 13
      vertex 107.344 3.76844 13
    endloop
  endfacet
  facet normal 0 0 -1
    outer loop
      vertex 111.957 81.9568 13
      vertex 106.3 84.3 13
      vertex 111.17 82.6468 13
    endloop
  endfacet
  facet normal 0 0 -1
    outer loop
      vertex 109.361 83.691 13
      vertex 106.3 84.3 13
      vertex 108.371 84.0274 13
    endloop
  endfacet
  facet normal 0 0 -1
    outer loop
      vertex 108.371 84.0274 13
      vertex 106.3 84.3 13
      vertex 107.344 84.2316 13
    endloop
  endfacet
  facet normal 0 0 -1
    outer loop
      vertex 110.3 83.2282 13
      vertex 106.3 84.3 13
      vertex 109.361 83.691 13
    endloop
  endfacet
  facet normal 0 0 -1
    outer loop
      vertex 114.3 11.7 13
      vertex 61.4786 43.6737 13
      vertex 61.5 44 13
    endloop
  endfacet
  facet normal 0 0 -1
    outer loop
      vertex 114.3 11.7 13
      vertex 61.4148 43.353 13
      vertex 61.4786 43.6737 13
    endloop
  endfacet
  facet normal 0 0 -1
    outer loop
      vertex 114.3 11.7 13
      vertex 61.3097 43.0433 13
      vertex 61.4148 43.353 13
    endloop
  endfacet
  facet normal 0 0 -1
    outer loop
      vertex 106.3 3.7 13
      vertex 61.1651 42.75 13
      vertex 61.3097 43.0433 13
    endloop
  endfacet
  facet normal 0 0 -1
    outer loop
      vertex 106.3 3.7 13
      vertex 60.9834 42.4781 13
      vertex 61.1651 42.75 13
    endloop
  endfacet
  facet normal 0 0 -1
    outer loop
      vertex 106.3 3.7 13
      vertex 60.7678 42.2322 13
      vertex 60.9834 42.4781 13
    endloop
  endfacet
  facet normal 0 0 -1
    outer loop
      vertex 106.3 3.7 13
      vertex 60.5219 42.0166 13
      vertex 60.7678 42.2322 13
    endloop
  endfacet
  facet normal 0 0 -1
    outer loop
      vertex 106.3 3.7 13
      vertex 60.25 41.8349 13
      vertex 60.5219 42.0166 13
    endloop
  endfacet
  facet normal 0 0 -1
    outer loop
      vertex 106.3 3.7 13
      vertex 59.9567 41.6903 13
      vertex 60.25 41.8349 13
    endloop
  endfacet
  facet normal 0 0 -1
    outer loop
      vertex 106.3 3.7 13
      vertex 59.647 41.5852 13
      vertex 59.9567 41.6903 13
    endloop
  endfacet
  facet normal 0 0 -1
    outer loop
      vertex 106.3 3.7 13
      vertex 59.3263 41.5214 13
      vertex 59.647 41.5852 13
    endloop
  endfacet
  facet normal 0 0 -1
    outer loop
      vertex 106.3 3.7 13
      vertex 59 41.5 13
      vertex 59.3263 41.5214 13
    endloop
  endfacet
  facet normal 0 0 -1
    outer loop
      vertex 11.7 3.7 13
      vertex 59 41.5 13
      vertex 106.3 3.7 13
    endloop
  endfacet
  facet normal -0 0 -1
    outer loop
      vertex 59 41.5 13
      vertex 11.7 3.7 13
      vertex 58.6737 41.5214 13
    endloop
  endfacet
  facet normal -0 0 -1
    outer loop
      vertex 58.6737 41.5214 13
      vertex 11.7 3.7 13
      vertex 58.353 41.5852 13
    endloop
  endfacet
  facet normal -0 0 -1
    outer loop
      vertex 58.353 41.5852 13
      vertex 11.7 3.7 13
      vertex 58.0433 41.6903 13
    endloop
  endfacet
  facet normal -0 0 -1
    outer loop
      vertex 58.0433 41.6903 13
      vertex 11.7 3.7 13
      vertex 57.75 41.8349 13
    endloop
  endfacet
  facet normal -0 0 -1
    outer loop
      vertex 56.5852 43.353 13
      vertex 3.7 11.7 13
      vertex 56.5214 43.6737 13
    endloop
  endfacet
  facet normal -0 0 -1
    outer loop
      vertex 56.6903 43.0433 13
      vertex 3.7 11.7 13
      vertex 56.5852 43.353 13
    endloop
  endfacet
  facet normal 0 0 -1
    outer loop
      vertex 3.7 11.7 13
      vertex 56.6903 43.0433 13
      vertex 11.7 3.7 13
    endloop
  endfacet
  facet normal -0 0 -1
    outer loop
      vertex 56.8349 42.75 13
      vertex 11.7 3.7 13
      vertex 56.6903 43.0433 13
    endloop
  endfacet
  facet normal -0 0 -1
    outer loop
      vertex 57.0166 42.4781 13
      vertex 11.7 3.7 13
      vertex 56.8349 42.75 13
    endloop
  endfacet
  facet normal -0 0 -1
    outer loop
      vertex 57.2322 42.2322 13
      vertex 11.7 3.7 13
      vertex 57.0166 42.4781 13
    endloop
  endfacet
  facet normal -0 0 -1
    outer loop
      vertex 57.4781 42.0166 13
      vertex 11.7 3.7 13
      vertex 57.2322 42.2322 13
    endloop
  endfacet
  facet normal -0 0 -1
    outer loop
      vertex 57.75 41.8349 13
      vertex 11.7 3.7 13
      vertex 57.4781 42.0166 13
    endloop
  endfacet
  facet normal 0 0 -1
    outer loop
      vertex 111.17 82.6468 13
      vertex 106.3 84.3 13
      vertex 110.3 83.2282 13
    endloop
  endfacet
  facet normal 0 0 -1
    outer loop
      vertex 113.228 80.3 13
      vertex 106.3 84.3 13
      vertex 112.647 81.1701 13
    endloop
  endfacet
  facet normal 0 0 -1
    outer loop
      vertex 114.232 77.3442 13
      vertex 106.3 84.3 13
      vertex 114.027 78.3705 13
    endloop
  endfacet
  facet normal 0 0 -1
    outer loop
      vertex 61.1651 45.25 13
      vertex 106.3 84.3 13
      vertex 61.3097 44.9567 13
    endloop
  endfacet
  facet normal 0 0 -1
    outer loop
      vertex 60.9834 45.5219 13
      vertex 106.3 84.3 13
      vertex 61.1651 45.25 13
    endloop
  endfacet
  facet normal 0 0 -1
    outer loop
      vertex 60.7678 45.7678 13
      vertex 106.3 84.3 13
      vertex 60.9834 45.5219 13
    endloop
  endfacet
  facet normal 0 0 -1
    outer loop
      vertex 60.5219 45.9834 13
      vertex 106.3 84.3 13
      vertex 60.7678 45.7678 13
    endloop
  endfacet
  facet normal 0 0 -1
    outer loop
      vertex 60.25 46.1651 13
      vertex 106.3 84.3 13
      vertex 60.5219 45.9834 13
    endloop
  endfacet
  facet normal 0 0 -1
    outer loop
      vertex 59.9567 46.3097 13
      vertex 106.3 84.3 13
      vertex 60.25 46.1651 13
    endloop
  endfacet
  facet normal 0 0 -1
    outer loop
      vertex 59.647 46.4148 13
      vertex 106.3 84.3 13
      vertex 59.9567 46.3097 13
    endloop
  endfacet
  facet normal 0 0 -1
    outer loop
      vertex 59.3263 46.4786 13
      vertex 106.3 84.3 13
      vertex 59.647 46.4148 13
    endloop
  endfacet
  facet normal 0 0 -1
    outer loop
      vertex 59 46.5 13
      vertex 106.3 84.3 13
      vertex 59.3263 46.4786 13
    endloop
  endfacet
  facet normal 0 0 -1
    outer loop
      vertex 11.7 84.3 13
      vertex 59 46.5 13
      vertex 58.6737 46.4786 13
    endloop
  endfacet
  facet normal 0 0 -1
    outer loop
      vertex 11.7 84.3 13
      vertex 58.6737 46.4786 13
      vertex 58.353 46.4148 13
    endloop
  endfacet
  facet normal 0 0 -1
    outer loop
      vertex 11.7 84.3 13
      vertex 58.353 46.4148 13
      vertex 58.0433 46.3097 13
    endloop
  endfacet
  facet normal 0 0 -1
    outer loop
      vertex 11.7 84.3 13
      vertex 58.0433 46.3097 13
      vertex 57.75 46.1651 13
    endloop
  endfacet
  facet normal 0 0 -1
    outer loop
      vertex 11.7 84.3 13
      vertex 57.75 46.1651 13
      vertex 57.4781 45.9834 13
    endloop
  endfacet
  facet normal -0 0 -1
    outer loop
      vertex 56.5214 43.6737 13
      vertex 3.7 11.7 13
      vertex 56.5 44 13
    endloop
  endfacet
  facet normal 0 0 -1
    outer loop
      vertex 3.7 76.3 13
      vertex 56.5 44 13
      vertex 3.7 11.7 13
    endloop
  endfacet
  facet normal 0 0 -1
    outer loop
      vertex 56.5 44 13
      vertex 3.7 76.3 13
      vertex 56.5214 44.3263 13
    endloop
  endfacet
  facet normal 0 0 -1
    outer loop
      vertex 56.5214 44.3263 13
      vertex 3.7 76.3 13
      vertex 56.5852 44.647 13
    endloop
  endfacet
  facet normal 0 0 -1
    outer loop
      vertex 56.5852 44.647 13
      vertex 3.7 76.3 13
      vertex 56.6903 44.9567 13
    endloop
  endfacet
  facet normal 0 0 -1
    outer loop
      vertex 56.6903 44.9567 13
      vertex 3.7 76.3 13
      vertex 56.8349 45.25 13
    endloop
  endfacet
  facet normal 0 0 -1
    outer loop
      vertex 59 46.5 13
      vertex 11.7 84.3 13
      vertex 106.3 84.3 13
    endloop
  endfacet
  facet normal 0 0 -1
    outer loop
      vertex 57.2322 45.7678 13
      vertex 11.7 84.3 13
      vertex 57.4781 45.9834 13
    endloop
  endfacet
  facet normal 0 -0 -1
    outer loop
      vertex 11.7 84.3 13
      vertex 56.8349 45.25 13
      vertex 3.7 76.3 13
    endloop
  endfacet
  facet normal 0 0 -1
    outer loop
      vertex 3.7 11.7 13
      vertex 11.7 3.7 13
      vertex 10.6558 3.76844 13
    endloop
  endfacet
  facet normal 0 0 -1
    outer loop
      vertex 56.8349 45.25 13
      vertex 11.7 84.3 13
      vertex 57.0166 45.5219 13
    endloop
  endfacet
  facet normal 0 0 -1
    outer loop
      vertex 3.7 11.7 13
      vertex 10.6558 3.76844 13
      vertex 9.62944 3.97258 13
    endloop
  endfacet
  facet normal 0 0 -1
    outer loop
      vertex 57.0166 45.5219 13
      vertex 11.7 84.3 13
      vertex 57.2322 45.7678 13
    endloop
  endfacet
  facet normal 0 0 -1
    outer loop
      vertex 3.7 11.7 13
      vertex 9.62944 3.97258 13
      vertex 8.63852 4.30896 13
    endloop
  endfacet
  facet normal 0 0 -1
    outer loop
      vertex 11.7 84.3 13
      vertex 3.7 76.3 13
      vertex 10.6558 84.2316 13
    endloop
  endfacet
  facet normal 0 0 -1
    outer loop
      vertex 3.7 11.7 13
      vertex 8.63852 4.30896 13
      vertex 7.7 4.77179 13
    endloop
  endfacet
  facet normal 0 0 -1
    outer loop
      vertex 10.6558 84.2316 13
      vertex 3.7 76.3 13
      vertex 9.62944 84.0274 13
    endloop
  endfacet
  facet normal 0 0 -1
    outer loop
      vertex 3.7 11.7 13
      vertex 7.7 4.77179 13
      vertex 6.8299 5.35317 13
    endloop
  endfacet
  facet normal 0 0 -1
    outer loop
      vertex 9.62944 84.0274 13
      vertex 3.7 76.3 13
      vertex 8.63852 83.691 13
    endloop
  endfacet
  facet normal 0 0 -1
    outer loop
      vertex 3.7 11.7 13
      vertex 6.8299 5.35317 13
      vertex 6.04314 6.04314 13
    endloop
  endfacet
  facet normal 0 0 -1
    outer loop
      vertex 8.63852 83.691 13
      vertex 3.7 76.3 13
      vertex 7.7 83.2282 13
    endloop
  endfacet
  facet normal 0 0 -1
    outer loop
      vertex 3.7 11.7 13
      vertex 6.04314 6.04314 13
      vertex 5.35317 6.8299 13
    endloop
  endfacet
  facet normal 0 0 -1
    outer loop
      vertex 7.7 83.2282 13
      vertex 3.7 76.3 13
      vertex 6.8299 82.6468 13
    endloop
  endfacet
  facet normal 0 0 -1
    outer loop
      vertex 3.7 11.7 13
      vertex 5.35317 6.8299 13
      vertex 4.77179 7.7 13
    endloop
  endfacet
  facet normal 0 0 -1
    outer loop
      vertex 6.8299 82.6468 13
      vertex 3.7 76.3 13
      vertex 6.04314 81.9568 13
    endloop
  endfacet
  facet normal 0 0 -1
    outer loop
      vertex 3.7 11.7 13
      vertex 4.77179 7.7 13
      vertex 4.30896 8.63852 13
    endloop
  endfacet
  facet normal 0 0 -1
    outer loop
      vertex 6.04314 81.9568 13
      vertex 3.7 76.3 13
      vertex 5.35317 81.1701 13
    endloop
  endfacet
  facet normal 0 0 -1
    outer loop
      vertex 3.7 11.7 13
      vertex 4.30896 8.63852 13
      vertex 3.97258 9.62944 13
    endloop
  endfacet
  facet normal 0 0 -1
    outer loop
      vertex 5.35317 81.1701 13
      vertex 3.7 76.3 13
      vertex 4.77179 80.3 13
    endloop
  endfacet
  facet normal 0 0 -1
    outer loop
      vertex 3.7 11.7 13
      vertex 3.97258 9.62944 13
      vertex 3.76844 10.6558 13
    endloop
  endfacet
  facet normal 0 0 -1
    outer loop
      vertex 4.77179 80.3 13
      vertex 3.7 76.3 13
      vertex 4.30896 79.3615 13
    endloop
  endfacet
  facet normal 0 0 -1
    outer loop
      vertex 4.30896 79.3615 13
      vertex 3.7 76.3 13
      vertex 3.97258 78.3705 13
    endloop
  endfacet
  facet normal 0 0 -1
    outer loop
      vertex 3.97258 78.3705 13
      vertex 3.7 76.3 13
      vertex 3.76844 77.3442 13
    endloop
  endfacet
  facet normal -1 0 0
    outer loop
      vertex 114.3 11.7 0
      vertex 114.3 76.3 13
      vertex 114.3 76.3 0
    endloop
  endfacet
  facet normal -1 -0 0
    outer loop
      vertex 114.3 76.3 13
      vertex 114.3 11.7 0
      vertex 114.3 11.7 13
    endloop
  endfacet
  facet normal 1 -0 0
    outer loop
      vertex 3.7 11.7 13
      vertex 3.7 76.3 0
      vertex 3.7 76.3 13
    endloop
  endfacet
  facet normal 1 0 0
    outer loop
      vertex 3.7 76.3 0
      vertex 3.7 11.7 13
      vertex 3.7 11.7 0
    endloop
  endfacet
  facet normal 0.555582 -0.831462 0
    outer loop
      vertex 6.8299 82.6468 0
      vertex 7.7 83.2282 13
      vertex 6.8299 82.6468 13
    endloop
  endfacet
  facet normal 0.555582 -0.831462 0
    outer loop
      vertex 7.7 83.2282 13
      vertex 6.8299 82.6468 0
      vertex 7.7 83.2282 0
    endloop
  endfacet
  facet normal 0.896868 -0.442299 0
    outer loop
      vertex 4.30896 79.3615 13
      vertex 4.77179 80.3 0
      vertex 4.77179 80.3 13
    endloop
  endfacet
  facet normal 0.896868 -0.442299 0
    outer loop
      vertex 4.77179 80.3 0
      vertex 4.30896 79.3615 13
      vertex 4.30896 79.3615 0
    endloop
  endfacet
  facet normal -0.947046 -0.321097 0
    outer loop
      vertex 114.027 78.3705 0
      vertex 113.691 79.3615 13
      vertex 113.691 79.3615 0
    endloop
  endfacet
  facet normal -0.947046 -0.321097 0
    outer loop
      vertex 113.691 79.3615 13
      vertex 114.027 78.3705 0
      vertex 114.027 78.3705 13
    endloop
  endfacet
  facet normal 0 -1 0
    outer loop
      vertex 14.6506 84.3 9.57059
      vertex 11.7 84.3 13
      vertex 14.44 84.3 9.64207
    endloop
  endfacet
  facet normal 0 -1 0
    outer loop
      vertex 106.3 84.3 13
      vertex 103.778 84.3 9.68546
      vertex 104 84.3 9.7
    endloop
  endfacet
  facet normal 0 -1 0
    outer loop
      vertex 14.85 84.3 9.47224
      vertex 11.7 84.3 13
      vertex 14.6506 84.3 9.57059
    endloop
  endfacet
  facet normal 0 -1 0
    outer loop
      vertex 106.3 84.3 13
      vertex 103.56 84.3 9.64207
      vertex 103.778 84.3 9.68546
    endloop
  endfacet
  facet normal 0 -1 0
    outer loop
      vertex 15.0349 84.3 9.3487
      vertex 11.7 84.3 13
      vertex 14.85 84.3 9.47224
    endloop
  endfacet
  facet normal 0 -1 0
    outer loop
      vertex 106.3 84.3 13
      vertex 103.349 84.3 9.57059
      vertex 103.56 84.3 9.64207
    endloop
  endfacet
  facet normal 0 -1 0
    outer loop
      vertex 15.2021 84.3 9.20208
      vertex 11.7 84.3 13
      vertex 15.0349 84.3 9.3487
    endloop
  endfacet
  facet normal 0 -1 0
    outer loop
      vertex 106.3 84.3 13
      vertex 103.15 84.3 9.47224
      vertex 103.349 84.3 9.57059
    endloop
  endfacet
  facet normal 0 -1 0
    outer loop
      vertex 11.7 84.3 13
      vertex 15.2021 84.3 9.20208
      vertex 106.3 84.3 13
    endloop
  endfacet
  facet normal 0 -1 0
    outer loop
      vertex 106.3 84.3 13
      vertex 102.965 84.3 9.3487
      vertex 103.15 84.3 9.47224
    endloop
  endfacet
  facet normal 0 -1 0
    outer loop
      vertex 102.798 84.3 9.20208
      vertex 106.3 84.3 13
      vertex 15.2021 84.3 9.20208
    endloop
  endfacet
  facet normal 0 -1 0
    outer loop
      vertex 106.3 84.3 13
      vertex 102.798 84.3 9.20208
      vertex 102.965 84.3 9.3487
    endloop
  endfacet
  facet normal 0 -1 0
    outer loop
      vertex 15.3487 84.3 9.03489
      vertex 102.798 84.3 9.20208
      vertex 15.2021 84.3 9.20208
    endloop
  endfacet
  facet normal 0 -1 0
    outer loop
      vertex 15.3487 84.3 9.03489
      vertex 102.651 84.3 9.03489
      vertex 102.798 84.3 9.20208
    endloop
  endfacet
  facet normal 0 -1 0
    outer loop
      vertex 15.4722 84.3 8.85
      vertex 102.651 84.3 9.03489
      vertex 15.3487 84.3 9.03489
    endloop
  endfacet
  facet normal 0 -1 0
    outer loop
      vertex 15.4722 84.3 8.85
      vertex 102.528 84.3 8.85
      vertex 102.651 84.3 9.03489
    endloop
  endfacet
  facet normal 0 -1 0
    outer loop
      vertex 15.5706 84.3 8.65056
      vertex 102.528 84.3 8.85
      vertex 15.4722 84.3 8.85
    endloop
  endfacet
  facet normal 0 -1 0
    outer loop
      vertex 15.5706 84.3 8.65056
      vertex 102.429 84.3 8.65056
      vertex 102.528 84.3 8.85
    endloop
  endfacet
  facet normal 0 -1 0
    outer loop
      vertex 15.6421 84.3 8.43999
      vertex 102.429 84.3 8.65056
      vertex 15.5706 84.3 8.65056
    endloop
  endfacet
  facet normal 0 -1 0
    outer loop
      vertex 15.6421 84.3 8.43999
      vertex 102.358 84.3 8.43999
      vertex 102.429 84.3 8.65056
    endloop
  endfacet
  facet normal 0 -1 0
    outer loop
      vertex 15.6855 84.3 8.22189
      vertex 102.358 84.3 8.43999
      vertex 15.6421 84.3 8.43999
    endloop
  endfacet
  facet normal 0 -1 0
    outer loop
      vertex 15.6855 84.3 8.22189
      vertex 102.315 84.3 8.22189
      vertex 102.358 84.3 8.43999
    endloop
  endfacet
  facet normal 0 -1 0
    outer loop
      vertex 15.7 84.3 8
      vertex 102.315 84.3 8.22189
      vertex 15.6855 84.3 8.22189
    endloop
  endfacet
  facet normal 0 -1 0
    outer loop
      vertex 15.7 84.3 8
      vertex 102.3 84.3 8
      vertex 102.315 84.3 8.22189
    endloop
  endfacet
  facet normal 0 -1 0
    outer loop
      vertex 15.6855 84.3 7.7781
      vertex 102.3 84.3 8
      vertex 15.7 84.3 8
    endloop
  endfacet
  facet normal 0 -1 0
    outer loop
      vertex 15.6855 84.3 7.7781
      vertex 102.315 84.3 7.7781
      vertex 102.3 84.3 8
    endloop
  endfacet
  facet normal 0 -1 0
    outer loop
      vertex 15.6421 84.3 7.56001
      vertex 102.315 84.3 7.7781
      vertex 15.6855 84.3 7.7781
    endloop
  endfacet
  facet normal 0 -1 0
    outer loop
      vertex 15.6421 84.3 7.56001
      vertex 102.358 84.3 7.56001
      vertex 102.315 84.3 7.7781
    endloop
  endfacet
  facet normal 0 -1 0
    outer loop
      vertex 15.5706 84.3 7.34944
      vertex 102.358 84.3 7.56001
      vertex 15.6421 84.3 7.56001
    endloop
  endfacet
  facet normal 0 -1 0
    outer loop
      vertex 15.5706 84.3 7.34944
      vertex 102.429 84.3 7.34944
      vertex 102.358 84.3 7.56001
    endloop
  endfacet
  facet normal 0 -1 0
    outer loop
      vertex 15.4722 84.3 7.15
      vertex 102.429 84.3 7.34944
      vertex 15.5706 84.3 7.34944
    endloop
  endfacet
  facet normal 0 -1 0
    outer loop
      vertex 15.4722 84.3 7.15
      vertex 102.528 84.3 7.15
      vertex 102.429 84.3 7.34944
    endloop
  endfacet
  facet normal 0 -1 0
    outer loop
      vertex 11.7 84.3 0
      vertex 15.4722 84.3 7.15
      vertex 15.3487 84.3 6.96511
    endloop
  endfacet
  facet normal 0 -1 -0
    outer loop
      vertex 15.4722 84.3 7.15
      vertex 11.7 84.3 0
      vertex 102.528 84.3 7.15
    endloop
  endfacet
  facet normal 0 -1 0
    outer loop
      vertex 11.7 84.3 0
      vertex 15.3487 84.3 6.96511
      vertex 15.2021 84.3 6.79792
    endloop
  endfacet
  facet normal 0 -1 0
    outer loop
      vertex 106.3 84.3 0
      vertex 102.528 84.3 7.15
      vertex 11.7 84.3 0
    endloop
  endfacet
  facet normal 0 -1 0
    outer loop
      vertex 11.7 84.3 0
      vertex 15.2021 84.3 6.79792
      vertex 15.0349 84.3 6.6513
    endloop
  endfacet
  facet normal 0 -1 0
    outer loop
      vertex 102.528 84.3 7.15
      vertex 106.3 84.3 0
      vertex 102.651 84.3 6.96511
    endloop
  endfacet
  facet normal 0 -1 0
    outer loop
      vertex 11.7 84.3 0
      vertex 15.0349 84.3 6.6513
      vertex 14.85 84.3 6.52776
    endloop
  endfacet
  facet normal 0 -1 0
    outer loop
      vertex 102.651 84.3 6.96511
      vertex 106.3 84.3 0
      vertex 102.798 84.3 6.79792
    endloop
  endfacet
  facet normal 0 -1 0
    outer loop
      vertex 11.7 84.3 0
      vertex 14.85 84.3 6.52776
      vertex 14.6506 84.3 6.4294
    endloop
  endfacet
  facet normal 0 -1 0
    outer loop
      vertex 102.798 84.3 6.79792
      vertex 106.3 84.3 0
      vertex 102.965 84.3 6.6513
    endloop
  endfacet
  facet normal 0 -1 0
    outer loop
      vertex 11.7 84.3 0
      vertex 14.6506 84.3 6.4294
      vertex 14.44 84.3 6.35793
    endloop
  endfacet
  facet normal 0 -1 0
    outer loop
      vertex 102.965 84.3 6.6513
      vertex 106.3 84.3 0
      vertex 103.15 84.3 6.52776
    endloop
  endfacet
  facet normal 0 -1 0
    outer loop
      vertex 11.7 84.3 0
      vertex 14.44 84.3 6.35793
      vertex 14.2219 84.3 6.31454
    endloop
  endfacet
  facet normal 0 -1 0
    outer loop
      vertex 103.15 84.3 6.52776
      vertex 106.3 84.3 0
      vertex 103.349 84.3 6.4294
    endloop
  endfacet
  facet normal 0 -1 0
    outer loop
      vertex 11.7 84.3 0
      vertex 14.2219 84.3 6.31454
      vertex 14 84.3 6.3
    endloop
  endfacet
  facet normal 0 -1 0
    outer loop
      vertex 103.349 84.3 6.4294
      vertex 106.3 84.3 0
      vertex 103.56 84.3 6.35793
    endloop
  endfacet
  facet normal 0 -1 0
    outer loop
      vertex 14.2219 84.3 9.68546
      vertex 11.7 84.3 13
      vertex 14 84.3 9.7
    endloop
  endfacet
  facet normal 0 -1 0
    outer loop
      vertex 11.7 84.3 13
      vertex 13.7781 84.3 9.68546
      vertex 14 84.3 9.7
    endloop
  endfacet
  facet normal 0 -1 0
    outer loop
      vertex 11.7 84.3 13
      vertex 13.56 84.3 9.64207
      vertex 13.7781 84.3 9.68546
    endloop
  endfacet
  facet normal 0 -1 0
    outer loop
      vertex 11.7 84.3 13
      vertex 13.3494 84.3 9.57059
      vertex 13.56 84.3 9.64207
    endloop
  endfacet
  facet normal 0 -1 0
    outer loop
      vertex 11.7 84.3 13
      vertex 13.15 84.3 9.47224
      vertex 13.3494 84.3 9.57059
    endloop
  endfacet
  facet normal 0 -1 0
    outer loop
      vertex 11.7 84.3 13
      vertex 12.9651 84.3 9.3487
      vertex 13.15 84.3 9.47224
    endloop
  endfacet
  facet normal 0 -1 0
    outer loop
      vertex 11.7 84.3 13
      vertex 12.7979 84.3 9.20208
      vertex 12.9651 84.3 9.3487
    endloop
  endfacet
  facet normal 0 -1 0
    outer loop
      vertex 11.7 84.3 13
      vertex 12.6513 84.3 9.03489
      vertex 12.7979 84.3 9.20208
    endloop
  endfacet
  facet normal 0 -1 0
    outer loop
      vertex 11.7 84.3 13
      vertex 12.5278 84.3 8.85
      vertex 12.6513 84.3 9.03489
    endloop
  endfacet
  facet normal 0 -1 0
    outer loop
      vertex 11.7 84.3 13
      vertex 12.4294 84.3 8.65056
      vertex 12.5278 84.3 8.85
    endloop
  endfacet
  facet normal 0 -1 0
    outer loop
      vertex 11.7 84.3 13
      vertex 12.3579 84.3 8.43999
      vertex 12.4294 84.3 8.65056
    endloop
  endfacet
  facet normal 0 -1 0
    outer loop
      vertex 11.7 84.3 13
      vertex 12.3145 84.3 8.22189
      vertex 12.3579 84.3 8.43999
    endloop
  endfacet
  facet normal 0 -1 0
    outer loop
      vertex 11.7 84.3 13
      vertex 12.3 84.3 8
      vertex 12.3145 84.3 8.22189
    endloop
  endfacet
  facet normal 0 -1 0
    outer loop
      vertex 11.7 84.3 0
      vertex 12.3 84.3 8
      vertex 11.7 84.3 13
    endloop
  endfacet
  facet normal 0 -1 0
    outer loop
      vertex 103.56 84.3 6.35793
      vertex 106.3 84.3 0
      vertex 103.778 84.3 6.31454
    endloop
  endfacet
  facet normal 0 -1 -0
    outer loop
      vertex 13.7781 84.3 6.31454
      vertex 11.7 84.3 0
      vertex 14 84.3 6.3
    endloop
  endfacet
  facet normal 0 -1 -0
    outer loop
      vertex 13.56 84.3 6.35793
      vertex 11.7 84.3 0
      vertex 13.7781 84.3 6.31454
    endloop
  endfacet
  facet normal 0 -1 -0
    outer loop
      vertex 13.3494 84.3 6.4294
      vertex 11.7 84.3 0
      vertex 13.56 84.3 6.35793
    endloop
  endfacet
  facet normal 0 -1 -0
    outer loop
      vertex 13.15 84.3 6.52776
      vertex 11.7 84.3 0
      vertex 13.3494 84.3 6.4294
    endloop
  endfacet
  facet normal 0 -1 -0
    outer loop
      vertex 12.9651 84.3 6.6513
      vertex 11.7 84.3 0
      vertex 13.15 84.3 6.52776
    endloop
  endfacet
  facet normal 0 -1 -0
    outer loop
      vertex 12.7979 84.3 6.79792
      vertex 11.7 84.3 0
      vertex 12.9651 84.3 6.6513
    endloop
  endfacet
  facet normal 0 -1 -0
    outer loop
      vertex 12.6513 84.3 6.96511
      vertex 11.7 84.3 0
      vertex 12.7979 84.3 6.79792
    endloop
  endfacet
  facet normal 0 -1 -0
    outer loop
      vertex 12.5278 84.3 7.15
      vertex 11.7 84.3 0
      vertex 12.6513 84.3 6.96511
    endloop
  endfacet
  facet normal 0 -1 -0
    outer loop
      vertex 12.4294 84.3 7.34944
      vertex 11.7 84.3 0
      vertex 12.5278 84.3 7.15
    endloop
  endfacet
  facet normal 0 -1 -0
    outer loop
      vertex 12.3579 84.3 7.56001
      vertex 11.7 84.3 0
      vertex 12.4294 84.3 7.34944
    endloop
  endfacet
  facet normal 0 -1 -0
    outer loop
      vertex 12.3145 84.3 7.7781
      vertex 11.7 84.3 0
      vertex 12.3579 84.3 7.56001
    endloop
  endfacet
  facet normal 0 -1 -0
    outer loop
      vertex 12.3 84.3 8
      vertex 11.7 84.3 0
      vertex 12.3145 84.3 7.7781
    endloop
  endfacet
  facet normal 0 -1 0
    outer loop
      vertex 14.44 84.3 9.64207
      vertex 11.7 84.3 13
      vertex 14.2219 84.3 9.68546
    endloop
  endfacet
  facet normal 0 -1 0
    outer loop
      vertex 104.222 84.3 9.68546
      vertex 106.3 84.3 13
      vertex 104 84.3 9.7
    endloop
  endfacet
  facet normal 0 -1 0
    outer loop
      vertex 104.44 84.3 9.64207
      vertex 106.3 84.3 13
      vertex 104.222 84.3 9.68546
    endloop
  endfacet
  facet normal 0 -1 0
    outer loop
      vertex 104.651 84.3 9.57059
      vertex 106.3 84.3 13
      vertex 104.44 84.3 9.64207
    endloop
  endfacet
  facet normal 0 -1 0
    outer loop
      vertex 104.85 84.3 9.47224
      vertex 106.3 84.3 13
      vertex 104.651 84.3 9.57059
    endloop
  endfacet
  facet normal 0 -1 0
    outer loop
      vertex 105.035 84.3 9.3487
      vertex 106.3 84.3 13
      vertex 104.85 84.3 9.47224
    endloop
  endfacet
  facet normal 0 -1 0
    outer loop
      vertex 105.202 84.3 9.20208
      vertex 106.3 84.3 13
      vertex 105.035 84.3 9.3487
    endloop
  endfacet
  facet normal 0 -1 0
    outer loop
      vertex 105.349 84.3 9.03489
      vertex 106.3 84.3 13
      vertex 105.202 84.3 9.20208
    endloop
  endfacet
  facet normal 0 -1 0
    outer loop
      vertex 105.472 84.3 8.85
      vertex 106.3 84.3 13
      vertex 105.349 84.3 9.03489
    endloop
  endfacet
  facet normal 0 -1 0
    outer loop
      vertex 105.571 84.3 8.65056
      vertex 106.3 84.3 13
      vertex 105.472 84.3 8.85
    endloop
  endfacet
  facet normal 0 -1 0
    outer loop
      vertex 105.642 84.3 8.43999
      vertex 106.3 84.3 13
      vertex 105.571 84.3 8.65056
    endloop
  endfacet
  facet normal 0 -1 0
    outer loop
      vertex 105.685 84.3 8.22189
      vertex 106.3 84.3 13
      vertex 105.642 84.3 8.43999
    endloop
  endfacet
  facet normal 0 -1 0
    outer loop
      vertex 105.7 84.3 8
      vertex 106.3 84.3 13
      vertex 105.685 84.3 8.22189
    endloop
  endfacet
  facet normal 0 -1 0
    outer loop
      vertex 106.3 84.3 0
      vertex 105.7 84.3 8
      vertex 105.685 84.3 7.7781
    endloop
  endfacet
  facet normal 0 -1 0
    outer loop
      vertex 103.778 84.3 6.31454
      vertex 106.3 84.3 0
      vertex 104 84.3 6.3
    endloop
  endfacet
  facet normal 0 -1 0
    outer loop
      vertex 105.7 84.3 8
      vertex 106.3 84.3 0
      vertex 106.3 84.3 13
    endloop
  endfacet
  facet normal 0 -1 0
    outer loop
      vertex 105.642 84.3 7.56001
      vertex 106.3 84.3 0
      vertex 105.685 84.3 7.7781
    endloop
  endfacet
  facet normal 0 -1 0
    outer loop
      vertex 105.571 84.3 7.34944
      vertex 106.3 84.3 0
      vertex 105.642 84.3 7.56001
    endloop
  endfacet
  facet normal 0 -1 0
    outer loop
      vertex 105.472 84.3 7.15
      vertex 106.3 84.3 0
      vertex 105.571 84.3 7.34944
    endloop
  endfacet
  facet normal 0 -1 0
    outer loop
      vertex 105.349 84.3 6.96511
      vertex 106.3 84.3 0
      vertex 105.472 84.3 7.15
    endloop
  endfacet
  facet normal 0 -1 0
    outer loop
      vertex 105.202 84.3 6.79792
      vertex 106.3 84.3 0
      vertex 105.349 84.3 6.96511
    endloop
  endfacet
  facet normal 0 -1 0
    outer loop
      vertex 105.035 84.3 6.6513
      vertex 106.3 84.3 0
      vertex 105.202 84.3 6.79792
    endloop
  endfacet
  facet normal 0 -1 0
    outer loop
      vertex 104.85 84.3 6.52776
      vertex 106.3 84.3 0
      vertex 105.035 84.3 6.6513
    endloop
  endfacet
  facet normal 0 -1 0
    outer loop
      vertex 104.651 84.3 6.4294
      vertex 106.3 84.3 0
      vertex 104.85 84.3 6.52776
    endloop
  endfacet
  facet normal 0 -1 0
    outer loop
      vertex 104.44 84.3 6.35793
      vertex 106.3 84.3 0
      vertex 104.651 84.3 6.4294
    endloop
  endfacet
  facet normal 0 -1 0
    outer loop
      vertex 104.222 84.3 6.31454
      vertex 106.3 84.3 0
      vertex 104.44 84.3 6.35793
    endloop
  endfacet
  facet normal 0 -1 0
    outer loop
      vertex 104 84.3 6.3
      vertex 106.3 84.3 0
      vertex 104.222 84.3 6.31454
    endloop
  endfacet
  facet normal 0.0653646 -0.997861 0
    outer loop
      vertex 10.6558 84.2316 0
      vertex 11.7 84.3 13
      vertex 10.6558 84.2316 13
    endloop
  endfacet
  facet normal 0.0653646 -0.997861 0
    outer loop
      vertex 11.7 84.3 13
      vertex 10.6558 84.2316 0
      vertex 11.7 84.3 0
    endloop
  endfacet
  facet normal -0.980628 -0.195877 0
    outer loop
      vertex 114.232 77.3442 0
      vertex 114.027 78.3705 13
      vertex 114.027 78.3705 0
    endloop
  endfacet
  facet normal -0.980628 -0.195877 0
    outer loop
      vertex 114.027 78.3705 13
      vertex 114.232 77.3442 0
      vertex 114.232 77.3442 13
    endloop
  endfacet
  facet normal -0.997886 -0.064984 0
    outer loop
      vertex 114.3 76.3 0
      vertex 114.232 77.3442 13
      vertex 114.232 77.3442 0
    endloop
  endfacet
  facet normal -0.997886 -0.064984 0
    outer loop
      vertex 114.232 77.3442 13
      vertex 114.3 76.3 0
      vertex 114.3 76.3 13
    endloop
  endfacet
  facet normal -0.442109 0.896961 0
    outer loop
      vertex 110.3 4.77179 0
      vertex 109.361 4.30896 13
      vertex 110.3 4.77179 13
    endloop
  endfacet
  facet normal -0.442109 0.896961 0
    outer loop
      vertex 109.361 4.30896 13
      vertex 110.3 4.77179 0
      vertex 109.361 4.30896 0
    endloop
  endfacet
  facet normal 0.0654027 0.997859 -0
    outer loop
      vertex 11.7 3.7 0
      vertex 10.6558 3.76844 13
      vertex 11.7 3.7 13
    endloop
  endfacet
  facet normal 0.0654027 0.997859 0
    outer loop
      vertex 10.6558 3.76844 13
      vertex 11.7 3.7 0
      vertex 10.6558 3.76844 0
    endloop
  endfacet
  facet normal 0.751815 -0.659374 0
    outer loop
      vertex 5.35317 81.1701 13
      vertex 6.04314 81.9568 0
      vertex 6.04314 81.9568 13
    endloop
  endfacet
  facet normal 0.751815 -0.659374 0
    outer loop
      vertex 6.04314 81.9568 0
      vertex 5.35317 81.1701 13
      vertex 5.35317 81.1701 0
    endloop
  endfacet
  facet normal 0.831471 -0.555569 0
    outer loop
      vertex 4.77179 80.3 13
      vertex 5.35317 81.1701 0
      vertex 5.35317 81.1701 13
    endloop
  endfacet
  facet normal 0.831471 -0.555569 0
    outer loop
      vertex 5.35317 81.1701 0
      vertex 4.77179 80.3 13
      vertex 4.77179 80.3 0
    endloop
  endfacet
  facet normal 0.659362 -0.751826 0
    outer loop
      vertex 6.04314 81.9568 0
      vertex 6.8299 82.6468 13
      vertex 6.04314 81.9568 13
    endloop
  endfacet
  facet normal 0.659362 -0.751826 0
    outer loop
      vertex 6.8299 82.6468 13
      vertex 6.04314 81.9568 0
      vertex 6.8299 82.6468 0
    endloop
  endfacet
  facet normal 0.946936 -0.321423 0
    outer loop
      vertex 3.97258 78.3705 13
      vertex 4.30896 79.3615 0
      vertex 4.30896 79.3615 13
    endloop
  endfacet
  facet normal 0.946936 -0.321423 0
    outer loop
      vertex 4.30896 79.3615 0
      vertex 3.97258 78.3705 13
      vertex 3.97258 78.3705 0
    endloop
  endfacet
  facet normal -0.0653771 -0.997861 0
    outer loop
      vertex 106.3 84.3 0
      vertex 107.344 84.2316 13
      vertex 106.3 84.3 13
    endloop
  endfacet
  facet normal -0.0653771 -0.997861 -0
    outer loop
      vertex 107.344 84.2316 13
      vertex 106.3 84.3 0
      vertex 107.344 84.2316 0
    endloop
  endfacet
  facet normal -0.321731 -0.946831 0
    outer loop
      vertex 108.371 84.0274 0
      vertex 109.361 83.691 13
      vertex 108.371 84.0274 13
    endloop
  endfacet
  facet normal -0.321731 -0.946831 -0
    outer loop
      vertex 109.361 83.691 13
      vertex 108.371 84.0274 0
      vertex 109.361 83.691 0
    endloop
  endfacet
  facet normal -0.442086 -0.896973 0
    outer loop
      vertex 109.361 83.691 0
      vertex 110.3 83.2282 13
      vertex 109.361 83.691 13
    endloop
  endfacet
  facet normal -0.442086 -0.896973 -0
    outer loop
      vertex 110.3 83.2282 13
      vertex 109.361 83.691 0
      vertex 110.3 83.2282 0
    endloop
  endfacet
  facet normal -0.896803 -0.442429 0
    outer loop
      vertex 113.691 79.3615 0
      vertex 113.228 80.3 13
      vertex 113.228 80.3 0
    endloop
  endfacet
  facet normal -0.896803 -0.442429 0
    outer loop
      vertex 113.228 80.3 13
      vertex 113.691 79.3615 0
      vertex 113.691 79.3615 13
    endloop
  endfacet
  facet normal 0.195131 -0.980777 0
    outer loop
      vertex 9.62944 84.0274 0
      vertex 10.6558 84.2316 13
      vertex 9.62944 84.0274 13
    endloop
  endfacet
  facet normal 0.195131 -0.980777 0
    outer loop
      vertex 10.6558 84.2316 13
      vertex 9.62944 84.0274 0
      vertex 10.6558 84.2316 0
    endloop
  endfacet
  facet normal -0.896807 0.442422 0
    outer loop
      vertex 113.228 7.7 0
      vertex 113.691 8.63852 13
      vertex 113.691 8.63852 0
    endloop
  endfacet
  facet normal -0.896807 0.442422 0
    outer loop
      vertex 113.691 8.63852 13
      vertex 113.228 7.7 0
      vertex 113.228 7.7 13
    endloop
  endfacet
  facet normal 0.195076 0.980788 -0
    outer loop
      vertex 10.6558 3.76844 0
      vertex 9.62944 3.97258 13
      vertex 10.6558 3.76844 13
    endloop
  endfacet
  facet normal 0.195076 0.980788 0
    outer loop
      vertex 9.62944 3.97258 13
      vertex 10.6558 3.76844 0
      vertex 9.62944 3.97258 0
    endloop
  endfacet
  facet normal 0.321446 0.946928 -0
    outer loop
      vertex 9.62944 3.97258 0
      vertex 8.63852 4.30896 13
      vertex 9.62944 3.97258 13
    endloop
  endfacet
  facet normal 0.321446 0.946928 0
    outer loop
      vertex 8.63852 4.30896 13
      vertex 9.62944 3.97258 0
      vertex 8.63852 4.30896 0
    endloop
  endfacet
  facet normal 0.896872 0.442291 0
    outer loop
      vertex 4.77179 7.7 13
      vertex 4.30896 8.63852 0
      vertex 4.30896 8.63852 13
    endloop
  endfacet
  facet normal 0.896872 0.442291 0
    outer loop
      vertex 4.30896 8.63852 0
      vertex 4.77179 7.7 13
      vertex 4.77179 7.7 0
    endloop
  endfacet
  facet normal 0.997859 -0.0654027 0
    outer loop
      vertex 3.7 76.3 13
      vertex 3.76844 77.3442 0
      vertex 3.76844 77.3442 13
    endloop
  endfacet
  facet normal 0.997859 -0.0654027 0
    outer loop
      vertex 3.76844 77.3442 0
      vertex 3.7 76.3 13
      vertex 3.7 76.3 0
    endloop
  endfacet
  facet normal 0.980786 -0.195087 0
    outer loop
      vertex 3.76844 77.3442 13
      vertex 3.97258 78.3705 0
      vertex 3.97258 78.3705 13
    endloop
  endfacet
  facet normal 0.980786 -0.195087 0
    outer loop
      vertex 3.97258 78.3705 0
      vertex 3.76844 77.3442 13
      vertex 3.76844 77.3442 0
    endloop
  endfacet
  facet normal -0.195014 -0.9808 0
    outer loop
      vertex 107.344 84.2316 0
      vertex 108.371 84.0274 13
      vertex 107.344 84.2316 13
    endloop
  endfacet
  facet normal -0.195014 -0.9808 -0
    outer loop
      vertex 108.371 84.0274 13
      vertex 107.344 84.2316 0
      vertex 108.371 84.0274 0
    endloop
  endfacet
  facet normal -0.555626 -0.831432 0
    outer loop
      vertex 110.3 83.2282 0
      vertex 111.17 82.6468 13
      vertex 110.3 83.2282 13
    endloop
  endfacet
  facet normal -0.555626 -0.831432 -0
    outer loop
      vertex 111.17 82.6468 13
      vertex 110.3 83.2282 0
      vertex 111.17 82.6468 0
    endloop
  endfacet
  facet normal -0.659248 -0.751925 0
    outer loop
      vertex 111.17 82.6468 0
      vertex 111.957 81.9568 13
      vertex 111.17 82.6468 13
    endloop
  endfacet
  facet normal -0.659248 -0.751925 -0
    outer loop
      vertex 111.957 81.9568 13
      vertex 111.17 82.6468 0
      vertex 111.957 81.9568 0
    endloop
  endfacet
  facet normal 0.442268 -0.896883 0
    outer loop
      vertex 7.7 83.2282 0
      vertex 8.63852 83.691 13
      vertex 7.7 83.2282 13
    endloop
  endfacet
  facet normal 0.442268 -0.896883 0
    outer loop
      vertex 8.63852 83.691 13
      vertex 7.7 83.2282 0
      vertex 8.63852 83.691 0
    endloop
  endfacet
  facet normal 0.321463 -0.946922 0
    outer loop
      vertex 8.63852 83.691 0
      vertex 9.62944 84.0274 13
      vertex 8.63852 83.691 13
    endloop
  endfacet
  facet normal 0.321463 -0.946922 0
    outer loop
      vertex 9.62944 84.0274 13
      vertex 8.63852 83.691 0
      vertex 9.62944 84.0274 0
    endloop
  endfacet
  facet normal -0.947038 0.321121 0
    outer loop
      vertex 113.691 8.63852 0
      vertex 114.027 9.62944 13
      vertex 114.027 9.62944 0
    endloop
  endfacet
  facet normal -0.947038 0.321121 0
    outer loop
      vertex 114.027 9.62944 13
      vertex 113.691 8.63852 0
      vertex 113.691 8.63852 13
    endloop
  endfacet
  facet normal -0.751826 0.659362 0
    outer loop
      vertex 111.957 6.04314 0
      vertex 112.647 6.8299 13
      vertex 112.647 6.8299 0
    endloop
  endfacet
  facet normal -0.751826 0.659362 0
    outer loop
      vertex 112.647 6.8299 13
      vertex 111.957 6.04314 0
      vertex 111.957 6.04314 13
    endloop
  endfacet
  facet normal -0.321714 0.946837 0
    outer loop
      vertex 109.361 4.30896 0
      vertex 108.371 3.97258 13
      vertex 109.361 4.30896 13
    endloop
  endfacet
  facet normal -0.321714 0.946837 0
    outer loop
      vertex 108.371 3.97258 13
      vertex 109.361 4.30896 0
      vertex 108.371 3.97258 0
    endloop
  endfacet
  facet normal -0.194959 0.980811 0
    outer loop
      vertex 108.371 3.97258 0
      vertex 107.344 3.76844 13
      vertex 108.371 3.97258 13
    endloop
  endfacet
  facet normal -0.194959 0.980811 0
    outer loop
      vertex 107.344 3.76844 13
      vertex 108.371 3.97258 0
      vertex 107.344 3.76844 0
    endloop
  endfacet
  facet normal -0.555613 0.831441 0
    outer loop
      vertex 111.17 5.35317 0
      vertex 110.3 4.77179 13
      vertex 111.17 5.35317 13
    endloop
  endfacet
  facet normal -0.555613 0.831441 0
    outer loop
      vertex 110.3 4.77179 13
      vertex 111.17 5.35317 0
      vertex 110.3 4.77179 0
    endloop
  endfacet
  facet normal 0.659346 0.75184 -0
    outer loop
      vertex 6.8299 5.35317 0
      vertex 6.04314 6.04314 13
      vertex 6.8299 5.35317 13
    endloop
  endfacet
  facet normal 0.659346 0.75184 0
    outer loop
      vertex 6.04314 6.04314 13
      vertex 6.8299 5.35317 0
      vertex 6.04314 6.04314 0
    endloop
  endfacet
  facet normal -0.751801 -0.65939 0
    outer loop
      vertex 112.647 81.1701 0
      vertex 111.957 81.9568 13
      vertex 111.957 81.9568 0
    endloop
  endfacet
  facet normal -0.751801 -0.65939 0
    outer loop
      vertex 111.957 81.9568 13
      vertex 112.647 81.1701 0
      vertex 112.647 81.1701 13
    endloop
  endfacet
  facet normal -0.831638 -0.555318 0
    outer loop
      vertex 113.228 80.3 0
      vertex 112.647 81.1701 13
      vertex 112.647 81.1701 0
    endloop
  endfacet
  facet normal -0.831638 -0.555318 0
    outer loop
      vertex 112.647 81.1701 13
      vertex 113.228 80.3 0
      vertex 113.228 80.3 13
    endloop
  endfacet
  facet normal -0.980631 0.195866 0
    outer loop
      vertex 114.027 9.62944 0
      vertex 114.232 10.6558 13
      vertex 114.232 10.6558 0
    endloop
  endfacet
  facet normal -0.980631 0.195866 0
    outer loop
      vertex 114.232 10.6558 13
      vertex 114.027 9.62944 0
      vertex 114.027 9.62944 13
    endloop
  endfacet
  facet normal -0.831638 0.555318 0
    outer loop
      vertex 112.647 6.8299 0
      vertex 113.228 7.7 13
      vertex 113.228 7.7 0
    endloop
  endfacet
  facet normal -0.831638 0.555318 0
    outer loop
      vertex 113.228 7.7 13
      vertex 112.647 6.8299 0
      vertex 112.647 6.8299 13
    endloop
  endfacet
  facet normal -0.659232 0.751939 0
    outer loop
      vertex 111.957 6.04314 0
      vertex 111.17 5.35317 13
      vertex 111.957 6.04314 13
    endloop
  endfacet
  facet normal -0.659232 0.751939 0
    outer loop
      vertex 111.17 5.35317 13
      vertex 111.957 6.04314 0
      vertex 111.17 5.35317 0
    endloop
  endfacet
  facet normal 0.75184 0.659346 0
    outer loop
      vertex 6.04314 6.04314 13
      vertex 5.35317 6.8299 0
      vertex 5.35317 6.8299 13
    endloop
  endfacet
  facet normal 0.75184 0.659346 0
    outer loop
      vertex 5.35317 6.8299 0
      vertex 6.04314 6.04314 13
      vertex 6.04314 6.04314 0
    endloop
  endfacet
  facet normal -0.997886 0.064984 0
    outer loop
      vertex 114.232 10.6558 0
      vertex 114.3 11.7 13
      vertex 114.3 11.7 0
    endloop
  endfacet
  facet normal -0.997886 0.064984 0
    outer loop
      vertex 114.3 11.7 13
      vertex 114.232 10.6558 0
      vertex 114.232 10.6558 13
    endloop
  endfacet
  facet normal 0.555569 0.831471 -0
    outer loop
      vertex 7.7 4.77179 0
      vertex 6.8299 5.35317 13
      vertex 7.7 4.77179 13
    endloop
  endfacet
  facet normal 0.555569 0.831471 0
    outer loop
      vertex 6.8299 5.35317 13
      vertex 7.7 4.77179 0
      vertex 6.8299 5.35317 0
    endloop
  endfacet
  facet normal 0.831471 0.555569 0
    outer loop
      vertex 5.35317 6.8299 13
      vertex 4.77179 7.7 0
      vertex 4.77179 7.7 13
    endloop
  endfacet
  facet normal 0.831471 0.555569 0
    outer loop
      vertex 4.77179 7.7 0
      vertex 5.35317 6.8299 13
      vertex 5.35317 6.8299 0
    endloop
  endfacet
  facet normal 0.442291 0.896872 -0
    outer loop
      vertex 8.63852 4.30896 0
      vertex 7.7 4.77179 13
      vertex 8.63852 4.30896 13
    endloop
  endfacet
  facet normal 0.442291 0.896872 0
    outer loop
      vertex 7.7 4.77179 13
      vertex 8.63852 4.30896 0
      vertex 7.7 4.77179 0
    endloop
  endfacet
  facet normal -1 0 0
    outer loop
      vertex 109 11.6785 18.1479
      vertex 109 77.3524 42.6121
      vertex 109 78.3833 39.3722
    endloop
  endfacet
  facet normal -1 0 0
    outer loop
      vertex 109 77.3524 42.6121
      vertex 109 11.6785 18.1479
      vertex 109 10.6476 21.3879
    endloop
  endfacet
  facet normal 1 0 0
    outer loop
      vertex 9 77.3524 42.6121
      vertex 9 11.6785 18.1479
      vertex 9 78.3833 39.3722
    endloop
  endfacet
  facet normal 1 0 -0
    outer loop
      vertex 9 11.6785 18.1479
      vertex 9 77.3524 42.6121
      vertex 9 10.6476 21.3879
    endloop
  endfacet
  facet normal 0 -0.952924 -0.30321
    outer loop
      vertex 9 78.3833 39.3722
      vertex 109 77.3524 42.6121
      vertex 9 77.3524 42.6121
    endloop
  endfacet
  facet normal 0 -0.952924 -0.30321
    outer loop
      vertex 109 77.3524 42.6121
      vertex 9 78.3833 39.3722
      vertex 109 78.3833 39.3722
    endloop
  endfacet
  facet normal -7.15419e-07 -0.303204 0.952926
    outer loop
      vertex 109 78.3833 39.3722
      vertex 61.5 44 28.432
      vertex 109 11.6785 18.1479
    endloop
  endfacet
  facet normal 0.000154806 -0.303399 0.952863
    outer loop
      vertex 109 78.3833 39.3722
      vertex 61.4786 44.3263 28.5359
      vertex 61.5 44 28.432
    endloop
  endfacet
  facet normal -7.59286e-05 -0.303107 0.952957
    outer loop
      vertex 109 78.3833 39.3722
      vertex 61.4148 44.647 28.6379
      vertex 61.4786 44.3263 28.5359
    endloop
  endfacet
  facet normal -7.23029e-05 -0.303112 0.952955
    outer loop
      vertex 109 78.3833 39.3722
      vertex 61.3097 44.9567 28.7364
      vertex 61.4148 44.647 28.6379
    endloop
  endfacet
  facet normal 0.000129825 -0.303373 0.952872
    outer loop
      vertex 109 78.3833 39.3722
      vertex 61.1651 45.25 28.8298
      vertex 61.3097 44.9567 28.7364
    endloop
  endfacet
  facet normal -2.24433e-05 -0.303174 0.952935
    outer loop
      vertex 109 78.3833 39.3722
      vertex 60.9834 45.5219 28.9163
      vertex 61.1651 45.25 28.8298
    endloop
  endfacet
  facet normal -6.78103e-05 -0.303114 0.952954
    outer loop
      vertex 109 78.3833 39.3722
      vertex 60.7678 45.7678 28.9945
      vertex 60.9834 45.5219 28.9163
    endloop
  endfacet
  facet normal -4.56311e-07 -0.303204 0.952926
    outer loop
      vertex 109 78.3833 39.3722
      vertex 60.5219 45.9834 29.0631
      vertex 60.7678 45.7678 28.9945
    endloop
  endfacet
  facet normal -2.42994e-05 -0.303172 0.952936
    outer loop
      vertex 109 78.3833 39.3722
      vertex 60.25 46.1651 29.1209
      vertex 60.5219 45.9834 29.0631
    endloop
  endfacet
  facet normal -1.73723e-05 -0.303181 0.952933
    outer loop
      vertex 109 78.3833 39.3722
      vertex 59.9567 46.3097 29.1669
      vertex 60.25 46.1651 29.1209
    endloop
  endfacet
  facet normal 0.000119274 -0.303371 0.952873
    outer loop
      vertex 109 78.3833 39.3722
      vertex 59.647 46.4148 29.2004
      vertex 59.9567 46.3097 29.1669
    endloop
  endfacet
  facet normal -2.06214e-08 -0.303204 0.952926
    outer loop
      vertex 109 78.3833 39.3722
      vertex 59.3263 46.4786 29.2207
      vertex 59.647 46.4148 29.2004
    endloop
  endfacet
  facet normal -2.40977e-05 -0.30317 0.952937
    outer loop
      vertex 109 78.3833 39.3722
      vertex 59 46.5 29.2275
      vertex 59.3263 46.4786 29.2207
    endloop
  endfacet
  facet normal 0 -0.303204 0.952926
    outer loop
      vertex 9 78.3833 39.3722
      vertex 59 46.5 29.2275
      vertex 109 78.3833 39.3722
    endloop
  endfacet
  facet normal 2.40977e-05 -0.30317 0.952937
    outer loop
      vertex 59 46.5 29.2275
      vertex 9 78.3833 39.3722
      vertex 58.6737 46.4786 29.2207
    endloop
  endfacet
  facet normal 2.06214e-08 -0.303204 0.952926
    outer loop
      vertex 58.6737 46.4786 29.2207
      vertex 9 78.3833 39.3722
      vertex 58.353 46.4148 29.2004
    endloop
  endfacet
  facet normal -0.000119274 -0.303371 0.952873
    outer loop
      vertex 58.353 46.4148 29.2004
      vertex 9 78.3833 39.3722
      vertex 58.0433 46.3097 29.1669
    endloop
  endfacet
  facet normal -0.000154806 -0.303399 0.952863
    outer loop
      vertex 56.5214 44.3263 28.5359
      vertex 9 78.3833 39.3722
      vertex 56.5 44 28.432
    endloop
  endfacet
  facet normal 7.59286e-05 -0.303107 0.952957
    outer loop
      vertex 56.5852 44.647 28.6379
      vertex 9 78.3833 39.3722
      vertex 56.5214 44.3263 28.5359
    endloop
  endfacet
  facet normal 7.23029e-05 -0.303112 0.952955
    outer loop
      vertex 56.6903 44.9567 28.7364
      vertex 9 78.3833 39.3722
      vertex 56.5852 44.647 28.6379
    endloop
  endfacet
  facet normal -0.000129825 -0.303373 0.952872
    outer loop
      vertex 56.8349 45.25 28.8298
      vertex 9 78.3833 39.3722
      vertex 56.6903 44.9567 28.7364
    endloop
  endfacet
  facet normal 2.24433e-05 -0.303174 0.952935
    outer loop
      vertex 57.0166 45.5219 28.9163
      vertex 9 78.3833 39.3722
      vertex 56.8349 45.25 28.8298
    endloop
  endfacet
  facet normal 6.78103e-05 -0.303114 0.952954
    outer loop
      vertex 57.2322 45.7678 28.9945
      vertex 9 78.3833 39.3722
      vertex 57.0166 45.5219 28.9163
    endloop
  endfacet
  facet normal 4.56311e-07 -0.303204 0.952926
    outer loop
      vertex 57.4781 45.9834 29.0631
      vertex 9 78.3833 39.3722
      vertex 57.2322 45.7678 28.9945
    endloop
  endfacet
  facet normal 2.42994e-05 -0.303172 0.952936
    outer loop
      vertex 57.75 46.1651 29.1209
      vertex 9 78.3833 39.3722
      vertex 57.4781 45.9834 29.0631
    endloop
  endfacet
  facet normal 1.73723e-05 -0.303181 0.952933
    outer loop
      vertex 58.0433 46.3097 29.1669
      vertex 9 78.3833 39.3722
      vertex 57.75 46.1651 29.1209
    endloop
  endfacet
  facet normal 4.2973e-05 -0.303146 0.952944
    outer loop
      vertex 61.4786 43.6737 28.3282
      vertex 109 11.6785 18.1479
      vertex 61.5 44 28.432
    endloop
  endfacet
  facet normal 7.23378e-05 -0.303106 0.952957
    outer loop
      vertex 61.4148 43.353 28.2262
      vertex 109 11.6785 18.1479
      vertex 61.4786 43.6737 28.3282
    endloop
  endfacet
  facet normal -9.79032e-05 -0.303339 0.952883
    outer loop
      vertex 61.3097 43.0433 28.1276
      vertex 109 11.6785 18.1479
      vertex 61.4148 43.353 28.2262
    endloop
  endfacet
  facet normal 3.65359e-05 -0.303153 0.952942
    outer loop
      vertex 61.1651 42.75 28.0343
      vertex 109 11.6785 18.1479
      vertex 61.3097 43.0433 28.1276
    endloop
  endfacet
  facet normal 2.18365e-05 -0.303174 0.952935
    outer loop
      vertex 60.9834 42.4781 27.9478
      vertex 109 11.6785 18.1479
      vertex 61.1651 42.75 28.0343
    endloop
  endfacet
  facet normal 6.54336e-05 -0.303112 0.952955
    outer loop
      vertex 60.7678 42.2322 27.8696
      vertex 109 11.6785 18.1479
      vertex 60.9834 42.4781 27.9478
    endloop
  endfacet
  facet normal 7.82045e-07 -0.303204 0.952926
    outer loop
      vertex 60.5219 42.0166 27.801
      vertex 109 11.6785 18.1479
      vertex 60.7678 42.2322 27.8696
    endloop
  endfacet
  facet normal 2.38041e-05 -0.303171 0.952936
    outer loop
      vertex 60.25 41.8349 27.7432
      vertex 109 11.6785 18.1479
      vertex 60.5219 42.0166 27.801
    endloop
  endfacet
  facet normal -0.000163642 -0.303446 0.952849
    outer loop
      vertex 59.9567 41.6903 27.6971
      vertex 109 11.6785 18.1479
      vertex 60.25 41.8349 27.7432
    endloop
  endfacet
  facet normal 8.09113e-05 -0.303083 0.952964
    outer loop
      vertex 59.647 41.5852 27.6637
      vertex 109 11.6785 18.1479
      vertex 59.9567 41.6903 27.6971
    endloop
  endfacet
  facet normal 1.51842e-07 -0.303204 0.952926
    outer loop
      vertex 59.3263 41.5214 27.6434
      vertex 109 11.6785 18.1479
      vertex 59.647 41.5852 27.6637
    endloop
  endfacet
  facet normal 2.39965e-05 -0.303168 0.952937
    outer loop
      vertex 59 41.5 27.6366
      vertex 109 11.6785 18.1479
      vertex 59.3263 41.5214 27.6434
    endloop
  endfacet
  facet normal -2.39965e-05 -0.303168 0.952937
    outer loop
      vertex 9 11.6785 18.1479
      vertex 59 41.5 27.6366
      vertex 58.6737 41.5214 27.6434
    endloop
  endfacet
  facet normal -1.51842e-07 -0.303204 0.952926
    outer loop
      vertex 9 11.6785 18.1479
      vertex 58.6737 41.5214 27.6434
      vertex 58.353 41.5852 27.6637
    endloop
  endfacet
  facet normal -8.09113e-05 -0.303083 0.952964
    outer loop
      vertex 9 11.6785 18.1479
      vertex 58.353 41.5852 27.6637
      vertex 58.0433 41.6903 27.6971
    endloop
  endfacet
  facet normal 0.000163642 -0.303446 0.952849
    outer loop
      vertex 9 11.6785 18.1479
      vertex 58.0433 41.6903 27.6971
      vertex 57.75 41.8349 27.7432
    endloop
  endfacet
  facet normal 7.15419e-07 -0.303204 0.952926
    outer loop
      vertex 9 11.6785 18.1479
      vertex 56.5 44 28.432
      vertex 9 78.3833 39.3722
    endloop
  endfacet
  facet normal -4.2973e-05 -0.303146 0.952944
    outer loop
      vertex 56.5 44 28.432
      vertex 9 11.6785 18.1479
      vertex 56.5214 43.6737 28.3282
    endloop
  endfacet
  facet normal -7.23378e-05 -0.303106 0.952957
    outer loop
      vertex 56.5214 43.6737 28.3282
      vertex 9 11.6785 18.1479
      vertex 56.5852 43.353 28.2262
    endloop
  endfacet
  facet normal 9.79032e-05 -0.303339 0.952883
    outer loop
      vertex 56.5852 43.353 28.2262
      vertex 9 11.6785 18.1479
      vertex 56.6903 43.0433 28.1276
    endloop
  endfacet
  facet normal -3.65359e-05 -0.303153 0.952942
    outer loop
      vertex 56.6903 43.0433 28.1276
      vertex 9 11.6785 18.1479
      vertex 56.8349 42.75 28.0343
    endloop
  endfacet
  facet normal -2.18365e-05 -0.303174 0.952935
    outer loop
      vertex 56.8349 42.75 28.0343
      vertex 9 11.6785 18.1479
      vertex 57.0166 42.4781 27.9478
    endloop
  endfacet
  facet normal -6.54336e-05 -0.303112 0.952955
    outer loop
      vertex 57.0166 42.4781 27.9478
      vertex 9 11.6785 18.1479
      vertex 57.2322 42.2322 27.8696
    endloop
  endfacet
  facet normal 0 -0.303205 0.952925
    outer loop
      vertex 59 41.5 27.6366
      vertex 9 11.6785 18.1479
      vertex 109 11.6785 18.1479
    endloop
  endfacet
  facet normal -2.38041e-05 -0.303171 0.952936
    outer loop
      vertex 57.4781 42.0166 27.801
      vertex 9 11.6785 18.1479
      vertex 57.75 41.8349 27.7432
    endloop
  endfacet
  facet normal -7.82045e-07 -0.303204 0.952926
    outer loop
      vertex 57.2322 42.2322 27.8696
      vertex 9 11.6785 18.1479
      vertex 57.4781 42.0166 27.801
    endloop
  endfacet
  facet normal 0 0.952927 0.303201
    outer loop
      vertex 109 11.6785 18.1479
      vertex 9 10.6476 21.3879
      vertex 109 10.6476 21.3879
    endloop
  endfacet
  facet normal 0 0.952927 0.303201
    outer loop
      vertex 9 10.6476 21.3879
      vertex 109 11.6785 18.1479
      vertex 9 11.6785 18.1479
    endloop
  endfacet
  facet normal -0.555617 -0.831438 0
    outer loop
      vertex 60.25 46.1651 13
      vertex 60.5219 45.9834 29.0631
      vertex 60.25 46.1651 29.1209
    endloop
  endfacet
  facet normal -0.555617 -0.831438 -0
    outer loop
      vertex 60.5219 45.9834 29.0631
      vertex 60.25 46.1651 13
      vertex 60.5219 45.9834 13
    endloop
  endfacet
  facet normal 0.98078 -0.195116 0
    outer loop
      vertex 56.5214 44.3263 28.5359
      vertex 56.5852 44.647 13
      vertex 56.5852 44.647 28.6379
    endloop
  endfacet
  facet normal 0.98078 -0.195116 0
    outer loop
      vertex 56.5852 44.647 13
      vertex 56.5214 44.3263 28.5359
      vertex 56.5214 44.3263 13
    endloop
  endfacet
  facet normal 0.195116 0.98078 0
    outer loop
      vertex 58.353 41.5852 13
      vertex 58.6737 41.5214 27.6434
      vertex 58.6737 41.5214 13
    endloop
  endfacet
  facet normal 0.195116 0.98078 0
    outer loop
      vertex 58.6737 41.5214 27.6434
      vertex 58.353 41.5852 13
      vertex 58.353 41.5852 27.6637
    endloop
  endfacet
  facet normal 0.442191 -0.896921 0
    outer loop
      vertex 58.0433 46.3097 13
      vertex 57.75 46.1651 29.1209
      vertex 57.75 46.1651 13
    endloop
  endfacet
  facet normal 0.442191 -0.896921 0
    outer loop
      vertex 57.75 46.1651 29.1209
      vertex 58.0433 46.3097 13
      vertex 58.0433 46.3097 29.1669
    endloop
  endfacet
  facet normal 0.946957 -0.32136 0
    outer loop
      vertex 56.5852 44.647 28.6379
      vertex 56.6903 44.9567 13
      vertex 56.6903 44.9567 28.7364
    endloop
  endfacet
  facet normal 0.946957 -0.32136 0
    outer loop
      vertex 56.6903 44.9567 13
      vertex 56.5852 44.647 28.6379
      vertex 56.5852 44.647 13
    endloop
  endfacet
  facet normal 0.831438 0.555617 0
    outer loop
      vertex 57.0166 42.4781 27.9478
      vertex 56.8349 42.75 13
      vertex 56.8349 42.75 28.0343
    endloop
  endfacet
  facet normal 0.831438 0.555617 0
    outer loop
      vertex 56.8349 42.75 13
      vertex 57.0166 42.4781 27.9478
      vertex 57.0166 42.4781 13
    endloop
  endfacet
  facet normal -0.946957 -0.32136 -0
    outer loop
      vertex 61.4148 44.647 28.6379
      vertex 61.3097 44.9567 13
      vertex 61.4148 44.647 13
    endloop
  endfacet
  facet normal -0.946957 -0.32136 0
    outer loop
      vertex 61.3097 44.9567 13
      vertex 61.4148 44.647 28.6379
      vertex 61.3097 44.9567 28.7364
    endloop
  endfacet
  facet normal -0.659262 -0.751913 0
    outer loop
      vertex 60.5219 45.9834 13
      vertex 60.7678 45.7678 28.9945
      vertex 60.5219 45.9834 29.0631
    endloop
  endfacet
  facet normal -0.659262 -0.751913 -0
    outer loop
      vertex 60.7678 45.7678 28.9945
      vertex 60.5219 45.9834 13
      vertex 60.7678 45.7678 13
    endloop
  endfacet
  facet normal -0.442191 -0.896921 0
    outer loop
      vertex 59.9567 46.3097 13
      vertex 60.25 46.1651 29.1209
      vertex 59.9567 46.3097 29.1669
    endloop
  endfacet
  facet normal -0.442191 -0.896921 -0
    outer loop
      vertex 60.25 46.1651 29.1209
      vertex 59.9567 46.3097 13
      vertex 60.25 46.1651 13
    endloop
  endfacet
  facet normal 0.0654432 -0.997856 0
    outer loop
      vertex 59 46.5 13
      vertex 58.6737 46.4786 29.2207
      vertex 58.6737 46.4786 13
    endloop
  endfacet
  facet normal 0.0654432 -0.997856 0
    outer loop
      vertex 58.6737 46.4786 29.2207
      vertex 59 46.5 13
      vertex 59 46.5 29.2275
    endloop
  endfacet
  facet normal -0.0654432 -0.997856 0
    outer loop
      vertex 59 46.5 13
      vertex 59.3263 46.4786 29.2207
      vertex 59 46.5 29.2275
    endloop
  endfacet
  facet normal -0.0654432 -0.997856 -0
    outer loop
      vertex 59.3263 46.4786 29.2207
      vertex 59 46.5 13
      vertex 59.3263 46.4786 13
    endloop
  endfacet
  facet normal 0.997856 0.0654432 0
    outer loop
      vertex 56.5214 43.6737 28.3282
      vertex 56.5 44 13
      vertex 56.5 44 28.432
    endloop
  endfacet
  facet normal 0.997856 0.0654432 0
    outer loop
      vertex 56.5 44 13
      vertex 56.5214 43.6737 28.3282
      vertex 56.5214 43.6737 13
    endloop
  endfacet
  facet normal 0.831438 -0.555617 0
    outer loop
      vertex 56.8349 45.25 28.8298
      vertex 57.0166 45.5219 13
      vertex 57.0166 45.5219 28.9163
    endloop
  endfacet
  facet normal 0.831438 -0.555617 0
    outer loop
      vertex 57.0166 45.5219 13
      vertex 56.8349 45.25 28.8298
      vertex 56.8349 45.25 13
    endloop
  endfacet
  facet normal 0.751913 -0.659262 0
    outer loop
      vertex 57.0166 45.5219 28.9163
      vertex 57.2322 45.7678 13
      vertex 57.2322 45.7678 28.9945
    endloop
  endfacet
  facet normal 0.751913 -0.659262 0
    outer loop
      vertex 57.2322 45.7678 13
      vertex 57.0166 45.5219 28.9163
      vertex 57.0166 45.5219 13
    endloop
  endfacet
  facet normal -0.997856 -0.0654432 -0
    outer loop
      vertex 61.5 44 28.432
      vertex 61.4786 44.3263 13
      vertex 61.5 44 13
    endloop
  endfacet
  facet normal -0.997856 -0.0654432 0
    outer loop
      vertex 61.4786 44.3263 13
      vertex 61.5 44 28.432
      vertex 61.4786 44.3263 28.5359
    endloop
  endfacet
  facet normal -0.195116 0.98078 0
    outer loop
      vertex 59.647 41.5852 13
      vertex 59.3263 41.5214 27.6434
      vertex 59.647 41.5852 27.6637
    endloop
  endfacet
  facet normal -0.195116 0.98078 0
    outer loop
      vertex 59.3263 41.5214 27.6434
      vertex 59.647 41.5852 13
      vertex 59.3263 41.5214 13
    endloop
  endfacet
  facet normal -0.831438 0.555617 0
    outer loop
      vertex 60.9834 42.4781 27.9478
      vertex 61.1651 42.75 13
      vertex 60.9834 42.4781 13
    endloop
  endfacet
  facet normal -0.831438 0.555617 0
    outer loop
      vertex 61.1651 42.75 13
      vertex 60.9834 42.4781 27.9478
      vertex 61.1651 42.75 28.0343
    endloop
  endfacet
  facet normal -0.32136 0.946957 0
    outer loop
      vertex 59.9567 41.6903 13
      vertex 59.647 41.5852 27.6637
      vertex 59.9567 41.6903 27.6971
    endloop
  endfacet
  facet normal -0.32136 0.946957 0
    outer loop
      vertex 59.647 41.5852 27.6637
      vertex 59.9567 41.6903 13
      vertex 59.647 41.5852 13
    endloop
  endfacet
  facet normal 0.442191 0.896921 0
    outer loop
      vertex 57.75 41.8349 13
      vertex 58.0433 41.6903 27.6971
      vertex 58.0433 41.6903 13
    endloop
  endfacet
  facet normal 0.442191 0.896921 0
    outer loop
      vertex 58.0433 41.6903 27.6971
      vertex 57.75 41.8349 13
      vertex 57.75 41.8349 27.7432
    endloop
  endfacet
  facet normal 0.946957 0.32136 0
    outer loop
      vertex 56.6903 43.0433 28.1276
      vertex 56.5852 43.353 13
      vertex 56.5852 43.353 28.2262
    endloop
  endfacet
  facet normal 0.946957 0.32136 0
    outer loop
      vertex 56.5852 43.353 13
      vertex 56.6903 43.0433 28.1276
      vertex 56.6903 43.0433 13
    endloop
  endfacet
  facet normal -0.98078 -0.195116 -0
    outer loop
      vertex 61.4786 44.3263 28.5359
      vertex 61.4148 44.647 13
      vertex 61.4786 44.3263 13
    endloop
  endfacet
  facet normal -0.98078 -0.195116 0
    outer loop
      vertex 61.4148 44.647 13
      vertex 61.4786 44.3263 28.5359
      vertex 61.4148 44.647 28.6379
    endloop
  endfacet
  facet normal -0.896921 -0.442191 -0
    outer loop
      vertex 61.3097 44.9567 28.7364
      vertex 61.1651 45.25 13
      vertex 61.3097 44.9567 13
    endloop
  endfacet
  facet normal -0.896921 -0.442191 0
    outer loop
      vertex 61.1651 45.25 13
      vertex 61.3097 44.9567 28.7364
      vertex 61.1651 45.25 28.8298
    endloop
  endfacet
  facet normal -0.831438 -0.555617 -0
    outer loop
      vertex 61.1651 45.25 28.8298
      vertex 60.9834 45.5219 13
      vertex 61.1651 45.25 13
    endloop
  endfacet
  facet normal -0.831438 -0.555617 0
    outer loop
      vertex 60.9834 45.5219 13
      vertex 61.1651 45.25 28.8298
      vertex 60.9834 45.5219 28.9163
    endloop
  endfacet
  facet normal -0.751913 -0.659262 -0
    outer loop
      vertex 60.9834 45.5219 28.9163
      vertex 60.7678 45.7678 13
      vertex 60.9834 45.5219 13
    endloop
  endfacet
  facet normal -0.751913 -0.659262 0
    outer loop
      vertex 60.7678 45.7678 13
      vertex 60.9834 45.5219 28.9163
      vertex 60.7678 45.7678 28.9945
    endloop
  endfacet
  facet normal -0.32136 -0.946957 0
    outer loop
      vertex 59.647 46.4148 13
      vertex 59.9567 46.3097 29.1669
      vertex 59.647 46.4148 29.2004
    endloop
  endfacet
  facet normal -0.32136 -0.946957 -0
    outer loop
      vertex 59.9567 46.3097 29.1669
      vertex 59.647 46.4148 13
      vertex 59.9567 46.3097 13
    endloop
  endfacet
  facet normal 0.195116 -0.98078 0
    outer loop
      vertex 58.6737 46.4786 13
      vertex 58.353 46.4148 29.2004
      vertex 58.353 46.4148 13
    endloop
  endfacet
  facet normal 0.195116 -0.98078 0
    outer loop
      vertex 58.353 46.4148 29.2004
      vertex 58.6737 46.4786 13
      vertex 58.6737 46.4786 29.2207
    endloop
  endfacet
  facet normal 0.32136 -0.946957 0
    outer loop
      vertex 58.353 46.4148 13
      vertex 58.0433 46.3097 29.1669
      vertex 58.0433 46.3097 13
    endloop
  endfacet
  facet normal 0.32136 -0.946957 0
    outer loop
      vertex 58.0433 46.3097 29.1669
      vertex 58.353 46.4148 13
      vertex 58.353 46.4148 29.2004
    endloop
  endfacet
  facet normal 0.555617 -0.831438 0
    outer loop
      vertex 57.75 46.1651 13
      vertex 57.4781 45.9834 29.0631
      vertex 57.4781 45.9834 13
    endloop
  endfacet
  facet normal 0.555617 -0.831438 0
    outer loop
      vertex 57.4781 45.9834 29.0631
      vertex 57.75 46.1651 13
      vertex 57.75 46.1651 29.1209
    endloop
  endfacet
  facet normal 0.659262 -0.751913 0
    outer loop
      vertex 57.4781 45.9834 13
      vertex 57.2322 45.7678 28.9945
      vertex 57.2322 45.7678 13
    endloop
  endfacet
  facet normal 0.659262 -0.751913 0
    outer loop
      vertex 57.2322 45.7678 28.9945
      vertex 57.4781 45.9834 13
      vertex 57.4781 45.9834 29.0631
    endloop
  endfacet
  facet normal -0.997856 0.0654432 0
    outer loop
      vertex 61.4786 43.6737 28.3282
      vertex 61.5 44 13
      vertex 61.4786 43.6737 13
    endloop
  endfacet
  facet normal -0.997856 0.0654432 0
    outer loop
      vertex 61.5 44 13
      vertex 61.4786 43.6737 28.3282
      vertex 61.5 44 28.432
    endloop
  endfacet
  facet normal -0.98078 0.195116 0
    outer loop
      vertex 61.4148 43.353 28.2262
      vertex 61.4786 43.6737 13
      vertex 61.4148 43.353 13
    endloop
  endfacet
  facet normal -0.98078 0.195116 0
    outer loop
      vertex 61.4786 43.6737 13
      vertex 61.4148 43.353 28.2262
      vertex 61.4786 43.6737 28.3282
    endloop
  endfacet
  facet normal -0.555617 0.831438 0
    outer loop
      vertex 60.5219 42.0166 13
      vertex 60.25 41.8349 27.7432
      vertex 60.5219 42.0166 27.801
    endloop
  endfacet
  facet normal -0.555617 0.831438 0
    outer loop
      vertex 60.25 41.8349 27.7432
      vertex 60.5219 42.0166 13
      vertex 60.25 41.8349 13
    endloop
  endfacet
  facet normal -0.751913 0.659262 0
    outer loop
      vertex 60.7678 42.2322 27.8696
      vertex 60.9834 42.4781 13
      vertex 60.7678 42.2322 13
    endloop
  endfacet
  facet normal -0.751913 0.659262 0
    outer loop
      vertex 60.9834 42.4781 13
      vertex 60.7678 42.2322 27.8696
      vertex 60.9834 42.4781 27.9478
    endloop
  endfacet
  facet normal -0.946957 0.32136 0
    outer loop
      vertex 61.3097 43.0433 28.1276
      vertex 61.4148 43.353 13
      vertex 61.3097 43.0433 13
    endloop
  endfacet
  facet normal -0.946957 0.32136 0
    outer loop
      vertex 61.4148 43.353 13
      vertex 61.3097 43.0433 28.1276
      vertex 61.4148 43.353 28.2262
    endloop
  endfacet
  facet normal -0.896921 0.442191 0
    outer loop
      vertex 61.1651 42.75 28.0343
      vertex 61.3097 43.0433 13
      vertex 61.1651 42.75 13
    endloop
  endfacet
  facet normal -0.896921 0.442191 0
    outer loop
      vertex 61.3097 43.0433 13
      vertex 61.1651 42.75 28.0343
      vertex 61.3097 43.0433 28.1276
    endloop
  endfacet
  facet normal 0.0654432 0.997856 0
    outer loop
      vertex 58.6737 41.5214 13
      vertex 59 41.5 27.6366
      vertex 59 41.5 13
    endloop
  endfacet
  facet normal 0.0654432 0.997856 0
    outer loop
      vertex 59 41.5 27.6366
      vertex 58.6737 41.5214 13
      vertex 58.6737 41.5214 27.6434
    endloop
  endfacet
  facet normal -0.0654432 0.997856 0
    outer loop
      vertex 59.3263 41.5214 13
      vertex 59 41.5 27.6366
      vertex 59.3263 41.5214 27.6434
    endloop
  endfacet
  facet normal -0.0654432 0.997856 0
    outer loop
      vertex 59 41.5 27.6366
      vertex 59.3263 41.5214 13
      vertex 59 41.5 13
    endloop
  endfacet
  facet normal 0.32136 0.946957 0
    outer loop
      vertex 58.0433 41.6903 13
      vertex 58.353 41.5852 27.6637
      vertex 58.353 41.5852 13
    endloop
  endfacet
  facet normal 0.32136 0.946957 0
    outer loop
      vertex 58.353 41.5852 27.6637
      vertex 58.0433 41.6903 13
      vertex 58.0433 41.6903 27.6971
    endloop
  endfacet
  facet normal 0.555617 0.831438 0
    outer loop
      vertex 57.4781 42.0166 13
      vertex 57.75 41.8349 27.7432
      vertex 57.75 41.8349 13
    endloop
  endfacet
  facet normal 0.555617 0.831438 0
    outer loop
      vertex 57.75 41.8349 27.7432
      vertex 57.4781 42.0166 13
      vertex 57.4781 42.0166 27.801
    endloop
  endfacet
  facet normal 0.896921 0.442191 0
    outer loop
      vertex 56.8349 42.75 28.0343
      vertex 56.6903 43.0433 13
      vertex 56.6903 43.0433 28.1276
    endloop
  endfacet
  facet normal 0.896921 0.442191 0
    outer loop
      vertex 56.6903 43.0433 13
      vertex 56.8349 42.75 28.0343
      vertex 56.8349 42.75 13
    endloop
  endfacet
  facet normal 0.98078 0.195116 0
    outer loop
      vertex 56.5852 43.353 28.2262
      vertex 56.5214 43.6737 13
      vertex 56.5214 43.6737 28.3282
    endloop
  endfacet
  facet normal 0.98078 0.195116 0
    outer loop
      vertex 56.5214 43.6737 13
      vertex 56.5852 43.353 28.2262
      vertex 56.5852 43.353 13
    endloop
  endfacet
  facet normal 0.659262 0.751913 0
    outer loop
      vertex 57.2322 42.2322 13
      vertex 57.4781 42.0166 27.801
      vertex 57.4781 42.0166 13
    endloop
  endfacet
  facet normal 0.659262 0.751913 0
    outer loop
      vertex 57.4781 42.0166 27.801
      vertex 57.2322 42.2322 13
      vertex 57.2322 42.2322 27.8696
    endloop
  endfacet
  facet normal -0.195116 -0.98078 0
    outer loop
      vertex 59.3263 46.4786 13
      vertex 59.647 46.4148 29.2004
      vertex 59.3263 46.4786 29.2207
    endloop
  endfacet
  facet normal -0.195116 -0.98078 -0
    outer loop
      vertex 59.647 46.4148 29.2004
      vertex 59.3263 46.4786 13
      vertex 59.647 46.4148 13
    endloop
  endfacet
  facet normal 0.997856 -0.0654432 0
    outer loop
      vertex 56.5 44 28.432
      vertex 56.5214 44.3263 13
      vertex 56.5214 44.3263 28.5359
    endloop
  endfacet
  facet normal 0.997856 -0.0654432 0
    outer loop
      vertex 56.5214 44.3263 13
      vertex 56.5 44 28.432
      vertex 56.5 44 13
    endloop
  endfacet
  facet normal 0.896921 -0.442191 0
    outer loop
      vertex 56.6903 44.9567 28.7364
      vertex 56.8349 45.25 13
      vertex 56.8349 45.25 28.8298
    endloop
  endfacet
  facet normal 0.896921 -0.442191 0
    outer loop
      vertex 56.8349 45.25 13
      vertex 56.6903 44.9567 28.7364
      vertex 56.6903 44.9567 13
    endloop
  endfacet
  facet normal -0.442191 0.896921 0
    outer loop
      vertex 60.25 41.8349 13
      vertex 59.9567 41.6903 27.6971
      vertex 60.25 41.8349 27.7432
    endloop
  endfacet
  facet normal -0.442191 0.896921 0
    outer loop
      vertex 59.9567 41.6903 27.6971
      vertex 60.25 41.8349 13
      vertex 59.9567 41.6903 13
    endloop
  endfacet
  facet normal -0.659262 0.751913 0
    outer loop
      vertex 60.7678 42.2322 13
      vertex 60.5219 42.0166 27.801
      vertex 60.7678 42.2322 27.8696
    endloop
  endfacet
  facet normal -0.659262 0.751913 0
    outer loop
      vertex 60.5219 42.0166 27.801
      vertex 60.7678 42.2322 13
      vertex 60.5219 42.0166 13
    endloop
  endfacet
  facet normal 0.751913 0.659262 0
    outer loop
      vertex 57.2322 42.2322 27.8696
      vertex 57.0166 42.4781 13
      vertex 57.0166 42.4781 27.9478
    endloop
  endfacet
  facet normal 0.751913 0.659262 0
    outer loop
      vertex 57.0166 42.4781 13
      vertex 57.2322 42.2322 27.8696
      vertex 57.2322 42.2322 13
    endloop
  endfacet
endsolid OpenSCAD_Model
