solid OpenSCAD_Model
  facet normal -1 0 0
    outer loop
      vertex 14.5 1.75 2.1
      vertex 14.5 2.35 3.1
      vertex 14.5 2.35 2.1
    endloop
  endfacet
  facet normal -1 -0 0
    outer loop
      vertex 14.5 2.35 3.1
      vertex 14.5 1.75 2.1
      vertex 14.5 1.75 3.1
    endloop
  endfacet
  facet normal -1 0 0
    outer loop
      vertex 14.5 2.35 2.1
      vertex 14.5 3.55 0
      vertex 14.5 2.35 0
    endloop
  endfacet
  facet normal -1 0 0
    outer loop
      vertex 14.5 3.55 0
      vertex 14.5 2.35 2.1
      vertex 14.5 3.55 3.2
    endloop
  endfacet
  facet normal -1 0 0
    outer loop
      vertex 14.5 2.35 3.1
      vertex 14.5 3.55 3.2
      vertex 14.5 2.35 2.1
    endloop
  endfacet
  facet normal -1 -0 0
    outer loop
      vertex 14.5 3.55 3.2
      vertex 14.5 2.35 3.1
      vertex 14.5 2.35 3.2
    endloop
  endfacet
  facet normal 0 0 1
    outer loop
      vertex 22.5 3.55 3.2
      vertex 21.7 2.55 3.2
      vertex 22.5 2.55 3.2
    endloop
  endfacet
  facet normal -0 0 1
    outer loop
      vertex 14.5 3.55 3.2
      vertex 21.7 2.55 3.2
      vertex 22.5 3.55 3.2
    endloop
  endfacet
  facet normal 0 0 1
    outer loop
      vertex 14.5 2.35 3.2
      vertex 21.7 2.55 3.2
      vertex 14.5 3.55 3.2
    endloop
  endfacet
  facet normal 0 0 1
    outer loop
      vertex 21.7 2.55 3.2
      vertex 14.5 2.35 3.2
      vertex 21.7 2.35 3.2
    endloop
  endfacet
  facet normal 1 -0 0
    outer loop
      vertex 22.5 2.55 3.2
      vertex 22.5 3.55 0
      vertex 22.5 3.55 3.2
    endloop
  endfacet
  facet normal 1 0 0
    outer loop
      vertex 22.5 3.55 0
      vertex 22.5 2.55 3.2
      vertex 22.5 2.55 0
    endloop
  endfacet
  facet normal 0 0 -1
    outer loop
      vertex 77.8 0.950001 0
      vertex 67.5 2.55 0
      vertex 77.8 2.55 0
    endloop
  endfacet
  facet normal 0 0 -1
    outer loop
      vertex 67.5 2.55 0
      vertex 59.5 2.55 0
      vertex 67.5 3.55 0
    endloop
  endfacet
  facet normal 0 0 -1
    outer loop
      vertex 77.8 0.950001 0
      vertex 59.5 2.55 0
      vertex 67.5 2.55 0
    endloop
  endfacet
  facet normal 0 0 -1
    outer loop
      vertex 21.7 0.950001 0
      vertex 59.5 2.55 0
      vertex 77.8 0.950001 0
    endloop
  endfacet
  facet normal -0 0 -1
    outer loop
      vertex 59.5 2.55 0
      vertex 21.7 0.950001 0
      vertex 22.5 2.55 0
    endloop
  endfacet
  facet normal 0 0 -1
    outer loop
      vertex 21.7 2.35 0
      vertex 22.5 2.55 0
      vertex 21.7 0.950001 0
    endloop
  endfacet
  facet normal -0 0 -1
    outer loop
      vertex 22.5 2.55 0
      vertex 21.7 2.35 0
      vertex 22.5 3.55 0
    endloop
  endfacet
  facet normal 0 0 -1
    outer loop
      vertex 14.5 3.55 0
      vertex 21.7 2.35 0
      vertex 14.5 2.35 0
    endloop
  endfacet
  facet normal 0 0 -1
    outer loop
      vertex 21.7 2.35 0
      vertex 14.5 3.55 0
      vertex 22.5 3.55 0
    endloop
  endfacet
  facet normal -0 0 -1
    outer loop
      vertex 67.5 3.55 0
      vertex 59.5 2.55 0
      vertex 59.5 3.55 0
    endloop
  endfacet
  facet normal 0 -1 0
    outer loop
      vertex 14.5 2.35 0
      vertex 21.7 2.35 2.1
      vertex 14.5 2.35 2.1
    endloop
  endfacet
  facet normal 0 -1 -0
    outer loop
      vertex 21.7 2.35 2.1
      vertex 14.5 2.35 0
      vertex 21.7 2.35 0
    endloop
  endfacet
  facet normal 0 -1 0
    outer loop
      vertex 14.5 2.35 3.1
      vertex 21.7 2.35 3.2
      vertex 14.5 2.35 3.2
    endloop
  endfacet
  facet normal 0 -1 -0
    outer loop
      vertex 21.7 2.35 3.2
      vertex 14.5 2.35 3.1
      vertex 21.7 2.35 3.1
    endloop
  endfacet
  facet normal 0 1 -0
    outer loop
      vertex 22.5 3.55 0
      vertex 14.5 3.55 3.2
      vertex 22.5 3.55 3.2
    endloop
  endfacet
  facet normal 0 1 0
    outer loop
      vertex 14.5 3.55 3.2
      vertex 22.5 3.55 0
      vertex 14.5 3.55 0
    endloop
  endfacet
  facet normal -0 0 1
    outer loop
      vertex 14.5 2.35 3.1
      vertex 21.7 1.75 3.1
      vertex 21.7 2.35 3.1
    endloop
  endfacet
  facet normal 0 0 1
    outer loop
      vertex 21.7 1.75 3.1
      vertex 14.5 2.35 3.1
      vertex 14.5 1.75 3.1
    endloop
  endfacet
  facet normal 0 0 -1
    outer loop
      vertex 14.5 1.75 2.1
      vertex 21.7 2.35 2.1
      vertex 21.7 1.75 2.1
    endloop
  endfacet
  facet normal -0 0 -1
    outer loop
      vertex 21.7 2.35 2.1
      vertex 14.5 1.75 2.1
      vertex 14.5 2.35 2.1
    endloop
  endfacet
  facet normal 0 -1 0
    outer loop
      vertex 14.5 1.75 2.1
      vertex 21.7 1.75 3.1
      vertex 14.5 1.75 3.1
    endloop
  endfacet
  facet normal 0 -1 -0
    outer loop
      vertex 21.7 1.75 3.1
      vertex 14.5 1.75 2.1
      vertex 21.7 1.75 2.1
    endloop
  endfacet
  facet normal -1 0 0
    outer loop
      vertex 14.5 27.45 0
      vertex 14.5 28.65 2.1
      vertex 14.5 28.65 0
    endloop
  endfacet
  facet normal -1 0 0
    outer loop
      vertex 14.5 27.45 3.2
      vertex 14.5 28.65 2.1
      vertex 14.5 27.45 0
    endloop
  endfacet
  facet normal -1 0 0
    outer loop
      vertex 14.5 28.65 2.1
      vertex 14.5 27.45 3.2
      vertex 14.5 28.65 3.1
    endloop
  endfacet
  facet normal -1 0 0
    outer loop
      vertex 14.5 28.65 3.1
      vertex 14.5 27.45 3.2
      vertex 14.5 28.65 3.2
    endloop
  endfacet
  facet normal -1 0 0
    outer loop
      vertex 14.5 28.65 2.1
      vertex 14.5 29.25 3.1
      vertex 14.5 29.25 2.1
    endloop
  endfacet
  facet normal -1 -0 0
    outer loop
      vertex 14.5 29.25 3.1
      vertex 14.5 28.65 2.1
      vertex 14.5 28.65 3.1
    endloop
  endfacet
  facet normal 0 0 1
    outer loop
      vertex 21.7 28.65 3.2
      vertex 14.5 28.65 3.2
      vertex 21.7 28.45 3.2
    endloop
  endfacet
  facet normal -0 0 1
    outer loop
      vertex 21.7 28.45 3.2
      vertex 22.5 27.45 3.2
      vertex 22.5 28.45 3.2
    endloop
  endfacet
  facet normal 0 0 1
    outer loop
      vertex 14.5 27.45 3.2
      vertex 21.7 28.45 3.2
      vertex 14.5 28.65 3.2
    endloop
  endfacet
  facet normal 0 0 1
    outer loop
      vertex 21.7 28.45 3.2
      vertex 14.5 27.45 3.2
      vertex 22.5 27.45 3.2
    endloop
  endfacet
  facet normal 1 -0 0
    outer loop
      vertex 22.5 27.45 3.2
      vertex 22.5 28.45 0
      vertex 22.5 28.45 3.2
    endloop
  endfacet
  facet normal 1 0 0
    outer loop
      vertex 22.5 28.45 0
      vertex 22.5 27.45 3.2
      vertex 22.5 27.45 0
    endloop
  endfacet
  facet normal 0 1 -0
    outer loop
      vertex 21.7 28.65 3.1
      vertex 14.5 28.65 3.2
      vertex 21.7 28.65 3.2
    endloop
  endfacet
  facet normal 0 1 0
    outer loop
      vertex 14.5 28.65 3.2
      vertex 21.7 28.65 3.1
      vertex 14.5 28.65 3.1
    endloop
  endfacet
  facet normal 0 1 -0
    outer loop
      vertex 21.7 28.65 0
      vertex 14.5 28.65 2.1
      vertex 21.7 28.65 2.1
    endloop
  endfacet
  facet normal 0 1 0
    outer loop
      vertex 14.5 28.65 2.1
      vertex 21.7 28.65 0
      vertex 14.5 28.65 0
    endloop
  endfacet
  facet normal 0 0 -1
    outer loop
      vertex 22.5 27.45 0
      vertex 21.7 28.65 0
      vertex 22.5 28.45 0
    endloop
  endfacet
  facet normal 0 0 -1
    outer loop
      vertex 14.5 27.45 0
      vertex 21.7 28.65 0
      vertex 22.5 27.45 0
    endloop
  endfacet
  facet normal -0 0 -1
    outer loop
      vertex 21.7 28.65 0
      vertex 14.5 27.45 0
      vertex 14.5 28.65 0
    endloop
  endfacet
  facet normal 0 0 -1
    outer loop
      vertex 67.5 27.45 0
      vertex 59.5 27.45 0
      vertex 67.5 28.45 0
    endloop
  endfacet
  facet normal 0 0 -1
    outer loop
      vertex 67.5 28.45 0
      vertex 77.8 30.05 0
      vertex 77.8 28.45 0
    endloop
  endfacet
  facet normal 0 0 -1
    outer loop
      vertex 59.5 28.45 0
      vertex 67.5 28.45 0
      vertex 59.5 27.45 0
    endloop
  endfacet
  facet normal 0 0 -1
    outer loop
      vertex 67.5 28.45 0
      vertex 59.5 28.45 0
      vertex 77.8 30.05 0
    endloop
  endfacet
  facet normal 0 0 -1
    outer loop
      vertex 21.7 30.05 0
      vertex 59.5 28.45 0
      vertex 22.5 28.45 0
    endloop
  endfacet
  facet normal 0 0 -1
    outer loop
      vertex 21.7 30.05 0
      vertex 22.5 28.45 0
      vertex 21.7 28.65 0
    endloop
  endfacet
  facet normal 0 0 -1
    outer loop
      vertex 59.5 28.45 0
      vertex 21.7 30.05 0
      vertex 77.8 30.05 0
    endloop
  endfacet
  facet normal 0 -1 0
    outer loop
      vertex 14.5 27.45 0
      vertex 22.5 27.45 3.2
      vertex 14.5 27.45 3.2
    endloop
  endfacet
  facet normal 0 -1 -0
    outer loop
      vertex 22.5 27.45 3.2
      vertex 14.5 27.45 0
      vertex 22.5 27.45 0
    endloop
  endfacet
  facet normal -0 0 1
    outer loop
      vertex 14.5 29.25 3.1
      vertex 21.7 28.65 3.1
      vertex 21.7 29.25 3.1
    endloop
  endfacet
  facet normal 0 0 1
    outer loop
      vertex 21.7 28.65 3.1
      vertex 14.5 29.25 3.1
      vertex 14.5 28.65 3.1
    endloop
  endfacet
  facet normal 0 1 -0
    outer loop
      vertex 21.7 29.25 2.1
      vertex 14.5 29.25 3.1
      vertex 21.7 29.25 3.1
    endloop
  endfacet
  facet normal 0 1 0
    outer loop
      vertex 14.5 29.25 3.1
      vertex 21.7 29.25 2.1
      vertex 14.5 29.25 2.1
    endloop
  endfacet
  facet normal 0 0 -1
    outer loop
      vertex 14.5 28.65 2.1
      vertex 21.7 29.25 2.1
      vertex 21.7 28.65 2.1
    endloop
  endfacet
  facet normal -0 0 -1
    outer loop
      vertex 21.7 29.25 2.1
      vertex 14.5 28.65 2.1
      vertex 14.5 29.25 2.1
    endloop
  endfacet
  facet normal -1 0 0
    outer loop
      vertex 59.5 1.75 2.4
      vertex 59.5 2.35 3.1
      vertex 59.5 2.55 2.4
    endloop
  endfacet
  facet normal -1 -0 0
    outer loop
      vertex 59.5 2.35 3.1
      vertex 59.5 1.75 2.4
      vertex 59.5 1.75 3.1
    endloop
  endfacet
  facet normal -1 0 0
    outer loop
      vertex 59.5 2.55 2.4
      vertex 59.5 3.55 0
      vertex 59.5 2.55 0
    endloop
  endfacet
  facet normal -1 0 0
    outer loop
      vertex 59.5 3.55 0
      vertex 59.5 2.55 2.4
      vertex 59.5 3.55 3.2
    endloop
  endfacet
  facet normal -1 0 0
    outer loop
      vertex 59.5 2.35 3.1
      vertex 59.5 3.55 3.2
      vertex 59.5 2.55 2.4
    endloop
  endfacet
  facet normal -1 -0 0
    outer loop
      vertex 59.5 3.55 3.2
      vertex 59.5 2.35 3.1
      vertex 59.5 2.35 3.2
    endloop
  endfacet
  facet normal -0 0 1
    outer loop
      vertex 59.5 3.55 3.2
      vertex 67.5 2.35 3.2
      vertex 67.5 3.55 3.2
    endloop
  endfacet
  facet normal 0 0 1
    outer loop
      vertex 67.5 2.35 3.2
      vertex 59.5 3.55 3.2
      vertex 59.5 2.35 3.2
    endloop
  endfacet
  facet normal 1 0 0
    outer loop
      vertex 67.5 3.55 3.2
      vertex 67.5 2.55 2.4
      vertex 67.5 3.55 0
    endloop
  endfacet
  facet normal 1 0 0
    outer loop
      vertex 67.5 2.35 3.1
      vertex 67.5 3.55 3.2
      vertex 67.5 2.35 3.2
    endloop
  endfacet
  facet normal 1 0 0
    outer loop
      vertex 67.5 3.55 3.2
      vertex 67.5 2.35 3.1
      vertex 67.5 2.55 2.4
    endloop
  endfacet
  facet normal 1 0 0
    outer loop
      vertex 67.5 1.75 2.4
      vertex 67.5 2.35 3.1
      vertex 67.5 1.75 3.1
    endloop
  endfacet
  facet normal 1 0 0
    outer loop
      vertex 67.5 2.35 3.1
      vertex 67.5 1.75 2.4
      vertex 67.5 2.55 2.4
    endloop
  endfacet
  facet normal 1 0 0
    outer loop
      vertex 67.5 3.55 0
      vertex 67.5 2.55 2.4
      vertex 67.5 2.55 0
    endloop
  endfacet
  facet normal 0 1 -0
    outer loop
      vertex 67.5 3.55 0
      vertex 59.5 3.55 3.2
      vertex 67.5 3.55 3.2
    endloop
  endfacet
  facet normal 0 1 0
    outer loop
      vertex 59.5 3.55 3.2
      vertex 67.5 3.55 0
      vertex 59.5 3.55 0
    endloop
  endfacet
  facet normal 0 -1 0
    outer loop
      vertex 59.5 2.35 3.1
      vertex 67.5 2.35 3.2
      vertex 59.5 2.35 3.2
    endloop
  endfacet
  facet normal 0 -1 -0
    outer loop
      vertex 67.5 2.35 3.2
      vertex 59.5 2.35 3.1
      vertex 67.5 2.35 3.1
    endloop
  endfacet
  facet normal -0 0 1
    outer loop
      vertex 59.5 2.35 3.1
      vertex 67.5 1.75 3.1
      vertex 67.5 2.35 3.1
    endloop
  endfacet
  facet normal 0 0 1
    outer loop
      vertex 67.5 1.75 3.1
      vertex 59.5 2.35 3.1
      vertex 59.5 1.75 3.1
    endloop
  endfacet
  facet normal 0 -1 0
    outer loop
      vertex 59.5 1.75 2.4
      vertex 67.5 1.75 3.1
      vertex 59.5 1.75 3.1
    endloop
  endfacet
  facet normal 0 -1 -0
    outer loop
      vertex 67.5 1.75 3.1
      vertex 59.5 1.75 2.4
      vertex 67.5 1.75 2.4
    endloop
  endfacet
  facet normal -1 0 0
    outer loop
      vertex 59.5 28.45 0
      vertex 59.5 27.45 0
      vertex 59.5 28.45 2.4
    endloop
  endfacet
  facet normal -1 0 0
    outer loop
      vertex 59.5 29.25 2.4
      vertex 59.5 28.65 3.1
      vertex 59.5 29.25 3.1
    endloop
  endfacet
  facet normal -1 0 0
    outer loop
      vertex 59.5 28.45 2.4
      vertex 59.5 28.65 3.1
      vertex 59.5 29.25 2.4
    endloop
  endfacet
  facet normal -1 0 0
    outer loop
      vertex 59.5 27.45 3.2
      vertex 59.5 28.65 3.1
      vertex 59.5 28.45 2.4
    endloop
  endfacet
  facet normal -1 0 0
    outer loop
      vertex 59.5 27.45 3.2
      vertex 59.5 28.45 2.4
      vertex 59.5 27.45 0
    endloop
  endfacet
  facet normal -1 0 0
    outer loop
      vertex 59.5 28.65 3.1
      vertex 59.5 27.45 3.2
      vertex 59.5 28.65 3.2
    endloop
  endfacet
  facet normal -0 0 1
    outer loop
      vertex 59.5 28.65 3.2
      vertex 67.5 27.45 3.2
      vertex 67.5 28.65 3.2
    endloop
  endfacet
  facet normal 0 0 1
    outer loop
      vertex 67.5 27.45 3.2
      vertex 59.5 28.65 3.2
      vertex 59.5 27.45 3.2
    endloop
  endfacet
  facet normal 1 -0 0
    outer loop
      vertex 67.5 27.45 3.2
      vertex 67.5 28.65 3.1
      vertex 67.5 28.65 3.2
    endloop
  endfacet
  facet normal 1 0 0
    outer loop
      vertex 67.5 28.65 3.1
      vertex 67.5 27.45 3.2
      vertex 67.5 28.45 2.4
    endloop
  endfacet
  facet normal 1 0 0
    outer loop
      vertex 67.5 27.45 0
      vertex 67.5 28.45 2.4
      vertex 67.5 27.45 3.2
    endloop
  endfacet
  facet normal 1 0 0
    outer loop
      vertex 67.5 28.45 2.4
      vertex 67.5 27.45 0
      vertex 67.5 28.45 0
    endloop
  endfacet
  facet normal 1 -0 0
    outer loop
      vertex 67.5 28.65 3.1
      vertex 67.5 29.25 2.4
      vertex 67.5 29.25 3.1
    endloop
  endfacet
  facet normal 1 0 0
    outer loop
      vertex 67.5 29.25 2.4
      vertex 67.5 28.65 3.1
      vertex 67.5 28.45 2.4
    endloop
  endfacet
  facet normal 0 1 -0
    outer loop
      vertex 67.5 28.65 3.1
      vertex 59.5 28.65 3.2
      vertex 67.5 28.65 3.2
    endloop
  endfacet
  facet normal 0 1 0
    outer loop
      vertex 59.5 28.65 3.2
      vertex 67.5 28.65 3.1
      vertex 59.5 28.65 3.1
    endloop
  endfacet
  facet normal 0 -1 0
    outer loop
      vertex 59.5 27.45 0
      vertex 67.5 27.45 3.2
      vertex 59.5 27.45 3.2
    endloop
  endfacet
  facet normal 0 -1 -0
    outer loop
      vertex 67.5 27.45 3.2
      vertex 59.5 27.45 0
      vertex 67.5 27.45 0
    endloop
  endfacet
  facet normal -0 0 1
    outer loop
      vertex 59.5 29.25 3.1
      vertex 67.5 28.65 3.1
      vertex 67.5 29.25 3.1
    endloop
  endfacet
  facet normal 0 0 1
    outer loop
      vertex 67.5 28.65 3.1
      vertex 59.5 29.25 3.1
      vertex 59.5 28.65 3.1
    endloop
  endfacet
  facet normal 0 1 -0
    outer loop
      vertex 67.5 29.25 2.4
      vertex 59.5 29.25 3.1
      vertex 67.5 29.25 3.1
    endloop
  endfacet
  facet normal 0 1 0
    outer loop
      vertex 59.5 29.25 3.1
      vertex 67.5 29.25 2.4
      vertex 59.5 29.25 2.4
    endloop
  endfacet
  facet normal 1 0 0
    outer loop
      vertex 5 23.5 3
      vertex 5 22.6576 1.6
      vertex 5 23.5 0
    endloop
  endfacet
  facet normal 1 0 0
    outer loop
      vertex 5 23.5 3
      vertex 5 8.34241 1.6
      vertex 5 22.6576 1.6
    endloop
  endfacet
  facet normal 1 0 0
    outer loop
      vertex 5 7.5 0
      vertex 5 8.34241 1.6
      vertex 5 7.5 3
    endloop
  endfacet
  facet normal 1 -0 0
    outer loop
      vertex 5 7.5 3
      vertex 5 8.34241 1.6
      vertex 5 23.5 3
    endloop
  endfacet
  facet normal 1 0 0
    outer loop
      vertex 5 23.5 0
      vertex 5 22.6576 1.6
      vertex 5 22.6576 0
    endloop
  endfacet
  facet normal 1 -0 0
    outer loop
      vertex 5 8.34241 0.49
      vertex 5 19.5 0
      vertex 5 19.5 0.49
    endloop
  endfacet
  facet normal 1 0 0
    outer loop
      vertex 5 8.34241 0.49
      vertex 5 7.5 0
      vertex 5 19.5 0
    endloop
  endfacet
  facet normal 1 0 0
    outer loop
      vertex 5 8.34241 1.6
      vertex 5 7.5 0
      vertex 5 8.34241 0.49
    endloop
  endfacet
  facet normal 0 0 -1
    outer loop
      vertex 5.84241 7.5 0.49
      vertex 17 19.5 0.49
      vertex 17 7.5 0.49
    endloop
  endfacet
  facet normal 0 0 -1
    outer loop
      vertex 5 8.34241 0.49
      vertex 5.84241 7.5 0.49
      vertex 5.40051 7.90051 0.49
    endloop
  endfacet
  facet normal 0 0 -1
    outer loop
      vertex 5.84241 7.5 0.49
      vertex 5 8.34241 0.49
      vertex 17 19.5 0.49
    endloop
  endfacet
  facet normal -0 0 -1
    outer loop
      vertex 17 19.5 0.49
      vertex 5 8.34241 0.49
      vertex 5 19.5 0.49
    endloop
  endfacet
  facet normal -1 0 0
    outer loop
      vertex 17 7.5 0
      vertex 17 19.5 0.49
      vertex 17 19.5 0
    endloop
  endfacet
  facet normal -1 -0 0
    outer loop
      vertex 17 19.5 0.49
      vertex 17 7.5 0
      vertex 17 7.5 0.49
    endloop
  endfacet
  facet normal 0 1 0
    outer loop
      vertex 17 7.5 0.49
      vertex 17 7.5 0
      vertex 5.84241 7.5 0.49
    endloop
  endfacet
  facet normal 0 1 0
    outer loop
      vertex 5.84241 7.5 1.6
      vertex 25 7.5 3
      vertex 25 7.5 1.6
    endloop
  endfacet
  facet normal 0 1 0
    outer loop
      vertex 25 7.5 3
      vertex 5.84241 7.5 1.6
      vertex 5 7.5 3
    endloop
  endfacet
  facet normal 0 1 0
    outer loop
      vertex 5 7.5 0
      vertex 5.84241 7.5 1.6
      vertex 5.84241 7.5 0.49
    endloop
  endfacet
  facet normal 0 1 0
    outer loop
      vertex 5.84241 7.5 1.6
      vertex 5 7.5 0
      vertex 5 7.5 3
    endloop
  endfacet
  facet normal 0 1 0
    outer loop
      vertex 5 7.5 0
      vertex 5.84241 7.5 0.49
      vertex 17 7.5 0
    endloop
  endfacet
  facet normal 0 -1 0
    outer loop
      vertex 5 19.5 0
      vertex 17 19.5 0.49
      vertex 5 19.5 0.49
    endloop
  endfacet
  facet normal 0 -1 -0
    outer loop
      vertex 17 19.5 0.49
      vertex 5 19.5 0
      vertex 17 19.5 0
    endloop
  endfacet
  facet normal 1 -0 0
    outer loop
      vertex 65 7.5 0.49
      vertex 65 19.5 0
      vertex 65 19.5 0.49
    endloop
  endfacet
  facet normal 1 0 0
    outer loop
      vertex 65 19.5 0
      vertex 65 7.5 0.49
      vertex 65 7.5 0
    endloop
  endfacet
  facet normal 0 0 -1
    outer loop
      vertex 76.1576 7.5 0.49
      vertex 77 8.34243 0.49
      vertex 76.5995 7.90051 0.49
    endloop
  endfacet
  facet normal -0 0 -1
    outer loop
      vertex 77 8.34243 0.49
      vertex 76.1576 7.5 0.49
      vertex 65 19.5 0.49
    endloop
  endfacet
  facet normal 0 0 -1
    outer loop
      vertex 65 19.5 0.49
      vertex 76.1576 7.5 0.49
      vertex 65 7.5 0.49
    endloop
  endfacet
  facet normal 0 0 -1
    outer loop
      vertex 77 8.34243 0.49
      vertex 65 19.5 0.49
      vertex 77 19.5 0.49
    endloop
  endfacet
  facet normal -1 0 0
    outer loop
      vertex 77 8.34243 0
      vertex 77 19.5 0.49
      vertex 77 19.5 0
    endloop
  endfacet
  facet normal -1 -0 0
    outer loop
      vertex 77 19.5 0.49
      vertex 77 8.34243 0
      vertex 77 8.34243 0.49
    endloop
  endfacet
  facet normal 0 1 -0
    outer loop
      vertex 76.1576 7.5 0
      vertex 65 7.5 0.49
      vertex 76.1576 7.5 0.49
    endloop
  endfacet
  facet normal 0 1 0
    outer loop
      vertex 65 7.5 0.49
      vertex 76.1576 7.5 0
      vertex 65 7.5 0
    endloop
  endfacet
  facet normal 0 -1 0
    outer loop
      vertex 65 19.5 0
      vertex 77 19.5 0.49
      vertex 65 19.5 0.49
    endloop
  endfacet
  facet normal 0 -1 -0
    outer loop
      vertex 77 19.5 0.49
      vertex 65 19.5 0
      vertex 77 19.5 0
    endloop
  endfacet
  facet normal 0.242959 -0.970036 0
    outer loop
      vertex 71.0967 4.95923 0
      vertex 72.1198 5.21548 1.6
      vertex 71.0967 4.95923 1.6
    endloop
  endfacet
  facet normal 0.242959 -0.970036 0
    outer loop
      vertex 72.1198 5.21548 1.6
      vertex 71.0967 4.95923 0
      vertex 72.1198 5.21548 0
    endloop
  endfacet
  facet normal 0.336923 -0.941532 0
    outer loop
      vertex 72.1198 5.21548 0
      vertex 73.1128 5.57082 1.6
      vertex 72.1198 5.21548 1.6
    endloop
  endfacet
  facet normal 0.336923 -0.941532 0
    outer loop
      vertex 73.1128 5.57082 1.6
      vertex 72.1198 5.21548 0
      vertex 73.1128 5.57082 0
    endloop
  endfacet
  facet normal 0.336889 0.941544 -0
    outer loop
      vertex 73.1128 25.4292 0
      vertex 72.1198 25.7845 1.6
      vertex 73.1128 25.4292 1.6
    endloop
  endfacet
  facet normal 0.336889 0.941544 0
    outer loop
      vertex 72.1198 25.7845 1.6
      vertex 73.1128 25.4292 0
      vertex 72.1198 25.7845 0
    endloop
  endfacet
  facet normal 0.146746 -0.989174 0
    outer loop
      vertex 70.0533 4.80444 0
      vertex 71.0967 4.95923 1.6
      vertex 70.0533 4.80444 1.6
    endloop
  endfacet
  facet normal 0.146746 -0.989174 0
    outer loop
      vertex 71.0967 4.95923 1.6
      vertex 70.0533 4.80444 0
      vertex 71.0967 4.95923 0
    endloop
  endfacet
  facet normal 0.941555 -0.336859 0
    outer loop
      vertex 78.9292 11.3871 1.6
      vertex 79.2845 12.3802 0
      vertex 79.2845 12.3802 1.6
    endloop
  endfacet
  facet normal 0.941555 -0.336859 0
    outer loop
      vertex 79.2845 12.3802 0
      vertex 78.9292 11.3871 1.6
      vertex 78.9292 11.3871 0
    endloop
  endfacet
  facet normal -0.242964 -0.970035 0
    outer loop
      vertex 9.88022 5.21548 0
      vertex 10.9033 4.95923 1.6
      vertex 9.88022 5.21548 1.6
    endloop
  endfacet
  facet normal -0.242964 -0.970035 -0
    outer loop
      vertex 10.9033 4.95923 1.6
      vertex 9.88022 5.21548 0
      vertex 10.9033 4.95923 0
    endloop
  endfacet
  facet normal 0 1 -0
    outer loop
      vertex 68.9449 26.25 0
      vertex 13.0551 26.25 1.6
      vertex 68.9449 26.25 1.6
    endloop
  endfacet
  facet normal 0 1 0
    outer loop
      vertex 13.0551 26.25 1.6
      vertex 68.9449 26.25 0
      vertex 13.0551 26.25 0
    endloop
  endfacet
  facet normal 0.970025 -0.243004 0
    outer loop
      vertex 79.2845 12.3802 1.6
      vertex 79.5408 13.4033 0
      vertex 79.5408 13.4033 1.6
    endloop
  endfacet
  facet normal 0.970025 -0.243004 0
    outer loop
      vertex 79.5408 13.4033 0
      vertex 79.2845 12.3802 1.6
      vertex 79.2845 12.3802 0
    endloop
  endfacet
  facet normal 0 -1 0
    outer loop
      vertex 13.0551 4.75 0
      vertex 68.9449 4.75 1.6
      vertex 13.0551 4.75 1.6
    endloop
  endfacet
  facet normal 0 -1 -0
    outer loop
      vertex 68.9449 4.75 1.6
      vertex 13.0551 4.75 0
      vertex 68.9449 4.75 0
    endloop
  endfacet
  facet normal -0.998796 0.0490627 0
    outer loop
      vertex 2.2527 15.5 0
      vertex 2.30444 16.5533 1.6
      vertex 2.30444 16.5533 0
    endloop
  endfacet
  facet normal -0.998796 0.0490627 0
    outer loop
      vertex 2.30444 16.5533 1.6
      vertex 2.2527 15.5 0
      vertex 2.2527 15.5 1.6
    endloop
  endfacet
  facet normal -0 0 1
    outer loop
      vertex 5.84243 23.5 1.6
      vertex 25 7.5 1.6
      vertex 25 23.5 1.6
    endloop
  endfacet
  facet normal 0 0 1
    outer loop
      vertex 5.84243 23.5 1.6
      vertex 5.84241 7.5 1.6
      vertex 25 7.5 1.6
    endloop
  endfacet
  facet normal 0 0 1
    outer loop
      vertex 5 22.6576 1.6
      vertex 5.84243 23.5 1.6
      vertex 5.40051 23.0995 1.6
    endloop
  endfacet
  facet normal 0 0 1
    outer loop
      vertex 5.84243 23.5 1.6
      vertex 5 22.6576 1.6
      vertex 5.84241 7.5 1.6
    endloop
  endfacet
  facet normal -0 0 1
    outer loop
      vertex 5 8.34241 1.6
      vertex 5.84241 7.5 1.6
      vertex 5 22.6576 1.6
    endloop
  endfacet
  facet normal 0 0 1
    outer loop
      vertex 5.84241 7.5 1.6
      vertex 5 8.34241 1.6
      vertex 5.40051 7.90051 1.6
    endloop
  endfacet
  facet normal 0 0 1
    outer loop
      vertex 68.9449 26.25 1.6
      vertex 50.2344 15.8186 1.6
      vertex 50.25 15.5 1.6
    endloop
  endfacet
  facet normal 0 0 1
    outer loop
      vertex 68.9449 26.25 1.6
      vertex 50.1876 16.134 1.6
      vertex 50.2344 15.8186 1.6
    endloop
  endfacet
  facet normal 0 0 1
    outer loop
      vertex 68.9449 26.25 1.6
      vertex 50.1101 16.4434 1.6
      vertex 50.1876 16.134 1.6
    endloop
  endfacet
  facet normal 0 0 1
    outer loop
      vertex 68.9449 26.25 1.6
      vertex 50.0026 16.7437 1.6
      vertex 50.1101 16.4434 1.6
    endloop
  endfacet
  facet normal 0 0 1
    outer loop
      vertex 68.9449 26.25 1.6
      vertex 49.8662 17.032 1.6
      vertex 50.0026 16.7437 1.6
    endloop
  endfacet
  facet normal 0 0 1
    outer loop
      vertex 68.9449 26.25 1.6
      vertex 49.7023 17.3056 1.6
      vertex 49.8662 17.032 1.6
    endloop
  endfacet
  facet normal 0 0 1
    outer loop
      vertex 68.9449 26.25 1.6
      vertex 49.5123 17.5618 1.6
      vertex 49.7023 17.3056 1.6
    endloop
  endfacet
  facet normal 0 0 1
    outer loop
      vertex 68.9449 26.25 1.6
      vertex 49.2981 17.7981 1.6
      vertex 49.5123 17.5618 1.6
    endloop
  endfacet
  facet normal 0 0 1
    outer loop
      vertex 68.9449 26.25 1.6
      vertex 49.0618 18.0123 1.6
      vertex 49.2981 17.7981 1.6
    endloop
  endfacet
  facet normal 0 0 1
    outer loop
      vertex 68.9449 26.25 1.6
      vertex 48.8056 18.2023 1.6
      vertex 49.0618 18.0123 1.6
    endloop
  endfacet
  facet normal 0 0 1
    outer loop
      vertex 68.9449 26.25 1.6
      vertex 48.532 18.3662 1.6
      vertex 48.8056 18.2023 1.6
    endloop
  endfacet
  facet normal 0 0 1
    outer loop
      vertex 68.9449 26.25 1.6
      vertex 48.2437 18.5026 1.6
      vertex 48.532 18.3662 1.6
    endloop
  endfacet
  facet normal 0 0 1
    outer loop
      vertex 68.9449 26.25 1.6
      vertex 47.9434 18.6101 1.6
      vertex 48.2437 18.5026 1.6
    endloop
  endfacet
  facet normal 0 0 1
    outer loop
      vertex 68.9449 26.25 1.6
      vertex 47.634 18.6876 1.6
      vertex 47.9434 18.6101 1.6
    endloop
  endfacet
  facet normal 0 0 1
    outer loop
      vertex 68.9449 26.25 1.6
      vertex 47.3186 18.7344 1.6
      vertex 47.634 18.6876 1.6
    endloop
  endfacet
  facet normal 0 0 1
    outer loop
      vertex 68.9449 26.25 1.6
      vertex 47 18.75 1.6
      vertex 47.3186 18.7344 1.6
    endloop
  endfacet
  facet normal -0 0 1
    outer loop
      vertex 25 25.1 1.6
      vertex 47 18.75 1.6
      vertex 68.9449 26.25 1.6
    endloop
  endfacet
  facet normal 0 0 1
    outer loop
      vertex 47 18.75 1.6
      vertex 25 25.1 1.6
      vertex 46.6814 18.7344 1.6
    endloop
  endfacet
  facet normal 0 0 1
    outer loop
      vertex 46.6814 18.7344 1.6
      vertex 25 25.1 1.6
      vertex 46.366 18.6876 1.6
    endloop
  endfacet
  facet normal 0 0 1
    outer loop
      vertex 44.2977 17.3056 1.6
      vertex 39 17.1 1.6
      vertex 44.1745 17.1 1.6
    endloop
  endfacet
  facet normal 0 0 1
    outer loop
      vertex 44.4877 17.5618 1.6
      vertex 39 17.1 1.6
      vertex 44.2977 17.3056 1.6
    endloop
  endfacet
  facet normal 0 0 1
    outer loop
      vertex 44.7019 17.7981 1.6
      vertex 39 17.1 1.6
      vertex 44.4877 17.5618 1.6
    endloop
  endfacet
  facet normal 0 0 1
    outer loop
      vertex 44.9382 18.0123 1.6
      vertex 39 17.1 1.6
      vertex 44.7019 17.7981 1.6
    endloop
  endfacet
  facet normal 0 0 1
    outer loop
      vertex 45.1944 18.2023 1.6
      vertex 39 17.1 1.6
      vertex 44.9382 18.0123 1.6
    endloop
  endfacet
  facet normal 0 0 1
    outer loop
      vertex 45.468 18.3662 1.6
      vertex 39 17.1 1.6
      vertex 45.1944 18.2023 1.6
    endloop
  endfacet
  facet normal 0 0 1
    outer loop
      vertex 45.7563 18.5026 1.6
      vertex 39 17.1 1.6
      vertex 45.468 18.3662 1.6
    endloop
  endfacet
  facet normal 0 0 1
    outer loop
      vertex 25 25.1 1.6
      vertex 45.7563 18.5026 1.6
      vertex 46.0566 18.6101 1.6
    endloop
  endfacet
  facet normal 0 0 1
    outer loop
      vertex 46.366 18.6876 1.6
      vertex 25 25.1 1.6
      vertex 46.0566 18.6101 1.6
    endloop
  endfacet
  facet normal 0 0 1
    outer loop
      vertex 45.7563 18.5026 1.6
      vertex 25 25.1 1.6
      vertex 39 17.1 1.6
    endloop
  endfacet
  facet normal 0 0 1
    outer loop
      vertex 39 17.1 1.6
      vertex 25 25.1 1.6
      vertex 38.8432 17.0923 1.6
    endloop
  endfacet
  facet normal 0 0 1
    outer loop
      vertex 38.8432 17.0923 1.6
      vertex 25 25.1 1.6
      vertex 38.6879 17.0693 1.6
    endloop
  endfacet
  facet normal 0 0 1
    outer loop
      vertex 37.4307 15.8121 1.6
      vertex 25 23.5 1.6
      vertex 37.4077 15.6568 1.6
    endloop
  endfacet
  facet normal 0 0 1
    outer loop
      vertex 37.4689 15.9645 1.6
      vertex 25 23.5 1.6
      vertex 37.4307 15.8121 1.6
    endloop
  endfacet
  facet normal 0 0 1
    outer loop
      vertex 37.5218 16.1123 1.6
      vertex 25 23.5 1.6
      vertex 37.4689 15.9645 1.6
    endloop
  endfacet
  facet normal 0 0 1
    outer loop
      vertex 37.5889 16.2542 1.6
      vertex 25 23.5 1.6
      vertex 37.5218 16.1123 1.6
    endloop
  endfacet
  facet normal 0 0 1
    outer loop
      vertex 37.6696 16.3889 1.6
      vertex 25 23.5 1.6
      vertex 37.5889 16.2542 1.6
    endloop
  endfacet
  facet normal 0 0 1
    outer loop
      vertex 37.7632 16.515 1.6
      vertex 25 23.5 1.6
      vertex 37.6696 16.3889 1.6
    endloop
  endfacet
  facet normal 0 0 1
    outer loop
      vertex 37.8686 16.6314 1.6
      vertex 25 23.5 1.6
      vertex 37.7632 16.515 1.6
    endloop
  endfacet
  facet normal 0 0 1
    outer loop
      vertex 37.985 16.7368 1.6
      vertex 25 23.5 1.6
      vertex 37.8686 16.6314 1.6
    endloop
  endfacet
  facet normal 0 0 1
    outer loop
      vertex 38.1111 16.8304 1.6
      vertex 25 23.5 1.6
      vertex 37.985 16.7368 1.6
    endloop
  endfacet
  facet normal -0 0 1
    outer loop
      vertex 25 23.5 1.6
      vertex 38.1111 16.8304 1.6
      vertex 25 25.1 1.6
    endloop
  endfacet
  facet normal 0 0 1
    outer loop
      vertex 38.2458 16.9111 1.6
      vertex 25 25.1 1.6
      vertex 38.1111 16.8304 1.6
    endloop
  endfacet
  facet normal 0 0 1
    outer loop
      vertex 38.3877 16.9782 1.6
      vertex 25 25.1 1.6
      vertex 38.2458 16.9111 1.6
    endloop
  endfacet
  facet normal 0 0 1
    outer loop
      vertex 38.5355 17.0311 1.6
      vertex 25 25.1 1.6
      vertex 38.3877 16.9782 1.6
    endloop
  endfacet
  facet normal 0 0 1
    outer loop
      vertex 38.6879 17.0693 1.6
      vertex 25 25.1 1.6
      vertex 38.5355 17.0311 1.6
    endloop
  endfacet
  facet normal -0 0 1
    outer loop
      vertex 13.0551 26.25 1.6
      vertex 25 25.1 1.6
      vertex 68.9449 26.25 1.6
    endloop
  endfacet
  facet normal 0 0 1
    outer loop
      vertex 8.19118 25.1 1.6
      vertex 13.0551 26.25 1.6
      vertex 11.9467 26.1955 1.6
    endloop
  endfacet
  facet normal 0 0 1
    outer loop
      vertex 8.19118 25.1 1.6
      vertex 11.9467 26.1955 1.6
      vertex 10.9033 26.0408 1.6
    endloop
  endfacet
  facet normal 0 0 1
    outer loop
      vertex 8.19118 25.1 1.6
      vertex 10.9033 26.0408 1.6
      vertex 9.88022 25.7845 1.6
    endloop
  endfacet
  facet normal 0 0 1
    outer loop
      vertex 8.19118 25.1 1.6
      vertex 9.88022 25.7845 1.6
      vertex 8.88715 25.4292 1.6
    endloop
  endfacet
  facet normal 0 0 1
    outer loop
      vertex 13.0551 26.25 1.6
      vertex 8.19118 25.1 1.6
      vertex 25 25.1 1.6
    endloop
  endfacet
  facet normal 0 0 1
    outer loop
      vertex 79.6955 16.5533 1.6
      vertex 79.6955 14.4467 1.6
      vertex 79.7473 15.5 1.6
    endloop
  endfacet
  facet normal 0 0 1
    outer loop
      vertex 79.5408 17.5967 1.6
      vertex 79.6955 14.4467 1.6
      vertex 79.6955 16.5533 1.6
    endloop
  endfacet
  facet normal 0 0 1
    outer loop
      vertex 79.5408 17.5967 1.6
      vertex 79.5408 13.4033 1.6
      vertex 79.6955 14.4467 1.6
    endloop
  endfacet
  facet normal 0 0 1
    outer loop
      vertex 79.2845 18.6198 1.6
      vertex 79.5408 13.4033 1.6
      vertex 79.5408 17.5967 1.6
    endloop
  endfacet
  facet normal 0 0 1
    outer loop
      vertex 79.2845 18.6198 1.6
      vertex 79.2845 12.3802 1.6
      vertex 79.5408 13.4033 1.6
    endloop
  endfacet
  facet normal 0 0 1
    outer loop
      vertex 78.9292 19.6128 1.6
      vertex 79.2845 12.3802 1.6
      vertex 79.2845 18.6198 1.6
    endloop
  endfacet
  facet normal 0 0 1
    outer loop
      vertex 78.9292 19.6128 1.6
      vertex 78.9292 11.3871 1.6
      vertex 79.2845 12.3802 1.6
    endloop
  endfacet
  facet normal 0 0 1
    outer loop
      vertex 78.4783 20.5661 1.6
      vertex 78.9292 11.3871 1.6
      vertex 78.9292 19.6128 1.6
    endloop
  endfacet
  facet normal 0 0 1
    outer loop
      vertex 78.4783 20.5661 1.6
      vertex 78.4783 10.4339 1.6
      vertex 78.9292 11.3871 1.6
    endloop
  endfacet
  facet normal 0 0 1
    outer loop
      vertex 77.936 21.4709 1.6
      vertex 78.4783 10.4339 1.6
      vertex 78.4783 20.5661 1.6
    endloop
  endfacet
  facet normal 0 0 1
    outer loop
      vertex 77.936 21.4709 1.6
      vertex 77.936 9.52913 1.6
      vertex 78.4783 10.4339 1.6
    endloop
  endfacet
  facet normal 0 0 1
    outer loop
      vertex 77.3077 22.3181 1.6
      vertex 77.936 9.52913 1.6
      vertex 77.936 21.4709 1.6
    endloop
  endfacet
  facet normal 0 0 1
    outer loop
      vertex 77.3077 22.3181 1.6
      vertex 77.3077 8.68193 1.6
      vertex 77.936 9.52913 1.6
    endloop
  endfacet
  facet normal 0 0 1
    outer loop
      vertex 76.5995 23.0995 1.6
      vertex 77.3077 8.68193 1.6
      vertex 77.3077 22.3181 1.6
    endloop
  endfacet
  facet normal 0 0 1
    outer loop
      vertex 76.5995 23.0995 1.6
      vertex 76.5995 7.90051 1.6
      vertex 77.3077 8.68193 1.6
    endloop
  endfacet
  facet normal 0 0 1
    outer loop
      vertex 75.8181 23.8077 1.6
      vertex 76.5995 7.90051 1.6
      vertex 76.5995 23.0995 1.6
    endloop
  endfacet
  facet normal 0 0 1
    outer loop
      vertex 75.8181 23.8077 1.6
      vertex 75.8181 7.19228 1.6
      vertex 76.5995 7.90051 1.6
    endloop
  endfacet
  facet normal 0 0 1
    outer loop
      vertex 74.9709 24.436 1.6
      vertex 75.8181 7.19228 1.6
      vertex 75.8181 23.8077 1.6
    endloop
  endfacet
  facet normal 0 0 1
    outer loop
      vertex 74.9709 24.436 1.6
      vertex 74.9709 6.56395 1.6
      vertex 75.8181 7.19228 1.6
    endloop
  endfacet
  facet normal 0 0 1
    outer loop
      vertex 74.0661 24.9783 1.6
      vertex 74.9709 6.56395 1.6
      vertex 74.9709 24.436 1.6
    endloop
  endfacet
  facet normal 0 0 1
    outer loop
      vertex 74.0661 24.9783 1.6
      vertex 74.0661 6.02168 1.6
      vertex 74.9709 6.56395 1.6
    endloop
  endfacet
  facet normal 0 0 1
    outer loop
      vertex 73.1128 25.4292 1.6
      vertex 74.0661 6.02168 1.6
      vertex 74.0661 24.9783 1.6
    endloop
  endfacet
  facet normal 0 0 1
    outer loop
      vertex 73.1128 25.4292 1.6
      vertex 73.1128 5.57082 1.6
      vertex 74.0661 6.02168 1.6
    endloop
  endfacet
  facet normal 0 0 1
    outer loop
      vertex 72.1198 25.7845 1.6
      vertex 73.1128 5.57082 1.6
      vertex 73.1128 25.4292 1.6
    endloop
  endfacet
  facet normal 0 0 1
    outer loop
      vertex 72.1198 25.7845 1.6
      vertex 72.1198 5.21548 1.6
      vertex 73.1128 5.57082 1.6
    endloop
  endfacet
  facet normal 0 0 1
    outer loop
      vertex 71.0967 26.0408 1.6
      vertex 72.1198 5.21548 1.6
      vertex 72.1198 25.7845 1.6
    endloop
  endfacet
  facet normal 0 0 1
    outer loop
      vertex 71.0967 26.0408 1.6
      vertex 71.0967 4.95923 1.6
      vertex 72.1198 5.21548 1.6
    endloop
  endfacet
  facet normal 0 0 1
    outer loop
      vertex 71.0967 26.0408 1.6
      vertex 70.0533 4.80444 1.6
      vertex 71.0967 4.95923 1.6
    endloop
  endfacet
  facet normal 0 0 1
    outer loop
      vertex 70.0533 26.1955 1.6
      vertex 70.0533 4.80444 1.6
      vertex 71.0967 26.0408 1.6
    endloop
  endfacet
  facet normal 0 0 1
    outer loop
      vertex 70.0533 26.1955 1.6
      vertex 68.9449 4.75 1.6
      vertex 70.0533 4.80444 1.6
    endloop
  endfacet
  facet normal 0 0 1
    outer loop
      vertex 68.9449 26.25 1.6
      vertex 68.9449 4.75 1.6
      vertex 70.0533 26.1955 1.6
    endloop
  endfacet
  facet normal -0 0 1
    outer loop
      vertex 50.25 15.5 1.6
      vertex 68.9449 4.75 1.6
      vertex 68.9449 26.25 1.6
    endloop
  endfacet
  facet normal -0 0 1
    outer loop
      vertex 50.2344 15.1814 1.6
      vertex 68.9449 4.75 1.6
      vertex 50.25 15.5 1.6
    endloop
  endfacet
  facet normal -0 0 1
    outer loop
      vertex 50.1876 14.866 1.6
      vertex 68.9449 4.75 1.6
      vertex 50.2344 15.1814 1.6
    endloop
  endfacet
  facet normal -0 0 1
    outer loop
      vertex 50.1101 14.5566 1.6
      vertex 68.9449 4.75 1.6
      vertex 50.1876 14.866 1.6
    endloop
  endfacet
  facet normal -0 0 1
    outer loop
      vertex 50.0026 14.2563 1.6
      vertex 68.9449 4.75 1.6
      vertex 50.1101 14.5566 1.6
    endloop
  endfacet
  facet normal -0 0 1
    outer loop
      vertex 49.8662 13.968 1.6
      vertex 68.9449 4.75 1.6
      vertex 50.0026 14.2563 1.6
    endloop
  endfacet
  facet normal -0 0 1
    outer loop
      vertex 49.7023 13.6944 1.6
      vertex 68.9449 4.75 1.6
      vertex 49.8662 13.968 1.6
    endloop
  endfacet
  facet normal -0 0 1
    outer loop
      vertex 49.5123 13.4382 1.6
      vertex 68.9449 4.75 1.6
      vertex 49.7023 13.6944 1.6
    endloop
  endfacet
  facet normal -0 0 1
    outer loop
      vertex 49.2981 13.2019 1.6
      vertex 68.9449 4.75 1.6
      vertex 49.5123 13.4382 1.6
    endloop
  endfacet
  facet normal -0 0 1
    outer loop
      vertex 49.0618 12.9877 1.6
      vertex 68.9449 4.75 1.6
      vertex 49.2981 13.2019 1.6
    endloop
  endfacet
  facet normal -0 0 1
    outer loop
      vertex 48.8056 12.7977 1.6
      vertex 68.9449 4.75 1.6
      vertex 49.0618 12.9877 1.6
    endloop
  endfacet
  facet normal -0 0 1
    outer loop
      vertex 48.532 12.6338 1.6
      vertex 68.9449 4.75 1.6
      vertex 48.8056 12.7977 1.6
    endloop
  endfacet
  facet normal -0 0 1
    outer loop
      vertex 48.2437 12.4974 1.6
      vertex 68.9449 4.75 1.6
      vertex 48.532 12.6338 1.6
    endloop
  endfacet
  facet normal -0 0 1
    outer loop
      vertex 47.9434 12.3899 1.6
      vertex 68.9449 4.75 1.6
      vertex 48.2437 12.4974 1.6
    endloop
  endfacet
  facet normal -0 0 1
    outer loop
      vertex 47.634 12.3124 1.6
      vertex 68.9449 4.75 1.6
      vertex 47.9434 12.3899 1.6
    endloop
  endfacet
  facet normal -0 0 1
    outer loop
      vertex 47.3186 12.2656 1.6
      vertex 68.9449 4.75 1.6
      vertex 47.634 12.3124 1.6
    endloop
  endfacet
  facet normal -0 0 1
    outer loop
      vertex 47 12.25 1.6
      vertex 68.9449 4.75 1.6
      vertex 47.3186 12.2656 1.6
    endloop
  endfacet
  facet normal 0 0 1
    outer loop
      vertex 25 5.9 1.6
      vertex 47 12.25 1.6
      vertex 46.6814 12.2656 1.6
    endloop
  endfacet
  facet normal 0 0 1
    outer loop
      vertex 25 5.9 1.6
      vertex 46.6814 12.2656 1.6
      vertex 46.366 12.3124 1.6
    endloop
  endfacet
  facet normal 0 0 1
    outer loop
      vertex 25 5.9 1.6
      vertex 46.366 12.3124 1.6
      vertex 46.0566 12.3899 1.6
    endloop
  endfacet
  facet normal -0 0 1
    outer loop
      vertex 39 13.9 1.6
      vertex 44.2977 13.6944 1.6
      vertex 44.1745 13.9 1.6
    endloop
  endfacet
  facet normal 0 0 1
    outer loop
      vertex 39 13.9 1.6
      vertex 44.4877 13.4382 1.6
      vertex 44.2977 13.6944 1.6
    endloop
  endfacet
  facet normal 0 0 1
    outer loop
      vertex 39 13.9 1.6
      vertex 44.7019 13.2019 1.6
      vertex 44.4877 13.4382 1.6
    endloop
  endfacet
  facet normal 0 0 1
    outer loop
      vertex 39 13.9 1.6
      vertex 44.9382 12.9877 1.6
      vertex 44.7019 13.2019 1.6
    endloop
  endfacet
  facet normal 0 0 1
    outer loop
      vertex 39 13.9 1.6
      vertex 45.1944 12.7977 1.6
      vertex 44.9382 12.9877 1.6
    endloop
  endfacet
  facet normal 0 0 1
    outer loop
      vertex 39 13.9 1.6
      vertex 45.468 12.6338 1.6
      vertex 45.1944 12.7977 1.6
    endloop
  endfacet
  facet normal 0 0 1
    outer loop
      vertex 39 13.9 1.6
      vertex 45.7563 12.4974 1.6
      vertex 45.468 12.6338 1.6
    endloop
  endfacet
  facet normal 0 0 1
    outer loop
      vertex 25 5.9 1.6
      vertex 45.7563 12.4974 1.6
      vertex 39 13.9 1.6
    endloop
  endfacet
  facet normal 0 0 1
    outer loop
      vertex 45.7563 12.4974 1.6
      vertex 25 5.9 1.6
      vertex 46.0566 12.3899 1.6
    endloop
  endfacet
  facet normal 0 0 1
    outer loop
      vertex 25 5.9 1.6
      vertex 39 13.9 1.6
      vertex 38.8432 13.9077 1.6
    endloop
  endfacet
  facet normal 0 0 1
    outer loop
      vertex 25 5.9 1.6
      vertex 38.8432 13.9077 1.6
      vertex 38.6879 13.9307 1.6
    endloop
  endfacet
  facet normal 0 0 1
    outer loop
      vertex 25 5.9 1.6
      vertex 38.6879 13.9307 1.6
      vertex 38.5355 13.9689 1.6
    endloop
  endfacet
  facet normal 0 0 1
    outer loop
      vertex 37.4077 15.6568 1.6
      vertex 25 23.5 1.6
      vertex 37.4 15.5 1.6
    endloop
  endfacet
  facet normal 0 0 1
    outer loop
      vertex 25 7.5 1.6
      vertex 37.4 15.5 1.6
      vertex 25 23.5 1.6
    endloop
  endfacet
  facet normal 0 0 1
    outer loop
      vertex 37.4 15.5 1.6
      vertex 25 7.5 1.6
      vertex 37.4077 15.3432 1.6
    endloop
  endfacet
  facet normal 0 0 1
    outer loop
      vertex 37.4077 15.3432 1.6
      vertex 25 7.5 1.6
      vertex 37.4307 15.1879 1.6
    endloop
  endfacet
  facet normal 0 0 1
    outer loop
      vertex 37.4307 15.1879 1.6
      vertex 25 7.5 1.6
      vertex 37.4689 15.0355 1.6
    endloop
  endfacet
  facet normal 0 0 1
    outer loop
      vertex 37.4689 15.0355 1.6
      vertex 25 7.5 1.6
      vertex 37.5218 14.8877 1.6
    endloop
  endfacet
  facet normal 0 0 1
    outer loop
      vertex 37.5218 14.8877 1.6
      vertex 25 7.5 1.6
      vertex 37.5889 14.7458 1.6
    endloop
  endfacet
  facet normal 0 0 1
    outer loop
      vertex 37.5889 14.7458 1.6
      vertex 25 7.5 1.6
      vertex 37.6696 14.6111 1.6
    endloop
  endfacet
  facet normal 0 0 1
    outer loop
      vertex 37.6696 14.6111 1.6
      vertex 25 7.5 1.6
      vertex 37.7632 14.485 1.6
    endloop
  endfacet
  facet normal 0 0 1
    outer loop
      vertex 37.7632 14.485 1.6
      vertex 25 7.5 1.6
      vertex 37.8686 14.3686 1.6
    endloop
  endfacet
  facet normal 0 0 1
    outer loop
      vertex 37.8686 14.3686 1.6
      vertex 25 7.5 1.6
      vertex 37.985 14.2632 1.6
    endloop
  endfacet
  facet normal 0 0 1
    outer loop
      vertex 37.985 14.2632 1.6
      vertex 25 7.5 1.6
      vertex 38.1111 14.1696 1.6
    endloop
  endfacet
  facet normal 0 0 1
    outer loop
      vertex 25 7.5 1.6
      vertex 38.2458 14.0889 1.6
      vertex 38.1111 14.1696 1.6
    endloop
  endfacet
  facet normal 0 0 1
    outer loop
      vertex 25 5.9 1.6
      vertex 38.2458 14.0889 1.6
      vertex 25 7.5 1.6
    endloop
  endfacet
  facet normal 0 0 1
    outer loop
      vertex 38.2458 14.0889 1.6
      vertex 25 5.9 1.6
      vertex 38.3877 14.0218 1.6
    endloop
  endfacet
  facet normal 0 0 1
    outer loop
      vertex 38.3877 14.0218 1.6
      vertex 25 5.9 1.6
      vertex 38.5355 13.9689 1.6
    endloop
  endfacet
  facet normal 0 0 1
    outer loop
      vertex 47 12.25 1.6
      vertex 25 5.9 1.6
      vertex 68.9449 4.75 1.6
    endloop
  endfacet
  facet normal 0 0 1
    outer loop
      vertex 25 5.9 1.6
      vertex 13.0551 4.75 1.6
      vertex 68.9449 4.75 1.6
    endloop
  endfacet
  facet normal -0 0 1
    outer loop
      vertex 8.19115 5.9 1.6
      vertex 13.0551 4.75 1.6
      vertex 25 5.9 1.6
    endloop
  endfacet
  facet normal 0 0 1
    outer loop
      vertex 13.0551 4.75 1.6
      vertex 8.19115 5.9 1.6
      vertex 11.9467 4.80444 1.6
    endloop
  endfacet
  facet normal 0 0 1
    outer loop
      vertex 11.9467 4.80444 1.6
      vertex 8.19115 5.9 1.6
      vertex 10.9033 4.95923 1.6
    endloop
  endfacet
  facet normal 0 0 1
    outer loop
      vertex 10.9033 4.95923 1.6
      vertex 8.19115 5.9 1.6
      vertex 9.88022 5.21548 1.6
    endloop
  endfacet
  facet normal 0 0 1
    outer loop
      vertex 9.88022 5.21548 1.6
      vertex 8.19115 5.9 1.6
      vertex 8.88715 5.57082 1.6
    endloop
  endfacet
  facet normal 0 0 1
    outer loop
      vertex 2.71548 18.6198 1.6
      vertex 3.4 20.3088 1.6
      vertex 3.07082 19.6128 1.6
    endloop
  endfacet
  facet normal 0 0 1
    outer loop
      vertex 3.4 20.3088 1.6
      vertex 2.71548 18.6198 1.6
      vertex 3.4 10.6911 1.6
    endloop
  endfacet
  facet normal -0 0 1
    outer loop
      vertex 2.71548 12.3802 1.6
      vertex 3.4 10.6911 1.6
      vertex 2.71548 18.6198 1.6
    endloop
  endfacet
  facet normal 0 0 1
    outer loop
      vertex 3.4 10.6911 1.6
      vertex 2.71548 12.3802 1.6
      vertex 3.07082 11.3871 1.6
    endloop
  endfacet
  facet normal -0 0 1
    outer loop
      vertex 2.45923 17.5967 1.6
      vertex 2.71548 12.3802 1.6
      vertex 2.71548 18.6198 1.6
    endloop
  endfacet
  facet normal 0 0 1
    outer loop
      vertex 2.45923 17.5967 1.6
      vertex 2.45923 13.4033 1.6
      vertex 2.71548 12.3802 1.6
    endloop
  endfacet
  facet normal -0 0 1
    outer loop
      vertex 2.30444 16.5533 1.6
      vertex 2.45923 13.4033 1.6
      vertex 2.45923 17.5967 1.6
    endloop
  endfacet
  facet normal 0 0 1
    outer loop
      vertex 2.30444 16.5533 1.6
      vertex 2.30444 14.4467 1.6
      vertex 2.45923 13.4033 1.6
    endloop
  endfacet
  facet normal 0 -0 1
    outer loop
      vertex 2.30444 14.4467 1.6
      vertex 2.30444 16.5533 1.6
      vertex 2.2527 15.5 1.6
    endloop
  endfacet
  facet normal -0.0491106 0.998793 0
    outer loop
      vertex 13.0551 26.25 0
      vertex 11.9467 26.1955 1.6
      vertex 13.0551 26.25 1.6
    endloop
  endfacet
  facet normal -0.0491106 0.998793 0
    outer loop
      vertex 11.9467 26.1955 1.6
      vertex 13.0551 26.25 0
      vertex 11.9467 26.1955 0
    endloop
  endfacet
  facet normal 0.0490567 -0.998796 0
    outer loop
      vertex 68.9449 4.75 0
      vertex 70.0533 4.80444 1.6
      vertex 68.9449 4.75 1.6
    endloop
  endfacet
  facet normal 0.0490567 -0.998796 0
    outer loop
      vertex 70.0533 4.80444 1.6
      vertex 68.9449 4.75 0
      vertex 70.0533 4.80444 0
    endloop
  endfacet
  facet normal 0.803219 -0.595683 0
    outer loop
      vertex 77.3077 8.68193 1.6
      vertex 77.936 9.52913 0
      vertex 77.936 9.52913 1.6
    endloop
  endfacet
  facet normal 0.803219 -0.595683 0
    outer loop
      vertex 77.936 9.52913 0
      vertex 77.3077 8.68193 1.6
      vertex 77.3077 8.68193 0
    endloop
  endfacet
  facet normal 0.427542 -0.903996 0
    outer loop
      vertex 73.1128 5.57082 0
      vertex 74.0661 6.02168 1.6
      vertex 73.1128 5.57082 1.6
    endloop
  endfacet
  facet normal 0.427542 -0.903996 0
    outer loop
      vertex 74.0661 6.02168 1.6
      vertex 73.1128 5.57082 0
      vertex 74.0661 6.02168 0
    endloop
  endfacet
  facet normal -0.0490567 -0.998796 0
    outer loop
      vertex 11.9467 4.80444 0
      vertex 13.0551 4.75 1.6
      vertex 11.9467 4.80444 1.6
    endloop
  endfacet
  facet normal -0.0490567 -0.998796 -0
    outer loop
      vertex 13.0551 4.75 1.6
      vertex 11.9467 4.80444 0
      vertex 13.0551 4.75 0
    endloop
  endfacet
  facet normal -0.941543 -0.336892 0
    outer loop
      vertex 3.07082 11.3871 0
      vertex 2.71548 12.3802 1.6
      vertex 2.71548 12.3802 0
    endloop
  endfacet
  facet normal -0.941543 -0.336892 0
    outer loop
      vertex 2.71548 12.3802 1.6
      vertex 3.07082 11.3871 0
      vertex 3.07082 11.3871 1.6
    endloop
  endfacet
  facet normal 0 0 -1
    outer loop
      vertex 2.71548 12.3802 0
      vertex 5 19.5 0
      vertex 3.07082 11.3871 0
    endloop
  endfacet
  facet normal 0 0 -1
    outer loop
      vertex 2.45923 13.4033 0
      vertex 5 19.5 0
      vertex 2.71548 12.3802 0
    endloop
  endfacet
  facet normal 0 -0 -1
    outer loop
      vertex 3.07082 19.6128 0
      vertex 5 19.5 0
      vertex 2.71548 18.6198 0
    endloop
  endfacet
  facet normal 0 0 -1
    outer loop
      vertex 5 19.5 0
      vertex 3.07082 19.6128 0
      vertex 3.4 20.3088 0
    endloop
  endfacet
  facet normal 0 0 -1
    outer loop
      vertex 2.30444 14.4467 0
      vertex 5 19.5 0
      vertex 2.45923 13.4033 0
    endloop
  endfacet
  facet normal 0 0 -1
    outer loop
      vertex 5 19.5 0
      vertex 2.45923 17.5967 0
      vertex 2.71548 18.6198 0
    endloop
  endfacet
  facet normal 0 0 -1
    outer loop
      vertex 2.2527 15.5 0
      vertex 5 19.5 0
      vertex 2.30444 14.4467 0
    endloop
  endfacet
  facet normal 0 0 -1
    outer loop
      vertex 5 19.5 0
      vertex 2.30444 16.5533 0
      vertex 2.45923 17.5967 0
    endloop
  endfacet
  facet normal 0 0 -1
    outer loop
      vertex 5 19.5 0
      vertex 2.2527 15.5 0
      vertex 2.30444 16.5533 0
    endloop
  endfacet
  facet normal 0 0 -1
    outer loop
      vertex 74.9709 6.56395 0
      vertex 76.1576 7.5 0
      vertex 75.8181 7.19228 0
    endloop
  endfacet
  facet normal 0 0 -1
    outer loop
      vertex 65 7.5 0
      vertex 74.9709 6.56395 0
      vertex 74.0661 6.02168 0
    endloop
  endfacet
  facet normal 0 0 -1
    outer loop
      vertex 65 7.5 0
      vertex 74.0661 6.02168 0
      vertex 73.1128 5.57082 0
    endloop
  endfacet
  facet normal 0 0 -1
    outer loop
      vertex 65 7.5 0
      vertex 73.1128 5.57082 0
      vertex 72.1198 5.21548 0
    endloop
  endfacet
  facet normal 0 0 -1
    outer loop
      vertex 65 7.5 0
      vertex 72.1198 5.21548 0
      vertex 71.0967 4.95923 0
    endloop
  endfacet
  facet normal 0 0 -1
    outer loop
      vertex 65 7.5 0
      vertex 71.0967 4.95923 0
      vertex 70.0533 4.80444 0
    endloop
  endfacet
  facet normal 0 0 -1
    outer loop
      vertex 65 7.5 0
      vertex 70.0533 4.80444 0
      vertex 68.9449 4.75 0
    endloop
  endfacet
  facet normal 0 0 -1
    outer loop
      vertex 74.9709 6.56395 0
      vertex 65 7.5 0
      vertex 76.1576 7.5 0
    endloop
  endfacet
  facet normal 0 0 -1
    outer loop
      vertex 50.1876 14.866 0
      vertex 65 19.5 0
      vertex 65 7.5 0
    endloop
  endfacet
  facet normal 0 0 -1
    outer loop
      vertex 47 12.25 0
      vertex 65 7.5 0
      vertex 68.9449 4.75 0
    endloop
  endfacet
  facet normal 0 0 -1
    outer loop
      vertex 65 19.5 0
      vertex 50.2344 15.1814 0
      vertex 50.25 15.5 0
    endloop
  endfacet
  facet normal 0 0 -1
    outer loop
      vertex 65 19.5 0
      vertex 50.1876 14.866 0
      vertex 50.2344 15.1814 0
    endloop
  endfacet
  facet normal 0 0 -1
    outer loop
      vertex 65 7.5 0
      vertex 50.1101 14.5566 0
      vertex 50.1876 14.866 0
    endloop
  endfacet
  facet normal 0 0 -1
    outer loop
      vertex 65 7.5 0
      vertex 50.0026 14.2563 0
      vertex 50.1101 14.5566 0
    endloop
  endfacet
  facet normal 0 0 -1
    outer loop
      vertex 65 7.5 0
      vertex 49.8662 13.968 0
      vertex 50.0026 14.2563 0
    endloop
  endfacet
  facet normal 0 0 -1
    outer loop
      vertex 65 7.5 0
      vertex 49.7023 13.6944 0
      vertex 49.8662 13.968 0
    endloop
  endfacet
  facet normal 0 0 -1
    outer loop
      vertex 65 7.5 0
      vertex 49.5123 13.4382 0
      vertex 49.7023 13.6944 0
    endloop
  endfacet
  facet normal 0 0 -1
    outer loop
      vertex 65 7.5 0
      vertex 49.2981 13.2019 0
      vertex 49.5123 13.4382 0
    endloop
  endfacet
  facet normal 0 0 -1
    outer loop
      vertex 65 7.5 0
      vertex 49.0618 12.9877 0
      vertex 49.2981 13.2019 0
    endloop
  endfacet
  facet normal 0 0 -1
    outer loop
      vertex 65 7.5 0
      vertex 48.8056 12.7977 0
      vertex 49.0618 12.9877 0
    endloop
  endfacet
  facet normal 0 0 -1
    outer loop
      vertex 65 7.5 0
      vertex 48.532 12.6338 0
      vertex 48.8056 12.7977 0
    endloop
  endfacet
  facet normal 0 0 -1
    outer loop
      vertex 65 7.5 0
      vertex 48.2437 12.4974 0
      vertex 48.532 12.6338 0
    endloop
  endfacet
  facet normal 0 0 -1
    outer loop
      vertex 65 7.5 0
      vertex 47.9434 12.3899 0
      vertex 48.2437 12.4974 0
    endloop
  endfacet
  facet normal 0 0 -1
    outer loop
      vertex 65 7.5 0
      vertex 47.634 12.3124 0
      vertex 47.9434 12.3899 0
    endloop
  endfacet
  facet normal 0 0 -1
    outer loop
      vertex 65 7.5 0
      vertex 47.3186 12.2656 0
      vertex 47.634 12.3124 0
    endloop
  endfacet
  facet normal 0 0 -1
    outer loop
      vertex 65 7.5 0
      vertex 47 12.25 0
      vertex 47.3186 12.2656 0
    endloop
  endfacet
  facet normal 0 0 -1
    outer loop
      vertex 68.9449 4.75 0
      vertex 46.6814 12.2656 0
      vertex 47 12.25 0
    endloop
  endfacet
  facet normal 0 0 -1
    outer loop
      vertex 13.0551 4.75 0
      vertex 46.6814 12.2656 0
      vertex 68.9449 4.75 0
    endloop
  endfacet
  facet normal -0 0 -1
    outer loop
      vertex 46.6814 12.2656 0
      vertex 13.0551 4.75 0
      vertex 46.366 12.3124 0
    endloop
  endfacet
  facet normal 0 0 -1
    outer loop
      vertex 44.2977 13.6944 0
      vertex 39 13.9 0
      vertex 44.1745 13.9 0
    endloop
  endfacet
  facet normal 0 0 -1
    outer loop
      vertex 44.4877 13.4382 0
      vertex 39 13.9 0
      vertex 44.2977 13.6944 0
    endloop
  endfacet
  facet normal 0 0 -1
    outer loop
      vertex 44.7019 13.2019 0
      vertex 39 13.9 0
      vertex 44.4877 13.4382 0
    endloop
  endfacet
  facet normal 0 0 -1
    outer loop
      vertex 44.9382 12.9877 0
      vertex 39 13.9 0
      vertex 44.7019 13.2019 0
    endloop
  endfacet
  facet normal 0 0 -1
    outer loop
      vertex 45.1944 12.7977 0
      vertex 39 13.9 0
      vertex 44.9382 12.9877 0
    endloop
  endfacet
  facet normal 0 0 -1
    outer loop
      vertex 45.468 12.6338 0
      vertex 39 13.9 0
      vertex 45.1944 12.7977 0
    endloop
  endfacet
  facet normal 0 0 -1
    outer loop
      vertex 45.7563 12.4974 0
      vertex 39 13.9 0
      vertex 45.468 12.6338 0
    endloop
  endfacet
  facet normal 0 0 -1
    outer loop
      vertex 38.8432 13.9077 0
      vertex 45.7563 12.4974 0
      vertex 46.0566 12.3899 0
    endloop
  endfacet
  facet normal 0 -0 -1
    outer loop
      vertex 17 7.5 0
      vertex 46.366 12.3124 0
      vertex 13.0551 4.75 0
    endloop
  endfacet
  facet normal -0 0 -1
    outer loop
      vertex 46.366 12.3124 0
      vertex 17 7.5 0
      vertex 46.0566 12.3899 0
    endloop
  endfacet
  facet normal 0 -0 -1
    outer loop
      vertex 38.8432 13.9077 0
      vertex 46.0566 12.3899 0
      vertex 17 7.5 0
    endloop
  endfacet
  facet normal 0 0 -1
    outer loop
      vertex 45.7563 12.4974 0
      vertex 38.8432 13.9077 0
      vertex 39 13.9 0
    endloop
  endfacet
  facet normal 0 0 -1
    outer loop
      vertex 37.4307 15.1879 0
      vertex 17 19.5 0
      vertex 37.4077 15.3432 0
    endloop
  endfacet
  facet normal 0 0 -1
    outer loop
      vertex 17 19.5 0
      vertex 37.4307 15.1879 0
      vertex 17 7.5 0
    endloop
  endfacet
  facet normal -0 0 -1
    outer loop
      vertex 37.4689 15.0355 0
      vertex 17 7.5 0
      vertex 37.4307 15.1879 0
    endloop
  endfacet
  facet normal -0 0 -1
    outer loop
      vertex 37.5218 14.8877 0
      vertex 17 7.5 0
      vertex 37.4689 15.0355 0
    endloop
  endfacet
  facet normal -0 0 -1
    outer loop
      vertex 37.5889 14.7458 0
      vertex 17 7.5 0
      vertex 37.5218 14.8877 0
    endloop
  endfacet
  facet normal -0 0 -1
    outer loop
      vertex 37.6696 14.6111 0
      vertex 17 7.5 0
      vertex 37.5889 14.7458 0
    endloop
  endfacet
  facet normal -0 0 -1
    outer loop
      vertex 37.7632 14.485 0
      vertex 17 7.5 0
      vertex 37.6696 14.6111 0
    endloop
  endfacet
  facet normal -0 0 -1
    outer loop
      vertex 37.8686 14.3686 0
      vertex 17 7.5 0
      vertex 37.7632 14.485 0
    endloop
  endfacet
  facet normal -0 0 -1
    outer loop
      vertex 37.985 14.2632 0
      vertex 17 7.5 0
      vertex 37.8686 14.3686 0
    endloop
  endfacet
  facet normal -0 0 -1
    outer loop
      vertex 38.1111 14.1696 0
      vertex 17 7.5 0
      vertex 37.985 14.2632 0
    endloop
  endfacet
  facet normal -0 0 -1
    outer loop
      vertex 38.2458 14.0889 0
      vertex 17 7.5 0
      vertex 38.1111 14.1696 0
    endloop
  endfacet
  facet normal -0 0 -1
    outer loop
      vertex 38.3877 14.0218 0
      vertex 17 7.5 0
      vertex 38.2458 14.0889 0
    endloop
  endfacet
  facet normal -0 0 -1
    outer loop
      vertex 38.5355 13.9689 0
      vertex 17 7.5 0
      vertex 38.3877 14.0218 0
    endloop
  endfacet
  facet normal -0 0 -1
    outer loop
      vertex 38.8432 13.9077 0
      vertex 17 7.5 0
      vertex 38.6879 13.9307 0
    endloop
  endfacet
  facet normal -0 0 -1
    outer loop
      vertex 38.6879 13.9307 0
      vertex 17 7.5 0
      vertex 38.5355 13.9689 0
    endloop
  endfacet
  facet normal 0 0 -1
    outer loop
      vertex 11.9467 4.80444 0
      vertex 17 7.5 0
      vertex 13.0551 4.75 0
    endloop
  endfacet
  facet normal 0 0 -1
    outer loop
      vertex 10.9033 4.95923 0
      vertex 17 7.5 0
      vertex 11.9467 4.80444 0
    endloop
  endfacet
  facet normal 0 0 -1
    outer loop
      vertex 9.88022 5.21548 0
      vertex 17 7.5 0
      vertex 10.9033 4.95923 0
    endloop
  endfacet
  facet normal 0 0 -1
    outer loop
      vertex 8.88715 5.57082 0
      vertex 17 7.5 0
      vertex 9.88022 5.21548 0
    endloop
  endfacet
  facet normal 0 0 -1
    outer loop
      vertex 8.19115 5.9 0
      vertex 17 7.5 0
      vertex 8.88715 5.57082 0
    endloop
  endfacet
  facet normal 0 0 -1
    outer loop
      vertex 8.19115 5.9 0
      vertex 5 7.5 0
      vertex 17 7.5 0
    endloop
  endfacet
  facet normal 0 0 -1
    outer loop
      vertex 3.4 10.6911 0
      vertex 5 19.5 0
      vertex 5 7.5 0
    endloop
  endfacet
  facet normal 0 0 -1
    outer loop
      vertex 3.07082 11.3871 0
      vertex 5 19.5 0
      vertex 3.4 10.6911 0
    endloop
  endfacet
  facet normal 0 0 -1
    outer loop
      vertex 3.4 10.6911 0
      vertex 5 7.5 0
      vertex 3.4 5.9 0
    endloop
  endfacet
  facet normal 0 0 -1
    outer loop
      vertex 3.4 5.9 0
      vertex 5 7.5 0
      vertex 8.19115 5.9 0
    endloop
  endfacet
  facet normal 0 0 -1
    outer loop
      vertex 77 19.5 0
      vertex 79.7473 15.5 0
      vertex 79.6955 14.4467 0
    endloop
  endfacet
  facet normal 0 0 -1
    outer loop
      vertex 77 19.5 0
      vertex 79.6955 14.4467 0
      vertex 79.5408 13.4033 0
    endloop
  endfacet
  facet normal 0 0 -1
    outer loop
      vertex 79.7473 15.5 0
      vertex 77 19.5 0
      vertex 79.6955 16.5533 0
    endloop
  endfacet
  facet normal 0 0 -1
    outer loop
      vertex 77 19.5 0
      vertex 79.5408 13.4033 0
      vertex 79.2845 12.3802 0
    endloop
  endfacet
  facet normal 0 0 -1
    outer loop
      vertex 79.6955 16.5533 0
      vertex 77 19.5 0
      vertex 79.5408 17.5967 0
    endloop
  endfacet
  facet normal 0 0 -1
    outer loop
      vertex 77 19.5 0
      vertex 79.2845 12.3802 0
      vertex 78.9292 11.3871 0
    endloop
  endfacet
  facet normal 0 0 -1
    outer loop
      vertex 79.5408 17.5967 0
      vertex 77 19.5 0
      vertex 79.2845 18.6198 0
    endloop
  endfacet
  facet normal 0 0 -1
    outer loop
      vertex 77 19.5 0
      vertex 78.9292 11.3871 0
      vertex 78.4783 10.4339 0
    endloop
  endfacet
  facet normal 0 0 -1
    outer loop
      vertex 79.2845 18.6198 0
      vertex 77 19.5 0
      vertex 78.9292 19.6128 0
    endloop
  endfacet
  facet normal 0 0 -1
    outer loop
      vertex 77 19.5 0
      vertex 78.4783 10.4339 0
      vertex 77.936 9.52913 0
    endloop
  endfacet
  facet normal -0 0 -1
    outer loop
      vertex 78.9292 19.6128 0
      vertex 77 19.5 0
      vertex 78.4783 20.5661 0
    endloop
  endfacet
  facet normal 0 0 -1
    outer loop
      vertex 77 19.5 0
      vertex 77.936 9.52913 0
      vertex 77.3077 8.68193 0
    endloop
  endfacet
  facet normal -0 0 -1
    outer loop
      vertex 78.4783 20.5661 0
      vertex 77 19.5 0
      vertex 77.936 21.4709 0
    endloop
  endfacet
  facet normal 0 0 -1
    outer loop
      vertex 77 19.5 0
      vertex 77.3077 8.68193 0
      vertex 77 8.34243 0
    endloop
  endfacet
  facet normal -0 0 -1
    outer loop
      vertex 77.936 21.4709 0
      vertex 77 19.5 0
      vertex 77.3077 22.3181 0
    endloop
  endfacet
  facet normal 0 0 -1
    outer loop
      vertex 77 19.5 0
      vertex 76.5995 23.0995 0
      vertex 77.3077 22.3181 0
    endloop
  endfacet
  facet normal 0 0 -1
    outer loop
      vertex 77 19.5 0
      vertex 75.8181 23.8077 0
      vertex 76.5995 23.0995 0
    endloop
  endfacet
  facet normal 0 0 -1
    outer loop
      vertex 77 19.5 0
      vertex 74.9709 24.436 0
      vertex 75.8181 23.8077 0
    endloop
  endfacet
  facet normal 0 0 -1
    outer loop
      vertex 77 19.5 0
      vertex 74.0661 24.9783 0
      vertex 74.9709 24.436 0
    endloop
  endfacet
  facet normal 0 0 -1
    outer loop
      vertex 77 19.5 0
      vertex 73.1128 25.4292 0
      vertex 74.0661 24.9783 0
    endloop
  endfacet
  facet normal 0 0 -1
    outer loop
      vertex 65 19.5 0
      vertex 73.1128 25.4292 0
      vertex 77 19.5 0
    endloop
  endfacet
  facet normal -0 0 -1
    outer loop
      vertex 73.1128 25.4292 0
      vertex 65 19.5 0
      vertex 72.1198 25.7845 0
    endloop
  endfacet
  facet normal -0 0 -1
    outer loop
      vertex 72.1198 25.7845 0
      vertex 65 19.5 0
      vertex 71.0967 26.0408 0
    endloop
  endfacet
  facet normal -0 0 -1
    outer loop
      vertex 71.0967 26.0408 0
      vertex 65 19.5 0
      vertex 70.0533 26.1955 0
    endloop
  endfacet
  facet normal -0 0 -1
    outer loop
      vertex 70.0533 26.1955 0
      vertex 65 19.5 0
      vertex 68.9449 26.25 0
    endloop
  endfacet
  facet normal 0 0 -1
    outer loop
      vertex 50.2344 15.8186 0
      vertex 65 19.5 0
      vertex 50.25 15.5 0
    endloop
  endfacet
  facet normal 0 0 -1
    outer loop
      vertex 50.1876 16.134 0
      vertex 65 19.5 0
      vertex 50.2344 15.8186 0
    endloop
  endfacet
  facet normal 0 0 -1
    outer loop
      vertex 50.1101 16.4434 0
      vertex 65 19.5 0
      vertex 50.1876 16.134 0
    endloop
  endfacet
  facet normal 0 0 -1
    outer loop
      vertex 50.0026 16.7437 0
      vertex 65 19.5 0
      vertex 50.1101 16.4434 0
    endloop
  endfacet
  facet normal 0 0 -1
    outer loop
      vertex 49.8662 17.032 0
      vertex 65 19.5 0
      vertex 50.0026 16.7437 0
    endloop
  endfacet
  facet normal 0 0 -1
    outer loop
      vertex 49.7023 17.3056 0
      vertex 65 19.5 0
      vertex 49.8662 17.032 0
    endloop
  endfacet
  facet normal 0 0 -1
    outer loop
      vertex 49.5123 17.5618 0
      vertex 65 19.5 0
      vertex 49.7023 17.3056 0
    endloop
  endfacet
  facet normal 0 0 -1
    outer loop
      vertex 49.2981 17.7981 0
      vertex 65 19.5 0
      vertex 49.5123 17.5618 0
    endloop
  endfacet
  facet normal 0 0 -1
    outer loop
      vertex 49.0618 18.0123 0
      vertex 65 19.5 0
      vertex 49.2981 17.7981 0
    endloop
  endfacet
  facet normal 0 0 -1
    outer loop
      vertex 48.8056 18.2023 0
      vertex 65 19.5 0
      vertex 49.0618 18.0123 0
    endloop
  endfacet
  facet normal -0 0 -1
    outer loop
      vertex 65 19.5 0
      vertex 48.8056 18.2023 0
      vertex 68.9449 26.25 0
    endloop
  endfacet
  facet normal 0 0 -1
    outer loop
      vertex 48.532 18.3662 0
      vertex 68.9449 26.25 0
      vertex 48.8056 18.2023 0
    endloop
  endfacet
  facet normal 0 0 -1
    outer loop
      vertex 48.2437 18.5026 0
      vertex 68.9449 26.25 0
      vertex 48.532 18.3662 0
    endloop
  endfacet
  facet normal 0 0 -1
    outer loop
      vertex 47.9434 18.6101 0
      vertex 68.9449 26.25 0
      vertex 48.2437 18.5026 0
    endloop
  endfacet
  facet normal 0 0 -1
    outer loop
      vertex 47.634 18.6876 0
      vertex 68.9449 26.25 0
      vertex 47.9434 18.6101 0
    endloop
  endfacet
  facet normal 0 0 -1
    outer loop
      vertex 47.3186 18.7344 0
      vertex 68.9449 26.25 0
      vertex 47.634 18.6876 0
    endloop
  endfacet
  facet normal 0 0 -1
    outer loop
      vertex 47 18.75 0
      vertex 68.9449 26.25 0
      vertex 47.3186 18.7344 0
    endloop
  endfacet
  facet normal 0 0 -1
    outer loop
      vertex 46.6814 18.7344 0
      vertex 68.9449 26.25 0
      vertex 47 18.75 0
    endloop
  endfacet
  facet normal 0 0 -1
    outer loop
      vertex 13.0551 26.25 0
      vertex 46.6814 18.7344 0
      vertex 46.366 18.6876 0
    endloop
  endfacet
  facet normal 0 0 -1
    outer loop
      vertex 13.0551 26.25 0
      vertex 46.366 18.6876 0
      vertex 46.0566 18.6101 0
    endloop
  endfacet
  facet normal 0 0 -1
    outer loop
      vertex 39 17.1 0
      vertex 44.2977 17.3056 0
      vertex 44.1745 17.1 0
    endloop
  endfacet
  facet normal 0 0 -1
    outer loop
      vertex 39 17.1 0
      vertex 44.4877 17.5618 0
      vertex 44.2977 17.3056 0
    endloop
  endfacet
  facet normal 0 0 -1
    outer loop
      vertex 39 17.1 0
      vertex 44.7019 17.7981 0
      vertex 44.4877 17.5618 0
    endloop
  endfacet
  facet normal 0 0 -1
    outer loop
      vertex 39 17.1 0
      vertex 44.9382 18.0123 0
      vertex 44.7019 17.7981 0
    endloop
  endfacet
  facet normal 0 0 -1
    outer loop
      vertex 39 17.1 0
      vertex 45.1944 18.2023 0
      vertex 44.9382 18.0123 0
    endloop
  endfacet
  facet normal 0 0 -1
    outer loop
      vertex 39 17.1 0
      vertex 45.468 18.3662 0
      vertex 45.1944 18.2023 0
    endloop
  endfacet
  facet normal 0 0 -1
    outer loop
      vertex 39 17.1 0
      vertex 45.7563 18.5026 0
      vertex 45.468 18.3662 0
    endloop
  endfacet
  facet normal 0 0 -1
    outer loop
      vertex 38.8432 17.0923 0
      vertex 45.7563 18.5026 0
      vertex 39 17.1 0
    endloop
  endfacet
  facet normal -0 0 -1
    outer loop
      vertex 45.7563 18.5026 0
      vertex 38.8432 17.0923 0
      vertex 46.0566 18.6101 0
    endloop
  endfacet
  facet normal -0 0 -1
    outer loop
      vertex 46.0566 18.6101 0
      vertex 38.8432 17.0923 0
      vertex 13.0551 26.25 0
    endloop
  endfacet
  facet normal 0 0 -1
    outer loop
      vertex 13.0551 26.25 0
      vertex 38.8432 17.0923 0
      vertex 38.6879 17.0693 0
    endloop
  endfacet
  facet normal 0 0 -1
    outer loop
      vertex 13.0551 26.25 0
      vertex 38.6879 17.0693 0
      vertex 38.5355 17.0311 0
    endloop
  endfacet
  facet normal 0 0 -1
    outer loop
      vertex 37.4077 15.3432 0
      vertex 17 19.5 0
      vertex 37.4 15.5 0
    endloop
  endfacet
  facet normal 0 0 -1
    outer loop
      vertex 37.4 15.5 0
      vertex 17 19.5 0
      vertex 37.4077 15.6568 0
    endloop
  endfacet
  facet normal 0 0 -1
    outer loop
      vertex 37.4077 15.6568 0
      vertex 17 19.5 0
      vertex 37.4307 15.8121 0
    endloop
  endfacet
  facet normal 0 0 -1
    outer loop
      vertex 37.4307 15.8121 0
      vertex 17 19.5 0
      vertex 37.4689 15.9645 0
    endloop
  endfacet
  facet normal 0 0 -1
    outer loop
      vertex 37.4689 15.9645 0
      vertex 17 19.5 0
      vertex 37.5218 16.1123 0
    endloop
  endfacet
  facet normal 0 0 -1
    outer loop
      vertex 37.5218 16.1123 0
      vertex 17 19.5 0
      vertex 37.5889 16.2542 0
    endloop
  endfacet
  facet normal 0 0 -1
    outer loop
      vertex 37.5889 16.2542 0
      vertex 17 19.5 0
      vertex 37.6696 16.3889 0
    endloop
  endfacet
  facet normal 0 0 -1
    outer loop
      vertex 37.6696 16.3889 0
      vertex 17 19.5 0
      vertex 37.7632 16.515 0
    endloop
  endfacet
  facet normal 0 0 -1
    outer loop
      vertex 37.7632 16.515 0
      vertex 17 19.5 0
      vertex 37.8686 16.6314 0
    endloop
  endfacet
  facet normal 0 0 -1
    outer loop
      vertex 37.8686 16.6314 0
      vertex 17 19.5 0
      vertex 37.985 16.7368 0
    endloop
  endfacet
  facet normal 0 0 -1
    outer loop
      vertex 37.985 16.7368 0
      vertex 17 19.5 0
      vertex 38.1111 16.8304 0
    endloop
  endfacet
  facet normal 0 0 -1
    outer loop
      vertex 13.0551 26.25 0
      vertex 38.1111 16.8304 0
      vertex 17 19.5 0
    endloop
  endfacet
  facet normal 0 0 -1
    outer loop
      vertex 38.1111 16.8304 0
      vertex 13.0551 26.25 0
      vertex 38.2458 16.9111 0
    endloop
  endfacet
  facet normal 0 0 -1
    outer loop
      vertex 38.2458 16.9111 0
      vertex 13.0551 26.25 0
      vertex 38.3877 16.9782 0
    endloop
  endfacet
  facet normal 0 0 -1
    outer loop
      vertex 38.3877 16.9782 0
      vertex 13.0551 26.25 0
      vertex 38.5355 17.0311 0
    endloop
  endfacet
  facet normal 0 0 -1
    outer loop
      vertex 46.6814 18.7344 0
      vertex 13.0551 26.25 0
      vertex 68.9449 26.25 0
    endloop
  endfacet
  facet normal 0 0 -1
    outer loop
      vertex 17 19.5 0
      vertex 11.9467 26.1955 0
      vertex 13.0551 26.25 0
    endloop
  endfacet
  facet normal 0 0 -1
    outer loop
      vertex 17 19.5 0
      vertex 10.9033 26.0408 0
      vertex 11.9467 26.1955 0
    endloop
  endfacet
  facet normal 0 0 -1
    outer loop
      vertex 17 19.5 0
      vertex 9.88022 25.7845 0
      vertex 10.9033 26.0408 0
    endloop
  endfacet
  facet normal 0 0 -1
    outer loop
      vertex 17 19.5 0
      vertex 8.88715 25.4292 0
      vertex 9.88022 25.7845 0
    endloop
  endfacet
  facet normal 0 0 -1
    outer loop
      vertex 17 19.5 0
      vertex 8.19118 25.1 0
      vertex 8.88715 25.4292 0
    endloop
  endfacet
  facet normal 0 0 -1
    outer loop
      vertex 5 19.5 0
      vertex 8.19118 25.1 0
      vertex 17 19.5 0
    endloop
  endfacet
  facet normal 0 0 -1
    outer loop
      vertex 8.19118 25.1 0
      vertex 5 19.5 0
      vertex 5.84243 23.5 0
    endloop
  endfacet
  facet normal 0 0 -1
    outer loop
      vertex 5.84243 23.5 0
      vertex 5 19.5 0
      vertex 5.40051 23.0995 0
    endloop
  endfacet
  facet normal 0 0 -1
    outer loop
      vertex 5.40051 23.0995 0
      vertex 5 19.5 0
      vertex 5 22.6576 0
    endloop
  endfacet
  facet normal 0 0 -1
    outer loop
      vertex 3.4 25.1 0
      vertex 5.84243 23.5 0
      vertex 5 23.5 0
    endloop
  endfacet
  facet normal 0 0 -1
    outer loop
      vertex 5 19.5 0
      vertex 3.4 20.3088 0
      vertex 5 22.6576 0
    endloop
  endfacet
  facet normal 0 0 -1
    outer loop
      vertex 3.4 25.1 0
      vertex 5 22.6576 0
      vertex 3.4 20.3088 0
    endloop
  endfacet
  facet normal 0 0 -1
    outer loop
      vertex 5.84243 23.5 0
      vertex 3.4 25.1 0
      vertex 8.19118 25.1 0
    endloop
  endfacet
  facet normal 0 0 -1
    outer loop
      vertex 5 22.6576 0
      vertex 3.4 25.1 0
      vertex 5 23.5 0
    endloop
  endfacet
  facet normal -0.427551 -0.903991 0
    outer loop
      vertex 8.19115 5.9 0
      vertex 8.88715 5.57082 1.6
      vertex 8.19115 5.9 1.6
    endloop
  endfacet
  facet normal -0.427551 -0.903991 -0
    outer loop
      vertex 8.88715 5.57082 1.6
      vertex 8.19115 5.9 0
      vertex 8.88715 5.57082 0
    endloop
  endfacet
  facet normal -0.243009 0.970024 0
    outer loop
      vertex 10.9033 26.0408 0
      vertex 9.88022 25.7845 1.6
      vertex 10.9033 26.0408 1.6
    endloop
  endfacet
  facet normal -0.243009 0.970024 0
    outer loop
      vertex 9.88022 25.7845 1.6
      vertex 10.9033 26.0408 0
      vertex 9.88022 25.7845 0
    endloop
  endfacet
  facet normal 0.0491106 0.998793 -0
    outer loop
      vertex 70.0533 26.1955 0
      vertex 68.9449 26.25 1.6
      vertex 70.0533 26.1955 1.6
    endloop
  endfacet
  facet normal 0.0491106 0.998793 0
    outer loop
      vertex 68.9449 26.25 1.6
      vertex 70.0533 26.1955 0
      vertex 68.9449 26.25 0
    endloop
  endfacet
  facet normal -0.146662 0.989187 0
    outer loop
      vertex 11.9467 26.1955 0
      vertex 10.9033 26.0408 1.6
      vertex 11.9467 26.1955 1.6
    endloop
  endfacet
  facet normal -0.146662 0.989187 0
    outer loop
      vertex 10.9033 26.0408 1.6
      vertex 11.9467 26.1955 0
      vertex 10.9033 26.0408 0
    endloop
  endfacet
  facet normal 0.740956 -0.671553 0
    outer loop
      vertex 77.3077 8.68193 1.6
      vertex 77 8.34243 0.49
      vertex 77.3077 8.68193 0
    endloop
  endfacet
  facet normal 0.740969 -0.671539 -7.71743e-06
    outer loop
      vertex 76.5995 7.90051 1.6
      vertex 77 8.34243 0.49
      vertex 77.3077 8.68193 1.6
    endloop
  endfacet
  facet normal 0.740979 -0.671529 0
    outer loop
      vertex 77 8.34243 0.49
      vertex 76.5995 7.90051 1.6
      vertex 76.5995 7.90051 0.49
    endloop
  endfacet
  facet normal 0.740956 -0.671553 0
    outer loop
      vertex 77.3077 8.68193 0
      vertex 77 8.34243 0.49
      vertex 77 8.34243 0
    endloop
  endfacet
  facet normal -0.146746 -0.989174 0
    outer loop
      vertex 10.9033 4.95923 0
      vertex 11.9467 4.80444 1.6
      vertex 10.9033 4.95923 1.6
    endloop
  endfacet
  facet normal -0.146746 -0.989174 -0
    outer loop
      vertex 11.9467 4.80444 1.6
      vertex 10.9033 4.95923 0
      vertex 11.9467 4.80444 0
    endloop
  endfacet
  facet normal -0.941532 0.336923 0
    outer loop
      vertex 2.71548 18.6198 0
      vertex 3.07082 19.6128 1.6
      vertex 3.07082 19.6128 0
    endloop
  endfacet
  facet normal -0.941532 0.336923 0
    outer loop
      vertex 3.07082 19.6128 1.6
      vertex 2.71548 18.6198 0
      vertex 2.71548 18.6198 1.6
    endloop
  endfacet
  facet normal -0.970036 -0.242959 0
    outer loop
      vertex 2.71548 12.3802 0
      vertex 2.45923 13.4033 1.6
      vertex 2.45923 13.4033 0
    endloop
  endfacet
  facet normal -0.970036 -0.242959 0
    outer loop
      vertex 2.45923 13.4033 1.6
      vertex 2.71548 12.3802 0
      vertex 2.71548 12.3802 1.6
    endloop
  endfacet
  facet normal -0.989174 -0.146746 0
    outer loop
      vertex 2.45923 13.4033 0
      vertex 2.30444 14.4467 1.6
      vertex 2.30444 14.4467 0
    endloop
  endfacet
  facet normal -0.989174 -0.146746 0
    outer loop
      vertex 2.30444 14.4467 1.6
      vertex 2.45923 13.4033 0
      vertex 2.45923 13.4033 1.6
    endloop
  endfacet
  facet normal -0.998796 -0.0490627 0
    outer loop
      vertex 2.30444 14.4467 0
      vertex 2.2527 15.5 1.6
      vertex 2.2527 15.5 0
    endloop
  endfacet
  facet normal -0.998796 -0.0490627 0
    outer loop
      vertex 2.2527 15.5 1.6
      vertex 2.30444 14.4467 0
      vertex 2.30444 14.4467 1.6
    endloop
  endfacet
  facet normal -0.671555 -0.740955 0
    outer loop
      vertex 5.40051 7.90051 0.49
      vertex 5.84241 7.5 1.6
      vertex 5.40051 7.90051 1.6
    endloop
  endfacet
  facet normal -0.671555 -0.740955 -0
    outer loop
      vertex 5.84241 7.5 1.6
      vertex 5.40051 7.90051 0.49
      vertex 5.84241 7.5 0.49
    endloop
  endfacet
  facet normal -0.336902 -0.94154 0
    outer loop
      vertex 8.88715 5.57082 0
      vertex 9.88022 5.21548 1.6
      vertex 8.88715 5.57082 1.6
    endloop
  endfacet
  facet normal -0.336902 -0.94154 -0
    outer loop
      vertex 9.88022 5.21548 1.6
      vertex 8.88715 5.57082 0
      vertex 9.88022 5.21548 0
    endloop
  endfacet
  facet normal 0.671549 0.74096 -0
    outer loop
      vertex 76.5995 23.0995 0
      vertex 75.8181 23.8077 1.6
      vertex 76.5995 23.0995 1.6
    endloop
  endfacet
  facet normal 0.671549 0.74096 0
    outer loop
      vertex 75.8181 23.8077 1.6
      vertex 76.5995 23.0995 0
      vertex 75.8181 23.8077 0
    endloop
  endfacet
  facet normal 0.514091 0.857735 -0
    outer loop
      vertex 74.9709 24.436 0
      vertex 74.0661 24.9783 1.6
      vertex 74.9709 24.436 1.6
    endloop
  endfacet
  facet normal 0.514091 0.857735 0
    outer loop
      vertex 74.0661 24.9783 1.6
      vertex 74.9709 24.436 0
      vertex 74.0661 24.9783 0
    endloop
  endfacet
  facet normal 0.970025 0.243004 0
    outer loop
      vertex 79.5408 17.5967 1.6
      vertex 79.2845 18.6198 0
      vertex 79.2845 18.6198 1.6
    endloop
  endfacet
  facet normal 0.970025 0.243004 0
    outer loop
      vertex 79.2845 18.6198 0
      vertex 79.5408 17.5967 1.6
      vertex 79.5408 17.5967 0
    endloop
  endfacet
  facet normal 0.998793 -0.0491194 0
    outer loop
      vertex 79.6955 14.4467 1.6
      vertex 79.7473 15.5 0
      vertex 79.7473 15.5 1.6
    endloop
  endfacet
  facet normal 0.998793 -0.0491194 0
    outer loop
      vertex 79.7473 15.5 0
      vertex 79.6955 14.4467 1.6
      vertex 79.6955 14.4467 0
    endloop
  endfacet
  facet normal 0.903964 -0.427609 0
    outer loop
      vertex 78.4783 10.4339 1.6
      vertex 78.9292 11.3871 0
      vertex 78.9292 11.3871 1.6
    endloop
  endfacet
  facet normal 0.903964 -0.427609 0
    outer loop
      vertex 78.9292 11.3871 0
      vertex 78.4783 10.4339 1.6
      vertex 78.4783 10.4339 0
    endloop
  endfacet
  facet normal 0.671564 -0.740946 -7.11001e-06
    outer loop
      vertex 75.8181 7.19228 1.6
      vertex 76.1576 7.5 0.49
      vertex 76.5995 7.90051 1.6
    endloop
  endfacet
  facet normal 0.671577 -0.740935 0
    outer loop
      vertex 75.8181 7.19228 0
      vertex 76.1576 7.5 0.49
      vertex 75.8181 7.19228 1.6
    endloop
  endfacet
  facet normal 0.671577 -0.740935 0
    outer loop
      vertex 76.1576 7.5 0.49
      vertex 75.8181 7.19228 0
      vertex 76.1576 7.5 0
    endloop
  endfacet
  facet normal 0.671555 -0.740955 0
    outer loop
      vertex 76.5995 7.90051 1.6
      vertex 76.1576 7.5 0.49
      vertex 76.5995 7.90051 0.49
    endloop
  endfacet
  facet normal -0.989174 0.146746 0
    outer loop
      vertex 2.30444 16.5533 0
      vertex 2.45923 17.5967 1.6
      vertex 2.45923 17.5967 0
    endloop
  endfacet
  facet normal -0.989174 0.146746 0
    outer loop
      vertex 2.45923 17.5967 1.6
      vertex 2.30444 16.5533 0
      vertex 2.30444 16.5533 1.6
    endloop
  endfacet
  facet normal -0.970036 0.242959 0
    outer loop
      vertex 2.45923 17.5967 0
      vertex 2.71548 18.6198 1.6
      vertex 2.71548 18.6198 0
    endloop
  endfacet
  facet normal -0.970036 0.242959 0
    outer loop
      vertex 2.71548 18.6198 1.6
      vertex 2.45923 17.5967 0
      vertex 2.45923 17.5967 1.6
    endloop
  endfacet
  facet normal -0.903991 0.427551 0
    outer loop
      vertex 3.07082 19.6128 0
      vertex 3.4 20.3088 1.6
      vertex 3.4 20.3088 0
    endloop
  endfacet
  facet normal -0.903991 0.427551 0
    outer loop
      vertex 3.4 20.3088 1.6
      vertex 3.07082 19.6128 0
      vertex 3.07082 19.6128 1.6
    endloop
  endfacet
  facet normal -0.740955 0.671555 0
    outer loop
      vertex 5 22.6576 0
      vertex 5.40051 23.0995 1.6
      vertex 5.40051 23.0995 0
    endloop
  endfacet
  facet normal -0.740955 0.671555 0
    outer loop
      vertex 5.40051 23.0995 1.6
      vertex 5 22.6576 0
      vertex 5 22.6576 1.6
    endloop
  endfacet
  facet normal -0.671529 0.740979 0
    outer loop
      vertex 5.84243 23.5 0
      vertex 5.40051 23.0995 1.6
      vertex 5.84243 23.5 1.6
    endloop
  endfacet
  facet normal -0.671529 0.740979 0
    outer loop
      vertex 5.40051 23.0995 1.6
      vertex 5.84243 23.5 0
      vertex 5.40051 23.0995 0
    endloop
  endfacet
  facet normal -0.427588 0.903974 0
    outer loop
      vertex 8.88715 25.4292 0
      vertex 8.19118 25.1 1.6
      vertex 8.88715 25.4292 1.6
    endloop
  endfacet
  facet normal -0.427588 0.903974 0
    outer loop
      vertex 8.19118 25.1 1.6
      vertex 8.88715 25.4292 0
      vertex 8.19118 25.1 0
    endloop
  endfacet
  facet normal -0.336868 0.941552 0
    outer loop
      vertex 9.88022 25.7845 0
      vertex 8.88715 25.4292 1.6
      vertex 9.88022 25.7845 1.6
    endloop
  endfacet
  facet normal -0.336868 0.941552 0
    outer loop
      vertex 8.88715 25.4292 1.6
      vertex 9.88022 25.7845 0
      vertex 8.88715 25.4292 0
    endloop
  endfacet
  facet normal -0.903991 -0.427551 0
    outer loop
      vertex 3.4 10.6911 0
      vertex 3.07082 11.3871 1.6
      vertex 3.07082 11.3871 0
    endloop
  endfacet
  facet normal -0.903991 -0.427551 0
    outer loop
      vertex 3.07082 11.3871 1.6
      vertex 3.4 10.6911 0
      vertex 3.4 10.6911 1.6
    endloop
  endfacet
  facet normal -0.740955 -0.671555 0
    outer loop
      vertex 5.40051 7.90051 0.49
      vertex 5 8.34241 1.6
      vertex 5 8.34241 0.49
    endloop
  endfacet
  facet normal -0.740955 -0.671555 0
    outer loop
      vertex 5 8.34241 1.6
      vertex 5.40051 7.90051 0.49
      vertex 5.40051 7.90051 1.6
    endloop
  endfacet
  facet normal 0.243004 0.970025 -0
    outer loop
      vertex 72.1198 25.7845 0
      vertex 71.0967 26.0408 1.6
      vertex 72.1198 25.7845 1.6
    endloop
  endfacet
  facet normal 0.243004 0.970025 0
    outer loop
      vertex 71.0967 26.0408 1.6
      vertex 72.1198 25.7845 0
      vertex 71.0967 26.0408 0
    endloop
  endfacet
  facet normal 0.146662 0.989187 -0
    outer loop
      vertex 71.0967 26.0408 0
      vertex 70.0533 26.1955 1.6
      vertex 71.0967 26.0408 1.6
    endloop
  endfacet
  facet normal 0.146662 0.989187 0
    outer loop
      vertex 70.0533 26.1955 1.6
      vertex 71.0967 26.0408 0
      vertex 70.0533 26.1955 0
    endloop
  endfacet
  facet normal 0.595683 0.803219 -0
    outer loop
      vertex 75.8181 23.8077 0
      vertex 74.9709 24.436 1.6
      vertex 75.8181 23.8077 1.6
    endloop
  endfacet
  facet normal 0.595683 0.803219 0
    outer loop
      vertex 74.9709 24.436 1.6
      vertex 75.8181 23.8077 0
      vertex 74.9709 24.436 0
    endloop
  endfacet
  facet normal 0.803219 0.595683 0
    outer loop
      vertex 77.936 21.4709 1.6
      vertex 77.3077 22.3181 0
      vertex 77.3077 22.3181 1.6
    endloop
  endfacet
  facet normal 0.803219 0.595683 0
    outer loop
      vertex 77.3077 22.3181 0
      vertex 77.936 21.4709 1.6
      vertex 77.936 21.4709 0
    endloop
  endfacet
  facet normal 0.857735 0.514091 0
    outer loop
      vertex 78.4783 20.5661 1.6
      vertex 77.936 21.4709 0
      vertex 77.936 21.4709 1.6
    endloop
  endfacet
  facet normal 0.857735 0.514091 0
    outer loop
      vertex 77.936 21.4709 0
      vertex 78.4783 20.5661 1.6
      vertex 78.4783 20.5661 0
    endloop
  endfacet
  facet normal 0.989187 0.146662 0
    outer loop
      vertex 79.6955 16.5533 1.6
      vertex 79.5408 17.5967 0
      vertex 79.5408 17.5967 1.6
    endloop
  endfacet
  facet normal 0.989187 0.146662 0
    outer loop
      vertex 79.5408 17.5967 0
      vertex 79.6955 16.5533 1.6
      vertex 79.6955 16.5533 0
    endloop
  endfacet
  facet normal 0.989187 -0.146662 0
    outer loop
      vertex 79.5408 13.4033 1.6
      vertex 79.6955 14.4467 0
      vertex 79.6955 14.4467 1.6
    endloop
  endfacet
  facet normal 0.989187 -0.146662 0
    outer loop
      vertex 79.6955 14.4467 0
      vertex 79.5408 13.4033 1.6
      vertex 79.5408 13.4033 0
    endloop
  endfacet
  facet normal 0.998793 0.0491194 0
    outer loop
      vertex 79.7473 15.5 1.6
      vertex 79.6955 16.5533 0
      vertex 79.6955 16.5533 1.6
    endloop
  endfacet
  facet normal 0.998793 0.0491194 0
    outer loop
      vertex 79.6955 16.5533 0
      vertex 79.7473 15.5 1.6
      vertex 79.7473 15.5 0
    endloop
  endfacet
  facet normal 0.857728 -0.514104 0
    outer loop
      vertex 77.936 9.52913 1.6
      vertex 78.4783 10.4339 0
      vertex 78.4783 10.4339 1.6
    endloop
  endfacet
  facet normal 0.857728 -0.514104 0
    outer loop
      vertex 78.4783 10.4339 0
      vertex 77.936 9.52913 1.6
      vertex 77.936 9.52913 0
    endloop
  endfacet
  facet normal 0.595702 -0.803206 0
    outer loop
      vertex 74.9709 6.56395 0
      vertex 75.8181 7.19228 1.6
      vertex 74.9709 6.56395 1.6
    endloop
  endfacet
  facet normal 0.595702 -0.803206 0
    outer loop
      vertex 75.8181 7.19228 1.6
      vertex 74.9709 6.56395 0
      vertex 75.8181 7.19228 0
    endloop
  endfacet
  facet normal 0.74096 0.671549 0
    outer loop
      vertex 77.3077 22.3181 1.6
      vertex 76.5995 23.0995 0
      vertex 76.5995 23.0995 1.6
    endloop
  endfacet
  facet normal 0.74096 0.671549 0
    outer loop
      vertex 76.5995 23.0995 0
      vertex 77.3077 22.3181 1.6
      vertex 77.3077 22.3181 0
    endloop
  endfacet
  facet normal 0.427573 0.903981 -0
    outer loop
      vertex 74.0661 24.9783 0
      vertex 73.1128 25.4292 1.6
      vertex 74.0661 24.9783 1.6
    endloop
  endfacet
  facet normal 0.427573 0.903981 0
    outer loop
      vertex 73.1128 25.4292 1.6
      vertex 74.0661 24.9783 0
      vertex 73.1128 25.4292 0
    endloop
  endfacet
  facet normal 0.903981 0.427573 0
    outer loop
      vertex 78.9292 19.6128 1.6
      vertex 78.4783 20.5661 0
      vertex 78.4783 20.5661 1.6
    endloop
  endfacet
  facet normal 0.903981 0.427573 0
    outer loop
      vertex 78.4783 20.5661 0
      vertex 78.9292 19.6128 1.6
      vertex 78.9292 19.6128 0
    endloop
  endfacet
  facet normal 0.941544 0.336889 0
    outer loop
      vertex 79.2845 18.6198 1.6
      vertex 78.9292 19.6128 0
      vertex 78.9292 19.6128 1.6
    endloop
  endfacet
  facet normal 0.941544 0.336889 0
    outer loop
      vertex 78.9292 19.6128 0
      vertex 79.2845 18.6198 1.6
      vertex 79.2845 18.6198 0
    endloop
  endfacet
  facet normal 0.51407 -0.857748 0
    outer loop
      vertex 74.0661 6.02168 0
      vertex 74.9709 6.56395 1.6
      vertex 74.0661 6.02168 1.6
    endloop
  endfacet
  facet normal 0.51407 -0.857748 0
    outer loop
      vertex 74.9709 6.56395 1.6
      vertex 74.0661 6.02168 0
      vertex 74.9709 6.56395 0
    endloop
  endfacet
  facet normal -0.595677 -0.803224 0
    outer loop
      vertex 48.8056 18.2023 0
      vertex 49.0618 18.0123 1.6
      vertex 48.8056 18.2023 1.6
    endloop
  endfacet
  facet normal -0.595677 -0.803224 -0
    outer loop
      vertex 49.0618 18.0123 1.6
      vertex 48.8056 18.2023 0
      vertex 49.0618 18.0123 0
    endloop
  endfacet
  facet normal 0.427668 -0.903936 0
    outer loop
      vertex 45.468 18.3662 0
      vertex 45.7563 18.5026 1.6
      vertex 45.468 18.3662 1.6
    endloop
  endfacet
  facet normal 0.427668 -0.903936 0
    outer loop
      vertex 45.7563 18.5026 1.6
      vertex 45.468 18.3662 0
      vertex 45.7563 18.5026 0
    endloop
  endfacet
  facet normal 0.337031 0.941493 -0
    outer loop
      vertex 46.0566 12.3899 0
      vertex 45.7563 12.4974 1.6
      vertex 46.0566 12.3899 1.6
    endloop
  endfacet
  facet normal 0.337031 0.941493 0
    outer loop
      vertex 45.7563 12.4974 1.6
      vertex 46.0566 12.3899 0
      vertex 45.7563 12.4974 0
    endloop
  endfacet
  facet normal -0.903936 -0.427668 0
    outer loop
      vertex 50.0026 16.7437 0
      vertex 49.8662 17.032 1.6
      vertex 49.8662 17.032 0
    endloop
  endfacet
  facet normal -0.903936 -0.427668 0
    outer loop
      vertex 49.8662 17.032 1.6
      vertex 50.0026 16.7437 0
      vertex 50.0026 16.7437 1.6
    endloop
  endfacet
  facet normal -0.857852 -0.513896 0
    outer loop
      vertex 49.8662 17.032 0
      vertex 49.7023 17.3056 1.6
      vertex 49.7023 17.3056 0
    endloop
  endfacet
  facet normal -0.857852 -0.513896 0
    outer loop
      vertex 49.7023 17.3056 1.6
      vertex 49.8662 17.032 0
      vertex 49.8662 17.032 1.6
    endloop
  endfacet
  facet normal -0.337031 -0.941493 0
    outer loop
      vertex 47.9434 18.6101 0
      vertex 48.2437 18.5026 1.6
      vertex 47.9434 18.6101 1.6
    endloop
  endfacet
  facet normal -0.337031 -0.941493 -0
    outer loop
      vertex 48.2437 18.5026 1.6
      vertex 47.9434 18.6101 0
      vertex 48.2437 18.5026 0
    endloop
  endfacet
  facet normal -0.0489056 -0.998803 0
    outer loop
      vertex 47 18.75 0
      vertex 47.3186 18.7344 1.6
      vertex 47 18.75 1.6
    endloop
  endfacet
  facet normal -0.0489056 -0.998803 -0
    outer loop
      vertex 47.3186 18.7344 1.6
      vertex 47 18.75 0
      vertex 47.3186 18.7344 0
    endloop
  endfacet
  facet normal 0.803224 -0.595677 0
    outer loop
      vertex 44.2977 17.3056 1.6
      vertex 44.4877 17.5618 0
      vertex 44.4877 17.5618 1.6
    endloop
  endfacet
  facet normal 0.803224 -0.595677 0
    outer loop
      vertex 44.4877 17.5618 0
      vertex 44.2977 17.3056 1.6
      vertex 44.2977 17.3056 0
    endloop
  endfacet
  facet normal 0.242978 -0.970032 0
    outer loop
      vertex 46.0566 18.6101 0
      vertex 46.366 18.6876 1.6
      vertex 46.0566 18.6101 1.6
    endloop
  endfacet
  facet normal 0.242978 -0.970032 0
    outer loop
      vertex 46.366 18.6876 1.6
      vertex 46.0566 18.6101 0
      vertex 46.366 18.6876 0
    endloop
  endfacet
  facet normal -0.998803 0.0489056 0
    outer loop
      vertex 50.2344 15.1814 0
      vertex 50.25 15.5 1.6
      vertex 50.25 15.5 0
    endloop
  endfacet
  facet normal -0.998803 0.0489056 0
    outer loop
      vertex 50.25 15.5 1.6
      vertex 50.2344 15.1814 0
      vertex 50.2344 15.1814 1.6
    endloop
  endfacet
  facet normal -0.803224 0.595677 0
    outer loop
      vertex 49.5123 13.4382 0
      vertex 49.7023 13.6944 1.6
      vertex 49.7023 13.6944 0
    endloop
  endfacet
  facet normal -0.803224 0.595677 0
    outer loop
      vertex 49.7023 13.6944 1.6
      vertex 49.5123 13.4382 0
      vertex 49.5123 13.4382 1.6
    endloop
  endfacet
  facet normal 0.0489056 0.998803 -0
    outer loop
      vertex 47 12.25 0
      vertex 46.6814 12.2656 1.6
      vertex 47 12.25 1.6
    endloop
  endfacet
  facet normal 0.0489056 0.998803 0
    outer loop
      vertex 46.6814 12.2656 1.6
      vertex 47 12.25 0
      vertex 46.6814 12.2656 0
    endloop
  endfacet
  facet normal 0.595677 0.803224 -0
    outer loop
      vertex 45.1944 12.7977 0
      vertex 44.9382 12.9877 1.6
      vertex 45.1944 12.7977 1.6
    endloop
  endfacet
  facet normal 0.595677 0.803224 0
    outer loop
      vertex 44.9382 12.9877 1.6
      vertex 45.1944 12.7977 0
      vertex 44.9382 12.9877 0
    endloop
  endfacet
  facet normal 0.740904 0.671611 0
    outer loop
      vertex 44.7019 13.2019 1.6
      vertex 44.4877 13.4382 0
      vertex 44.4877 13.4382 1.6
    endloop
  endfacet
  facet normal 0.740904 0.671611 0
    outer loop
      vertex 44.4877 13.4382 0
      vertex 44.7019 13.2019 1.6
      vertex 44.7019 13.2019 0
    endloop
  endfacet
  facet normal -0.98917 -0.146776 0
    outer loop
      vertex 50.2344 15.8186 0
      vertex 50.1876 16.134 1.6
      vertex 50.1876 16.134 0
    endloop
  endfacet
  facet normal -0.98917 -0.146776 0
    outer loop
      vertex 50.1876 16.134 1.6
      vertex 50.2344 15.8186 0
      vertex 50.2344 15.8186 1.6
    endloop
  endfacet
  facet normal -0.970032 -0.242978 0
    outer loop
      vertex 50.1876 16.134 0
      vertex 50.1101 16.4434 1.6
      vertex 50.1101 16.4434 0
    endloop
  endfacet
  facet normal -0.970032 -0.242978 0
    outer loop
      vertex 50.1101 16.4434 1.6
      vertex 50.1876 16.134 0
      vertex 50.1876 16.134 1.6
    endloop
  endfacet
  facet normal -0.941493 -0.337031 0
    outer loop
      vertex 50.1101 16.4434 0
      vertex 50.0026 16.7437 1.6
      vertex 50.0026 16.7437 0
    endloop
  endfacet
  facet normal -0.941493 -0.337031 0
    outer loop
      vertex 50.0026 16.7437 1.6
      vertex 50.1101 16.4434 0
      vertex 50.1101 16.4434 1.6
    endloop
  endfacet
  facet normal -0.740904 -0.671611 0
    outer loop
      vertex 49.5123 17.5618 0
      vertex 49.2981 17.7981 1.6
      vertex 49.2981 17.7981 0
    endloop
  endfacet
  facet normal -0.740904 -0.671611 0
    outer loop
      vertex 49.2981 17.7981 1.6
      vertex 49.5123 17.5618 0
      vertex 49.5123 17.5618 1.6
    endloop
  endfacet
  facet normal -0.803224 -0.595677 0
    outer loop
      vertex 49.7023 17.3056 0
      vertex 49.5123 17.5618 1.6
      vertex 49.5123 17.5618 0
    endloop
  endfacet
  facet normal -0.803224 -0.595677 0
    outer loop
      vertex 49.5123 17.5618 1.6
      vertex 49.7023 17.3056 0
      vertex 49.7023 17.3056 1.6
    endloop
  endfacet
  facet normal -0.671611 -0.740904 0
    outer loop
      vertex 49.0618 18.0123 0
      vertex 49.2981 17.7981 1.6
      vertex 49.0618 18.0123 1.6
    endloop
  endfacet
  facet normal -0.671611 -0.740904 -0
    outer loop
      vertex 49.2981 17.7981 1.6
      vertex 49.0618 18.0123 0
      vertex 49.2981 17.7981 0
    endloop
  endfacet
  facet normal -0.513896 -0.857852 0
    outer loop
      vertex 48.532 18.3662 0
      vertex 48.8056 18.2023 1.6
      vertex 48.532 18.3662 1.6
    endloop
  endfacet
  facet normal -0.513896 -0.857852 -0
    outer loop
      vertex 48.8056 18.2023 1.6
      vertex 48.532 18.3662 0
      vertex 48.8056 18.2023 0
    endloop
  endfacet
  facet normal 0.0489056 -0.998803 0
    outer loop
      vertex 46.6814 18.7344 0
      vertex 47 18.75 1.6
      vertex 46.6814 18.7344 1.6
    endloop
  endfacet
  facet normal 0.0489056 -0.998803 0
    outer loop
      vertex 47 18.75 1.6
      vertex 46.6814 18.7344 0
      vertex 47 18.75 0
    endloop
  endfacet
  facet normal -0.427668 -0.903936 0
    outer loop
      vertex 48.2437 18.5026 0
      vertex 48.532 18.3662 1.6
      vertex 48.2437 18.5026 1.6
    endloop
  endfacet
  facet normal -0.427668 -0.903936 -0
    outer loop
      vertex 48.532 18.3662 1.6
      vertex 48.2437 18.5026 0
      vertex 48.532 18.3662 0
    endloop
  endfacet
  facet normal -0.242978 -0.970032 0
    outer loop
      vertex 47.634 18.6876 0
      vertex 47.9434 18.6101 1.6
      vertex 47.634 18.6876 1.6
    endloop
  endfacet
  facet normal -0.242978 -0.970032 -0
    outer loop
      vertex 47.9434 18.6101 1.6
      vertex 47.634 18.6876 0
      vertex 47.9434 18.6101 0
    endloop
  endfacet
  facet normal -0.146776 -0.98917 0
    outer loop
      vertex 47.3186 18.7344 0
      vertex 47.634 18.6876 1.6
      vertex 47.3186 18.7344 1.6
    endloop
  endfacet
  facet normal -0.146776 -0.98917 -0
    outer loop
      vertex 47.634 18.6876 1.6
      vertex 47.3186 18.7344 0
      vertex 47.634 18.6876 0
    endloop
  endfacet
  facet normal 0.857787 -0.514005 0
    outer loop
      vertex 44.1745 17.1 1.6
      vertex 44.2977 17.3056 0
      vertex 44.2977 17.3056 1.6
    endloop
  endfacet
  facet normal 0.857787 -0.514005 0
    outer loop
      vertex 44.2977 17.3056 0
      vertex 44.1745 17.1 1.6
      vertex 44.1745 17.1 0
    endloop
  endfacet
  facet normal 0.337031 -0.941493 0
    outer loop
      vertex 45.7563 18.5026 0
      vertex 46.0566 18.6101 1.6
      vertex 45.7563 18.5026 1.6
    endloop
  endfacet
  facet normal 0.337031 -0.941493 0
    outer loop
      vertex 46.0566 18.6101 1.6
      vertex 45.7563 18.5026 0
      vertex 46.0566 18.6101 0
    endloop
  endfacet
  facet normal 0.146776 -0.98917 0
    outer loop
      vertex 46.366 18.6876 0
      vertex 46.6814 18.7344 1.6
      vertex 46.366 18.6876 1.6
    endloop
  endfacet
  facet normal 0.146776 -0.98917 0
    outer loop
      vertex 46.6814 18.7344 1.6
      vertex 46.366 18.6876 0
      vertex 46.6814 18.7344 0
    endloop
  endfacet
  facet normal 0.595677 -0.803224 0
    outer loop
      vertex 44.9382 18.0123 0
      vertex 45.1944 18.2023 1.6
      vertex 44.9382 18.0123 1.6
    endloop
  endfacet
  facet normal 0.595677 -0.803224 0
    outer loop
      vertex 45.1944 18.2023 1.6
      vertex 44.9382 18.0123 0
      vertex 45.1944 18.2023 0
    endloop
  endfacet
  facet normal 0.671611 -0.740904 0
    outer loop
      vertex 44.7019 17.7981 0
      vertex 44.9382 18.0123 1.6
      vertex 44.7019 17.7981 1.6
    endloop
  endfacet
  facet normal 0.671611 -0.740904 0
    outer loop
      vertex 44.9382 18.0123 1.6
      vertex 44.7019 17.7981 0
      vertex 44.9382 18.0123 0
    endloop
  endfacet
  facet normal 0.513896 -0.857852 0
    outer loop
      vertex 45.1944 18.2023 0
      vertex 45.468 18.3662 1.6
      vertex 45.1944 18.2023 1.6
    endloop
  endfacet
  facet normal 0.513896 -0.857852 0
    outer loop
      vertex 45.468 18.3662 1.6
      vertex 45.1944 18.2023 0
      vertex 45.468 18.3662 0
    endloop
  endfacet
  facet normal 0.740904 -0.671611 0
    outer loop
      vertex 44.4877 17.5618 1.6
      vertex 44.7019 17.7981 0
      vertex 44.7019 17.7981 1.6
    endloop
  endfacet
  facet normal 0.740904 -0.671611 0
    outer loop
      vertex 44.7019 17.7981 0
      vertex 44.4877 17.5618 1.6
      vertex 44.4877 17.5618 0
    endloop
  endfacet
  facet normal -0.998803 -0.0489056 0
    outer loop
      vertex 50.25 15.5 0
      vertex 50.2344 15.8186 1.6
      vertex 50.2344 15.8186 0
    endloop
  endfacet
  facet normal -0.998803 -0.0489056 0
    outer loop
      vertex 50.2344 15.8186 1.6
      vertex 50.25 15.5 0
      vertex 50.25 15.5 1.6
    endloop
  endfacet
  facet normal -0.146776 0.98917 0
    outer loop
      vertex 47.634 12.3124 0
      vertex 47.3186 12.2656 1.6
      vertex 47.634 12.3124 1.6
    endloop
  endfacet
  facet normal -0.146776 0.98917 0
    outer loop
      vertex 47.3186 12.2656 1.6
      vertex 47.634 12.3124 0
      vertex 47.3186 12.2656 0
    endloop
  endfacet
  facet normal -0.970032 0.242978 0
    outer loop
      vertex 50.1101 14.5566 0
      vertex 50.1876 14.866 1.6
      vertex 50.1876 14.866 0
    endloop
  endfacet
  facet normal -0.970032 0.242978 0
    outer loop
      vertex 50.1876 14.866 1.6
      vertex 50.1101 14.5566 0
      vertex 50.1101 14.5566 1.6
    endloop
  endfacet
  facet normal -0.242978 0.970032 0
    outer loop
      vertex 47.9434 12.3899 0
      vertex 47.634 12.3124 1.6
      vertex 47.9434 12.3899 1.6
    endloop
  endfacet
  facet normal -0.242978 0.970032 0
    outer loop
      vertex 47.634 12.3124 1.6
      vertex 47.9434 12.3899 0
      vertex 47.634 12.3124 0
    endloop
  endfacet
  facet normal -0.337031 0.941493 0
    outer loop
      vertex 48.2437 12.4974 0
      vertex 47.9434 12.3899 1.6
      vertex 48.2437 12.4974 1.6
    endloop
  endfacet
  facet normal -0.337031 0.941493 0
    outer loop
      vertex 47.9434 12.3899 1.6
      vertex 48.2437 12.4974 0
      vertex 47.9434 12.3899 0
    endloop
  endfacet
  facet normal -0.671611 0.740904 0
    outer loop
      vertex 49.2981 13.2019 0
      vertex 49.0618 12.9877 1.6
      vertex 49.2981 13.2019 1.6
    endloop
  endfacet
  facet normal -0.671611 0.740904 0
    outer loop
      vertex 49.0618 12.9877 1.6
      vertex 49.2981 13.2019 0
      vertex 49.0618 12.9877 0
    endloop
  endfacet
  facet normal -0.513896 0.857852 0
    outer loop
      vertex 48.8056 12.7977 0
      vertex 48.532 12.6338 1.6
      vertex 48.8056 12.7977 1.6
    endloop
  endfacet
  facet normal -0.513896 0.857852 0
    outer loop
      vertex 48.532 12.6338 1.6
      vertex 48.8056 12.7977 0
      vertex 48.532 12.6338 0
    endloop
  endfacet
  facet normal -0.903936 0.427668 0
    outer loop
      vertex 49.8662 13.968 0
      vertex 50.0026 14.2563 1.6
      vertex 50.0026 14.2563 0
    endloop
  endfacet
  facet normal -0.903936 0.427668 0
    outer loop
      vertex 50.0026 14.2563 1.6
      vertex 49.8662 13.968 0
      vertex 49.8662 13.968 1.6
    endloop
  endfacet
  facet normal -0.0489056 0.998803 0
    outer loop
      vertex 47.3186 12.2656 0
      vertex 47 12.25 1.6
      vertex 47.3186 12.2656 1.6
    endloop
  endfacet
  facet normal -0.0489056 0.998803 0
    outer loop
      vertex 47 12.25 1.6
      vertex 47.3186 12.2656 0
      vertex 47 12.25 0
    endloop
  endfacet
  facet normal 0.242978 0.970032 -0
    outer loop
      vertex 46.366 12.3124 0
      vertex 46.0566 12.3899 1.6
      vertex 46.366 12.3124 1.6
    endloop
  endfacet
  facet normal 0.242978 0.970032 0
    outer loop
      vertex 46.0566 12.3899 1.6
      vertex 46.366 12.3124 0
      vertex 46.0566 12.3899 0
    endloop
  endfacet
  facet normal 0.427668 0.903936 -0
    outer loop
      vertex 45.7563 12.4974 0
      vertex 45.468 12.6338 1.6
      vertex 45.7563 12.4974 1.6
    endloop
  endfacet
  facet normal 0.427668 0.903936 0
    outer loop
      vertex 45.468 12.6338 1.6
      vertex 45.7563 12.4974 0
      vertex 45.468 12.6338 0
    endloop
  endfacet
  facet normal 0.857787 0.514005 0
    outer loop
      vertex 44.2977 13.6944 1.6
      vertex 44.1745 13.9 0
      vertex 44.1745 13.9 1.6
    endloop
  endfacet
  facet normal 0.857787 0.514005 0
    outer loop
      vertex 44.1745 13.9 0
      vertex 44.2977 13.6944 1.6
      vertex 44.2977 13.6944 0
    endloop
  endfacet
  facet normal -0.98917 0.146776 0
    outer loop
      vertex 50.1876 14.866 0
      vertex 50.2344 15.1814 1.6
      vertex 50.2344 15.1814 0
    endloop
  endfacet
  facet normal -0.98917 0.146776 0
    outer loop
      vertex 50.2344 15.1814 1.6
      vertex 50.1876 14.866 0
      vertex 50.1876 14.866 1.6
    endloop
  endfacet
  facet normal -0.427668 0.903936 0
    outer loop
      vertex 48.532 12.6338 0
      vertex 48.2437 12.4974 1.6
      vertex 48.532 12.6338 1.6
    endloop
  endfacet
  facet normal -0.427668 0.903936 0
    outer loop
      vertex 48.2437 12.4974 1.6
      vertex 48.532 12.6338 0
      vertex 48.2437 12.4974 0
    endloop
  endfacet
  facet normal -0.740904 0.671611 0
    outer loop
      vertex 49.2981 13.2019 0
      vertex 49.5123 13.4382 1.6
      vertex 49.5123 13.4382 0
    endloop
  endfacet
  facet normal -0.740904 0.671611 0
    outer loop
      vertex 49.5123 13.4382 1.6
      vertex 49.2981 13.2019 0
      vertex 49.2981 13.2019 1.6
    endloop
  endfacet
  facet normal -0.595677 0.803224 0
    outer loop
      vertex 49.0618 12.9877 0
      vertex 48.8056 12.7977 1.6
      vertex 49.0618 12.9877 1.6
    endloop
  endfacet
  facet normal -0.595677 0.803224 0
    outer loop
      vertex 48.8056 12.7977 1.6
      vertex 49.0618 12.9877 0
      vertex 48.8056 12.7977 0
    endloop
  endfacet
  facet normal -0.941493 0.337031 0
    outer loop
      vertex 50.0026 14.2563 0
      vertex 50.1101 14.5566 1.6
      vertex 50.1101 14.5566 0
    endloop
  endfacet
  facet normal -0.941493 0.337031 0
    outer loop
      vertex 50.1101 14.5566 1.6
      vertex 50.0026 14.2563 0
      vertex 50.0026 14.2563 1.6
    endloop
  endfacet
  facet normal -0.857852 0.513896 0
    outer loop
      vertex 49.7023 13.6944 0
      vertex 49.8662 13.968 1.6
      vertex 49.8662 13.968 0
    endloop
  endfacet
  facet normal -0.857852 0.513896 0
    outer loop
      vertex 49.8662 13.968 1.6
      vertex 49.7023 13.6944 0
      vertex 49.7023 13.6944 1.6
    endloop
  endfacet
  facet normal 0.146776 0.98917 -0
    outer loop
      vertex 46.6814 12.2656 0
      vertex 46.366 12.3124 1.6
      vertex 46.6814 12.2656 1.6
    endloop
  endfacet
  facet normal 0.146776 0.98917 0
    outer loop
      vertex 46.366 12.3124 1.6
      vertex 46.6814 12.2656 0
      vertex 46.366 12.3124 0
    endloop
  endfacet
  facet normal 0.513896 0.857852 -0
    outer loop
      vertex 45.468 12.6338 0
      vertex 45.1944 12.7977 1.6
      vertex 45.468 12.6338 1.6
    endloop
  endfacet
  facet normal 0.513896 0.857852 0
    outer loop
      vertex 45.1944 12.7977 1.6
      vertex 45.468 12.6338 0
      vertex 45.1944 12.7977 0
    endloop
  endfacet
  facet normal 0.803224 0.595677 0
    outer loop
      vertex 44.4877 13.4382 1.6
      vertex 44.2977 13.6944 0
      vertex 44.2977 13.6944 1.6
    endloop
  endfacet
  facet normal 0.803224 0.595677 0
    outer loop
      vertex 44.2977 13.6944 0
      vertex 44.4877 13.4382 1.6
      vertex 44.4877 13.4382 0
    endloop
  endfacet
  facet normal 0.671611 0.740904 -0
    outer loop
      vertex 44.9382 12.9877 0
      vertex 44.7019 13.2019 1.6
      vertex 44.9382 12.9877 1.6
    endloop
  endfacet
  facet normal 0.671611 0.740904 0
    outer loop
      vertex 44.7019 13.2019 1.6
      vertex 44.9382 12.9877 0
      vertex 44.7019 13.2019 0
    endloop
  endfacet
  facet normal 0.98921 0.146502 0
    outer loop
      vertex 37.4307 15.1879 1.6
      vertex 37.4077 15.3432 0
      vertex 37.4077 15.3432 1.6
    endloop
  endfacet
  facet normal 0.98921 0.146502 0
    outer loop
      vertex 37.4077 15.3432 0
      vertex 37.4307 15.1879 1.6
      vertex 37.4307 15.1879 0
    endloop
  endfacet
  facet normal 0 1 -0
    outer loop
      vertex 44.1745 13.9 0
      vertex 39 13.9 1.6
      vertex 44.1745 13.9 1.6
    endloop
  endfacet
  facet normal 0 1 0
    outer loop
      vertex 39 13.9 1.6
      vertex 44.1745 13.9 0
      vertex 39 13.9 0
    endloop
  endfacet
  facet normal 0 -1 0
    outer loop
      vertex 39 17.1 0
      vertex 44.1745 17.1 1.6
      vertex 39 17.1 1.6
    endloop
  endfacet
  facet normal 0 -1 -0
    outer loop
      vertex 44.1745 17.1 1.6
      vertex 39 17.1 0
      vertex 44.1745 17.1 0
    endloop
  endfacet
  facet normal 0.969993 -0.243135 0
    outer loop
      vertex 37.4307 15.8121 1.6
      vertex 37.4689 15.9645 0
      vertex 37.4689 15.9645 1.6
    endloop
  endfacet
  facet normal 0.969993 -0.243135 0
    outer loop
      vertex 37.4689 15.9645 0
      vertex 37.4307 15.8121 1.6
      vertex 37.4307 15.8121 0
    endloop
  endfacet
  facet normal 0.336982 -0.941511 0
    outer loop
      vertex 38.3877 16.9782 0
      vertex 38.5355 17.0311 1.6
      vertex 38.3877 16.9782 1.6
    endloop
  endfacet
  facet normal 0.336982 -0.941511 0
    outer loop
      vertex 38.5355 17.0311 1.6
      vertex 38.3877 16.9782 0
      vertex 38.5355 17.0311 0
    endloop
  endfacet
  facet normal 0.596019 0.80297 -0
    outer loop
      vertex 38.1111 14.1696 0
      vertex 37.985 14.2632 1.6
      vertex 38.1111 14.1696 1.6
    endloop
  endfacet
  facet normal 0.596019 0.80297 0
    outer loop
      vertex 37.985 14.2632 1.6
      vertex 38.1111 14.1696 0
      vertex 37.985 14.2632 0
    endloop
  endfacet
  facet normal 0.049048 -0.998796 0
    outer loop
      vertex 38.8432 17.0923 0
      vertex 39 17.1 1.6
      vertex 38.8432 17.0923 1.6
    endloop
  endfacet
  facet normal 0.049048 -0.998796 0
    outer loop
      vertex 39 17.1 1.6
      vertex 38.8432 17.0923 0
      vertex 39 17.1 0
    endloop
  endfacet
  facet normal 0.969993 0.243135 0
    outer loop
      vertex 37.4689 15.0355 1.6
      vertex 37.4307 15.1879 0
      vertex 37.4307 15.1879 1.6
    endloop
  endfacet
  facet normal 0.969993 0.243135 0
    outer loop
      vertex 37.4307 15.1879 0
      vertex 37.4689 15.0355 1.6
      vertex 37.4689 15.0355 0
    endloop
  endfacet
  facet normal 0.146502 0.98921 -0
    outer loop
      vertex 38.8432 13.9077 0
      vertex 38.6879 13.9307 1.6
      vertex 38.8432 13.9077 1.6
    endloop
  endfacet
  facet normal 0.146502 0.98921 0
    outer loop
      vertex 38.6879 13.9307 1.6
      vertex 38.8432 13.9077 0
      vertex 38.6879 13.9307 0
    endloop
  endfacet
  facet normal 0.049048 0.998796 -0
    outer loop
      vertex 39 13.9 0
      vertex 38.8432 13.9077 1.6
      vertex 39 13.9 1.6
    endloop
  endfacet
  facet normal 0.049048 0.998796 0
    outer loop
      vertex 38.8432 13.9077 1.6
      vertex 39 13.9 0
      vertex 38.8432 13.9077 0
    endloop
  endfacet
  facet normal 0.904023 0.427484 0
    outer loop
      vertex 37.5889 14.7458 1.6
      vertex 37.5218 14.8877 0
      vertex 37.5218 14.8877 1.6
    endloop
  endfacet
  facet normal 0.904023 0.427484 0
    outer loop
      vertex 37.5218 14.8877 0
      vertex 37.5889 14.7458 1.6
      vertex 37.5889 14.7458 0
    endloop
  endfacet
  facet normal 0.941511 -0.336982 0
    outer loop
      vertex 37.4689 15.9645 1.6
      vertex 37.5218 16.1123 0
      vertex 37.5218 16.1123 1.6
    endloop
  endfacet
  facet normal 0.941511 -0.336982 0
    outer loop
      vertex 37.5218 16.1123 0
      vertex 37.4689 15.9645 1.6
      vertex 37.4689 15.9645 0
    endloop
  endfacet
  facet normal 0.427484 -0.904023 0
    outer loop
      vertex 38.2458 16.9111 0
      vertex 38.3877 16.9782 1.6
      vertex 38.2458 16.9111 1.6
    endloop
  endfacet
  facet normal 0.427484 -0.904023 0
    outer loop
      vertex 38.3877 16.9782 1.6
      vertex 38.2458 16.9111 0
      vertex 38.3877 16.9782 0
    endloop
  endfacet
  facet normal 0.243135 -0.969993 0
    outer loop
      vertex 38.5355 17.0311 0
      vertex 38.6879 17.0693 1.6
      vertex 38.5355 17.0311 1.6
    endloop
  endfacet
  facet normal 0.243135 -0.969993 0
    outer loop
      vertex 38.6879 17.0693 1.6
      vertex 38.5355 17.0311 0
      vertex 38.6879 17.0693 0
    endloop
  endfacet
  facet normal 0.146502 -0.98921 0
    outer loop
      vertex 38.6879 17.0693 0
      vertex 38.8432 17.0923 1.6
      vertex 38.6879 17.0693 1.6
    endloop
  endfacet
  facet normal 0.146502 -0.98921 0
    outer loop
      vertex 38.8432 17.0923 1.6
      vertex 38.6879 17.0693 0
      vertex 38.8432 17.0923 0
    endloop
  endfacet
  facet normal 0.998796 0.049048 0
    outer loop
      vertex 37.4077 15.3432 1.6
      vertex 37.4 15.5 0
      vertex 37.4 15.5 1.6
    endloop
  endfacet
  facet normal 0.998796 0.049048 0
    outer loop
      vertex 37.4 15.5 0
      vertex 37.4077 15.3432 1.6
      vertex 37.4077 15.3432 0
    endloop
  endfacet
  facet normal 0.998796 -0.049048 0
    outer loop
      vertex 37.4 15.5 1.6
      vertex 37.4077 15.6568 0
      vertex 37.4077 15.6568 1.6
    endloop
  endfacet
  facet normal 0.998796 -0.049048 0
    outer loop
      vertex 37.4077 15.6568 0
      vertex 37.4 15.5 1.6
      vertex 37.4 15.5 0
    endloop
  endfacet
  facet normal 0.98921 -0.146502 0
    outer loop
      vertex 37.4077 15.6568 1.6
      vertex 37.4307 15.8121 0
      vertex 37.4307 15.8121 1.6
    endloop
  endfacet
  facet normal 0.98921 -0.146502 0
    outer loop
      vertex 37.4307 15.8121 0
      vertex 37.4077 15.6568 1.6
      vertex 37.4077 15.6568 0
    endloop
  endfacet
  facet normal 0.427484 0.904023 -0
    outer loop
      vertex 38.3877 14.0218 0
      vertex 38.2458 14.0889 1.6
      vertex 38.3877 14.0218 1.6
    endloop
  endfacet
  facet normal 0.427484 0.904023 0
    outer loop
      vertex 38.2458 14.0889 1.6
      vertex 38.3877 14.0218 0
      vertex 38.2458 14.0889 0
    endloop
  endfacet
  facet normal 0.243135 0.969993 -0
    outer loop
      vertex 38.6879 13.9307 0
      vertex 38.5355 13.9689 1.6
      vertex 38.6879 13.9307 1.6
    endloop
  endfacet
  facet normal 0.243135 0.969993 0
    outer loop
      vertex 38.5355 13.9689 1.6
      vertex 38.6879 13.9307 0
      vertex 38.5355 13.9689 0
    endloop
  endfacet
  facet normal 0.741264 0.671213 0
    outer loop
      vertex 37.8686 14.3686 1.6
      vertex 37.7632 14.485 0
      vertex 37.7632 14.485 1.6
    endloop
  endfacet
  facet normal 0.741264 0.671213 0
    outer loop
      vertex 37.7632 14.485 0
      vertex 37.8686 14.3686 1.6
      vertex 37.8686 14.3686 0
    endloop
  endfacet
  facet normal 0.85783 0.513934 0
    outer loop
      vertex 37.6696 14.6111 1.6
      vertex 37.5889 14.7458 0
      vertex 37.5889 14.7458 1.6
    endloop
  endfacet
  facet normal 0.85783 0.513934 0
    outer loop
      vertex 37.5889 14.7458 0
      vertex 37.6696 14.6111 1.6
      vertex 37.6696 14.6111 0
    endloop
  endfacet
  facet normal 0.941511 0.336982 0
    outer loop
      vertex 37.5218 14.8877 1.6
      vertex 37.4689 15.0355 0
      vertex 37.4689 15.0355 1.6
    endloop
  endfacet
  facet normal 0.941511 0.336982 0
    outer loop
      vertex 37.4689 15.0355 0
      vertex 37.5218 14.8877 1.6
      vertex 37.5218 14.8877 0
    endloop
  endfacet
  facet normal 0.741264 -0.671213 0
    outer loop
      vertex 37.7632 16.515 1.6
      vertex 37.8686 16.6314 0
      vertex 37.8686 16.6314 1.6
    endloop
  endfacet
  facet normal 0.741264 -0.671213 0
    outer loop
      vertex 37.8686 16.6314 0
      vertex 37.7632 16.515 1.6
      vertex 37.7632 16.515 0
    endloop
  endfacet
  facet normal 0.904023 -0.427484 0
    outer loop
      vertex 37.5218 16.1123 1.6
      vertex 37.5889 16.2542 0
      vertex 37.5889 16.2542 1.6
    endloop
  endfacet
  facet normal 0.904023 -0.427484 0
    outer loop
      vertex 37.5889 16.2542 0
      vertex 37.5218 16.1123 1.6
      vertex 37.5218 16.1123 0
    endloop
  endfacet
  facet normal 0.85783 -0.513934 0
    outer loop
      vertex 37.5889 16.2542 1.6
      vertex 37.6696 16.3889 0
      vertex 37.6696 16.3889 1.6
    endloop
  endfacet
  facet normal 0.85783 -0.513934 0
    outer loop
      vertex 37.6696 16.3889 0
      vertex 37.5889 16.2542 1.6
      vertex 37.5889 16.2542 0
    endloop
  endfacet
  facet normal 0.513934 -0.85783 0
    outer loop
      vertex 38.1111 16.8304 0
      vertex 38.2458 16.9111 1.6
      vertex 38.1111 16.8304 1.6
    endloop
  endfacet
  facet normal 0.513934 -0.85783 0
    outer loop
      vertex 38.2458 16.9111 1.6
      vertex 38.1111 16.8304 0
      vertex 38.2458 16.9111 0
    endloop
  endfacet
  facet normal 0.671213 -0.741264 0
    outer loop
      vertex 37.8686 16.6314 0
      vertex 37.985 16.7368 1.6
      vertex 37.8686 16.6314 1.6
    endloop
  endfacet
  facet normal 0.671213 -0.741264 0
    outer loop
      vertex 37.985 16.7368 1.6
      vertex 37.8686 16.6314 0
      vertex 37.985 16.7368 0
    endloop
  endfacet
  facet normal 0.596019 -0.80297 0
    outer loop
      vertex 37.985 16.7368 0
      vertex 38.1111 16.8304 1.6
      vertex 37.985 16.7368 1.6
    endloop
  endfacet
  facet normal 0.596019 -0.80297 0
    outer loop
      vertex 38.1111 16.8304 1.6
      vertex 37.985 16.7368 0
      vertex 38.1111 16.8304 0
    endloop
  endfacet
  facet normal 0.513934 0.85783 -0
    outer loop
      vertex 38.2458 14.0889 0
      vertex 38.1111 14.1696 1.6
      vertex 38.2458 14.0889 1.6
    endloop
  endfacet
  facet normal 0.513934 0.85783 0
    outer loop
      vertex 38.1111 14.1696 1.6
      vertex 38.2458 14.0889 0
      vertex 38.1111 14.1696 0
    endloop
  endfacet
  facet normal 0.336982 0.941511 -0
    outer loop
      vertex 38.5355 13.9689 0
      vertex 38.3877 14.0218 1.6
      vertex 38.5355 13.9689 1.6
    endloop
  endfacet
  facet normal 0.336982 0.941511 0
    outer loop
      vertex 38.3877 14.0218 1.6
      vertex 38.5355 13.9689 0
      vertex 38.3877 14.0218 0
    endloop
  endfacet
  facet normal 0.671213 0.741264 -0
    outer loop
      vertex 37.985 14.2632 0
      vertex 37.8686 14.3686 1.6
      vertex 37.985 14.2632 1.6
    endloop
  endfacet
  facet normal 0.671213 0.741264 0
    outer loop
      vertex 37.8686 14.3686 1.6
      vertex 37.985 14.2632 0
      vertex 37.8686 14.3686 0
    endloop
  endfacet
  facet normal 0.80297 0.596019 0
    outer loop
      vertex 37.7632 14.485 1.6
      vertex 37.6696 14.6111 0
      vertex 37.6696 14.6111 1.6
    endloop
  endfacet
  facet normal 0.80297 0.596019 0
    outer loop
      vertex 37.6696 14.6111 0
      vertex 37.7632 14.485 1.6
      vertex 37.7632 14.485 0
    endloop
  endfacet
  facet normal 0.80297 -0.596019 0
    outer loop
      vertex 37.6696 16.3889 1.6
      vertex 37.7632 16.515 0
      vertex 37.7632 16.515 1.6
    endloop
  endfacet
  facet normal 0.80297 -0.596019 0
    outer loop
      vertex 37.7632 16.515 0
      vertex 37.6696 16.3889 1.6
      vertex 37.6696 16.3889 0
    endloop
  endfacet
  facet normal -1 0 0
    outer loop
      vertex 21.7 2.35 0
      vertex 21.7 1.75 2.1
      vertex 21.7 2.35 2.1
    endloop
  endfacet
  facet normal -1 0 0
    outer loop
      vertex 21.7 0.950001 4
      vertex 21.7 1.75 2.1
      vertex 21.7 0.950001 0
    endloop
  endfacet
  facet normal -1 0 0
    outer loop
      vertex 21.7 0.950001 0
      vertex 21.7 1.75 2.1
      vertex 21.7 2.35 0
    endloop
  endfacet
  facet normal -1 0 0
    outer loop
      vertex 21.7 2.35 3.1
      vertex 21.7 1.75 3.1
      vertex 21.7 2.35 3.2
    endloop
  endfacet
  facet normal -1 0 0
    outer loop
      vertex 21.7 2.35 3.2
      vertex 21.7 2.55 4
      vertex 21.7 2.55 3.2
    endloop
  endfacet
  facet normal -1 0 0
    outer loop
      vertex 21.7 1.75 3.1
      vertex 21.7 2.55 4
      vertex 21.7 2.35 3.2
    endloop
  endfacet
  facet normal -1 0 0
    outer loop
      vertex 21.7 1.75 3.1
      vertex 21.7 0.950001 4
      vertex 21.7 2.55 4
    endloop
  endfacet
  facet normal -1 0 0
    outer loop
      vertex 21.7 1.75 2.1
      vertex 21.7 0.950001 4
      vertex 21.7 1.75 3.1
    endloop
  endfacet
  facet normal -0 0 1
    outer loop
      vertex 21.7 2.55 4
      vertex 23.3 0.950001 4
      vertex 23.3 2.55 4
    endloop
  endfacet
  facet normal 0 0 1
    outer loop
      vertex 23.3 0.950001 4
      vertex 21.7 2.55 4
      vertex 21.7 0.950001 4
    endloop
  endfacet
  facet normal 1 -0 0
    outer loop
      vertex 23.3 0.950001 4
      vertex 23.3 2.55 2.4
      vertex 23.3 2.55 4
    endloop
  endfacet
  facet normal 1 0 0
    outer loop
      vertex 23.3 2.55 2.4
      vertex 23.3 0.950001 4
      vertex 23.3 0.950001 2.4
    endloop
  endfacet
  facet normal 0 -1 0
    outer loop
      vertex 21.7 0.950001 4
      vertex 23.3 0.950001 2.4
      vertex 23.3 0.950001 4
    endloop
  endfacet
  facet normal 0 -1 -0
    outer loop
      vertex 23.3 0.950001 2.4
      vertex 21.7 0.950001 0
      vertex 76.2 0.950001 2.4
    endloop
  endfacet
  facet normal 0 -1 0
    outer loop
      vertex 21.7 0.950001 0
      vertex 23.3 0.950001 2.4
      vertex 21.7 0.950001 4
    endloop
  endfacet
  facet normal 0 -1 0
    outer loop
      vertex 76.2 0.950001 2.4
      vertex 77.8 0.950001 4
      vertex 76.2 0.950001 4
    endloop
  endfacet
  facet normal 0 -1 0
    outer loop
      vertex 76.2 0.950001 2.4
      vertex 77.8 0.950001 0
      vertex 77.8 0.950001 4
    endloop
  endfacet
  facet normal 0 -1 0
    outer loop
      vertex 77.8 0.950001 0
      vertex 76.2 0.950001 2.4
      vertex 21.7 0.950001 0
    endloop
  endfacet
  facet normal 0 1 0
    outer loop
      vertex 77.8 2.55 4
      vertex 76.2 2.55 2.4
      vertex 76.2 2.55 4
    endloop
  endfacet
  facet normal 0 1 -0
    outer loop
      vertex 77.8 2.55 0
      vertex 76.2 2.55 2.4
      vertex 77.8 2.55 4
    endloop
  endfacet
  facet normal 0 1 0
    outer loop
      vertex 67.5 2.55 0
      vertex 76.2 2.55 2.4
      vertex 77.8 2.55 0
    endloop
  endfacet
  facet normal 0 1 0
    outer loop
      vertex 76.2 2.55 2.4
      vertex 67.5 2.55 0
      vertex 67.5 2.55 2.4
    endloop
  endfacet
  facet normal 0 1 0
    outer loop
      vertex 59.5 2.55 2.4
      vertex 59.5 2.55 0
      vertex 23.3 2.55 2.4
    endloop
  endfacet
  facet normal 0 1 0
    outer loop
      vertex 23.3 2.55 4
      vertex 22.5 2.55 3.2
      vertex 21.7 2.55 4
    endloop
  endfacet
  facet normal 0 1 -0
    outer loop
      vertex 23.3 2.55 2.4
      vertex 22.5 2.55 3.2
      vertex 23.3 2.55 4
    endloop
  endfacet
  facet normal 0 1 0
    outer loop
      vertex 23.3 2.55 2.4
      vertex 22.5 2.55 0
      vertex 22.5 2.55 3.2
    endloop
  endfacet
  facet normal 0 1 0
    outer loop
      vertex 22.5 2.55 0
      vertex 23.3 2.55 2.4
      vertex 59.5 2.55 0
    endloop
  endfacet
  facet normal 0 1 0
    outer loop
      vertex 21.7 2.55 4
      vertex 22.5 2.55 3.2
      vertex 21.7 2.55 3.2
    endloop
  endfacet
  facet normal -1 0 0
    outer loop
      vertex 76.2 0.950001 2.4
      vertex 76.2 2.55 4
      vertex 76.2 2.55 2.4
    endloop
  endfacet
  facet normal -1 -0 0
    outer loop
      vertex 76.2 2.55 4
      vertex 76.2 0.950001 2.4
      vertex 76.2 0.950001 4
    endloop
  endfacet
  facet normal -0 0 1
    outer loop
      vertex 76.2 2.55 4
      vertex 77.8 0.950001 4
      vertex 77.8 2.55 4
    endloop
  endfacet
  facet normal 0 0 1
    outer loop
      vertex 77.8 0.950001 4
      vertex 76.2 2.55 4
      vertex 76.2 0.950001 4
    endloop
  endfacet
  facet normal 1 -0 0
    outer loop
      vertex 77.8 0.950001 4
      vertex 77.8 2.55 0
      vertex 77.8 2.55 4
    endloop
  endfacet
  facet normal 1 0 0
    outer loop
      vertex 77.8 2.55 0
      vertex 77.8 0.950001 4
      vertex 77.8 0.950001 0
    endloop
  endfacet
  facet normal -1 0 0
    outer loop
      vertex 21.7 30.05 0
      vertex 21.7 29.25 2.1
      vertex 21.7 30.05 4
    endloop
  endfacet
  facet normal -1 0 0
    outer loop
      vertex 21.7 28.65 0
      vertex 21.7 29.25 2.1
      vertex 21.7 30.05 0
    endloop
  endfacet
  facet normal -1 -0 0
    outer loop
      vertex 21.7 29.25 2.1
      vertex 21.7 28.65 0
      vertex 21.7 28.65 2.1
    endloop
  endfacet
  facet normal -1 0 0
    outer loop
      vertex 21.7 29.25 3.1
      vertex 21.7 30.05 4
      vertex 21.7 29.25 2.1
    endloop
  endfacet
  facet normal -1 0 0
    outer loop
      vertex 21.7 28.65 3.2
      vertex 21.7 29.25 3.1
      vertex 21.7 28.65 3.1
    endloop
  endfacet
  facet normal -1 0 0
    outer loop
      vertex 21.7 28.45 4
      vertex 21.7 29.25 3.1
      vertex 21.7 28.65 3.2
    endloop
  endfacet
  facet normal -1 0 0
    outer loop
      vertex 21.7 28.45 4
      vertex 21.7 28.65 3.2
      vertex 21.7 28.45 3.2
    endloop
  endfacet
  facet normal -1 0 0
    outer loop
      vertex 21.7 29.25 3.1
      vertex 21.7 28.45 4
      vertex 21.7 30.05 4
    endloop
  endfacet
  facet normal -0 0 1
    outer loop
      vertex 21.7 30.05 4
      vertex 23.3 28.45 4
      vertex 23.3 30.05 4
    endloop
  endfacet
  facet normal 0 0 1
    outer loop
      vertex 23.3 28.45 4
      vertex 21.7 30.05 4
      vertex 21.7 28.45 4
    endloop
  endfacet
  facet normal 1 -0 0
    outer loop
      vertex 23.3 28.45 4
      vertex 23.3 30.05 2.4
      vertex 23.3 30.05 4
    endloop
  endfacet
  facet normal 1 0 0
    outer loop
      vertex 23.3 30.05 2.4
      vertex 23.3 28.45 4
      vertex 23.3 28.45 2.4
    endloop
  endfacet
  facet normal 0 1 0
    outer loop
      vertex 77.8 30.05 4
      vertex 76.2 30.05 2.4
      vertex 76.2 30.05 4
    endloop
  endfacet
  facet normal 0 1 0
    outer loop
      vertex 76.2 30.05 2.4
      vertex 77.8 30.05 0
      vertex 23.3 30.05 2.4
    endloop
  endfacet
  facet normal 0 1 -0
    outer loop
      vertex 77.8 30.05 0
      vertex 76.2 30.05 2.4
      vertex 77.8 30.05 4
    endloop
  endfacet
  facet normal 0 1 -0
    outer loop
      vertex 23.3 30.05 2.4
      vertex 21.7 30.05 4
      vertex 23.3 30.05 4
    endloop
  endfacet
  facet normal 0 1 0
    outer loop
      vertex 23.3 30.05 2.4
      vertex 21.7 30.05 0
      vertex 21.7 30.05 4
    endloop
  endfacet
  facet normal 0 1 0
    outer loop
      vertex 21.7 30.05 0
      vertex 23.3 30.05 2.4
      vertex 77.8 30.05 0
    endloop
  endfacet
  facet normal 0 -1 0
    outer loop
      vertex 67.5 28.45 2.4
      vertex 67.5 28.45 0
      vertex 76.2 28.45 2.4
    endloop
  endfacet
  facet normal 0 -1 0
    outer loop
      vertex 76.2 28.45 2.4
      vertex 77.8 28.45 4
      vertex 76.2 28.45 4
    endloop
  endfacet
  facet normal 0 -1 0
    outer loop
      vertex 76.2 28.45 2.4
      vertex 77.8 28.45 0
      vertex 77.8 28.45 4
    endloop
  endfacet
  facet normal 0 -1 0
    outer loop
      vertex 77.8 28.45 0
      vertex 76.2 28.45 2.4
      vertex 67.5 28.45 0
    endloop
  endfacet
  facet normal 0 -1 0
    outer loop
      vertex 22.5 28.45 3.2
      vertex 21.7 28.45 4
      vertex 21.7 28.45 3.2
    endloop
  endfacet
  facet normal 0 -1 0
    outer loop
      vertex 21.7 28.45 4
      vertex 22.5 28.45 3.2
      vertex 23.3 28.45 4
    endloop
  endfacet
  facet normal 0 -1 0
    outer loop
      vertex 22.5 28.45 3.2
      vertex 23.3 28.45 2.4
      vertex 23.3 28.45 4
    endloop
  endfacet
  facet normal 0 -1 0
    outer loop
      vertex 22.5 28.45 0
      vertex 23.3 28.45 2.4
      vertex 22.5 28.45 3.2
    endloop
  endfacet
  facet normal 0 -1 0
    outer loop
      vertex 59.5 28.45 0
      vertex 23.3 28.45 2.4
      vertex 22.5 28.45 0
    endloop
  endfacet
  facet normal 0 -1 0
    outer loop
      vertex 23.3 28.45 2.4
      vertex 59.5 28.45 0
      vertex 59.5 28.45 2.4
    endloop
  endfacet
  facet normal -1 0 0
    outer loop
      vertex 76.2 28.45 2.4
      vertex 76.2 30.05 4
      vertex 76.2 30.05 2.4
    endloop
  endfacet
  facet normal -1 -0 0
    outer loop
      vertex 76.2 30.05 4
      vertex 76.2 28.45 2.4
      vertex 76.2 28.45 4
    endloop
  endfacet
  facet normal -0 0 1
    outer loop
      vertex 76.2 30.05 4
      vertex 77.8 28.45 4
      vertex 77.8 30.05 4
    endloop
  endfacet
  facet normal 0 0 1
    outer loop
      vertex 77.8 28.45 4
      vertex 76.2 30.05 4
      vertex 76.2 28.45 4
    endloop
  endfacet
  facet normal 1 -0 0
    outer loop
      vertex 77.8 28.45 4
      vertex 77.8 30.05 0
      vertex 77.8 30.05 4
    endloop
  endfacet
  facet normal 1 0 0
    outer loop
      vertex 77.8 30.05 0
      vertex 77.8 28.45 4
      vertex 77.8 28.45 0
    endloop
  endfacet
  facet normal 0 0 1
    outer loop
      vertex 59.5 2.55 2.4
      vertex 23.3 2.55 2.4
      vertex 59.5 1.75 2.4
    endloop
  endfacet
  facet normal 0 0 1
    outer loop
      vertex 67.5 1.75 2.4
      vertex 76.2 2.55 2.4
      vertex 67.5 2.55 2.4
    endloop
  endfacet
  facet normal 0 0 1
    outer loop
      vertex 76.2 2.55 2.4
      vertex 67.5 1.75 2.4
      vertex 76.2 0.950001 2.4
    endloop
  endfacet
  facet normal -0 0 1
    outer loop
      vertex 59.5 1.75 2.4
      vertex 76.2 0.950001 2.4
      vertex 67.5 1.75 2.4
    endloop
  endfacet
  facet normal 0 0 1
    outer loop
      vertex 23.3 0.950001 2.4
      vertex 59.5 1.75 2.4
      vertex 23.3 2.55 2.4
    endloop
  endfacet
  facet normal 0 0 1
    outer loop
      vertex 59.5 1.75 2.4
      vertex 23.3 0.950001 2.4
      vertex 76.2 0.950001 2.4
    endloop
  endfacet
  facet normal 0 0 1
    outer loop
      vertex 76.2 30.05 2.4
      vertex 67.5 29.25 2.4
      vertex 76.2 28.45 2.4
    endloop
  endfacet
  facet normal 0 0 1
    outer loop
      vertex 76.2 30.05 2.4
      vertex 59.5 29.25 2.4
      vertex 67.5 29.25 2.4
    endloop
  endfacet
  facet normal -0 0 1
    outer loop
      vertex 23.3 30.05 2.4
      vertex 59.5 29.25 2.4
      vertex 76.2 30.05 2.4
    endloop
  endfacet
  facet normal 0 0 1
    outer loop
      vertex 23.3 28.45 2.4
      vertex 59.5 29.25 2.4
      vertex 23.3 30.05 2.4
    endloop
  endfacet
  facet normal 0 0 1
    outer loop
      vertex 59.5 29.25 2.4
      vertex 23.3 28.45 2.4
      vertex 59.5 28.45 2.4
    endloop
  endfacet
  facet normal 0 0 1
    outer loop
      vertex 76.2 28.45 2.4
      vertex 67.5 29.25 2.4
      vertex 67.5 28.45 2.4
    endloop
  endfacet
  facet normal 0 0 1
    outer loop
      vertex 25 25.1 3
      vertex 5 23.5 3
      vertex 25 23.5 3
    endloop
  endfacet
  facet normal 0 0 1
    outer loop
      vertex 5 23.5 3
      vertex 3.4 25.1 3
      vertex 5 7.5 3
    endloop
  endfacet
  facet normal -0 0 1
    outer loop
      vertex 3.4 25.1 3
      vertex 5 23.5 3
      vertex 25 25.1 3
    endloop
  endfacet
  facet normal -0 0 1
    outer loop
      vertex 5 7.5 3
      vertex 25 5.9 3
      vertex 25 7.5 3
    endloop
  endfacet
  facet normal 0 0 1
    outer loop
      vertex 5 7.5 3
      vertex 3.4 5.9 3
      vertex 25 5.9 3
    endloop
  endfacet
  facet normal 0 0 1
    outer loop
      vertex 3.4 5.9 3
      vertex 5 7.5 3
      vertex 3.4 25.1 3
    endloop
  endfacet
  facet normal 1 -0 0
    outer loop
      vertex 25 5.9 3
      vertex 25 7.5 1.6
      vertex 25 7.5 3
    endloop
  endfacet
  facet normal 1 0 0
    outer loop
      vertex 25 7.5 1.6
      vertex 25 5.9 3
      vertex 25 5.9 1.6
    endloop
  endfacet
  facet normal 0 -1 0
    outer loop
      vertex 3.4 5.9 3
      vertex 8.19115 5.9 1.6
      vertex 25 5.9 3
    endloop
  endfacet
  facet normal 0 -1 0
    outer loop
      vertex 3.4 5.9 0
      vertex 8.19115 5.9 1.6
      vertex 3.4 5.9 3
    endloop
  endfacet
  facet normal 0 -1 -0
    outer loop
      vertex 8.19115 5.9 1.6
      vertex 3.4 5.9 0
      vertex 8.19115 5.9 0
    endloop
  endfacet
  facet normal 0 -1 -0
    outer loop
      vertex 25 5.9 3
      vertex 8.19115 5.9 1.6
      vertex 25 5.9 1.6
    endloop
  endfacet
  facet normal 1 -0 0
    outer loop
      vertex 25 23.5 3
      vertex 25 25.1 1.6
      vertex 25 25.1 3
    endloop
  endfacet
  facet normal 1 0 0
    outer loop
      vertex 25 25.1 1.6
      vertex 25 23.5 3
      vertex 25 23.5 1.6
    endloop
  endfacet
  facet normal 0 1 0
    outer loop
      vertex 8.19118 25.1 1.6
      vertex 25 25.1 3
      vertex 25 25.1 1.6
    endloop
  endfacet
  facet normal 0 1 0
    outer loop
      vertex 25 25.1 3
      vertex 8.19118 25.1 1.6
      vertex 3.4 25.1 3
    endloop
  endfacet
  facet normal 0 1 0
    outer loop
      vertex 3.4 25.1 0
      vertex 8.19118 25.1 1.6
      vertex 8.19118 25.1 0
    endloop
  endfacet
  facet normal 0 1 0
    outer loop
      vertex 8.19118 25.1 1.6
      vertex 3.4 25.1 0
      vertex 3.4 25.1 3
    endloop
  endfacet
  facet normal 0 -1 0
    outer loop
      vertex 5 23.5 3
      vertex 5.84243 23.5 1.6
      vertex 25 23.5 3
    endloop
  endfacet
  facet normal 0 -1 0
    outer loop
      vertex 5 23.5 0
      vertex 5.84243 23.5 1.6
      vertex 5 23.5 3
    endloop
  endfacet
  facet normal 0 -1 -0
    outer loop
      vertex 5.84243 23.5 1.6
      vertex 5 23.5 0
      vertex 5.84243 23.5 0
    endloop
  endfacet
  facet normal 0 -1 -0
    outer loop
      vertex 25 23.5 3
      vertex 5.84243 23.5 1.6
      vertex 25 23.5 1.6
    endloop
  endfacet
  facet normal -1 0 0
    outer loop
      vertex 3.4 10.6911 0
      vertex 3.4 5.9 0
      vertex 3.4 10.6911 1.6
    endloop
  endfacet
  facet normal -1 0 0
    outer loop
      vertex 3.4 20.3088 1.6
      vertex 3.4 25.1 0
      vertex 3.4 20.3088 0
    endloop
  endfacet
  facet normal -1 0 0
    outer loop
      vertex 3.4 25.1 0
      vertex 3.4 20.3088 1.6
      vertex 3.4 25.1 3
    endloop
  endfacet
  facet normal -1 0 0
    outer loop
      vertex 3.4 10.6911 1.6
      vertex 3.4 25.1 3
      vertex 3.4 20.3088 1.6
    endloop
  endfacet
  facet normal -1 0 0
    outer loop
      vertex 3.4 10.6911 1.6
      vertex 3.4 5.9 3
      vertex 3.4 25.1 3
    endloop
  endfacet
  facet normal -1 0 0
    outer loop
      vertex 3.4 5.9 3
      vertex 3.4 10.6911 1.6
      vertex 3.4 5.9 0
    endloop
  endfacet
endsolid OpenSCAD_Model
